query_idx,query_hash,query_text,rank,neighbor_idx,neighbor_hash,neighbor_label,distance,similarity,rrf_score,rerank_score,retrieval_mode
0,478d2a73e17118f494cfae75a606c3f9ce15476888faffcd8454cfb63c8dd49d,getConsolidationMatrix() returns null,1,5925,17b23416804cde74cca1495a3aa2bb093dea8331d980df8f8f58536335d05951,stop,0.17223948889020546,0.8277605111097945,0.04670343114189457,0.8519245877762638,hybrid_rrf_pgvector
0,478d2a73e17118f494cfae75a606c3f9ce15476888faffcd8454cfb63c8dd49d,getConsolidationMatrix() returns null,2,2011,9d03826d62b98cf1821d23107d83d57ee0143e6e3fe74456520eb352a811410d,stop,0.17223948889020546,0.8277605111097945,0.04529114263053264,0.8519245877762638,hybrid_rrf_pgvector
0,478d2a73e17118f494cfae75a606c3f9ce15476888faffcd8454cfb63c8dd49d,getConsolidationMatrix() returns null,3,5750,9ed033ce5c771a417e47b1f2a9890405b45bfa232290727d259efc0295b8cb4a,pausa,0.17223948889020546,0.8277605111097945,0.046459914611005695,0.8019245877762637,hybrid_rrf_pgvector
0,478d2a73e17118f494cfae75a606c3f9ce15476888faffcd8454cfb63c8dd49d,getConsolidationMatrix() returns null,4,4177,98a2c3f571230b36eaa04da6fb383ffe3adef088e697ecab3725cfb7abfa1e5e,play,0.17223948889020546,0.8277605111097945,0.0460397465437788,0.8019245877762637,hybrid_rrf_pgvector
0,478d2a73e17118f494cfae75a606c3f9ce15476888faffcd8454cfb63c8dd49d,getConsolidationMatrix() returns null,5,3948,1cf224df57d9c9075385daa3a1e14f924775c77112df22e4c702593b0e53de41,play,0.17223948889020546,0.8277605111097945,0.04482184482184482,0.8019245877762637,hybrid_rrf_pgvector
1,aeb86fa31ccaedfbc25152cf6213795ca8ca04f5eced9cc382a7604a6aa46cb3,Implement a way to reset the modelview matrix in Tilt,1,3599,dd888a0cf1f3698bbc8d2b6b38b1b539263f467442e7e2d0f8ee8c99c7771373,pausa,0.0,1.0,0.04767399003253049,1.05,hybrid_rrf_pgvector
1,aeb86fa31ccaedfbc25152cf6213795ca8ca04f5eced9cc382a7604a6aa46cb3,Implement a way to reset the modelview matrix in Tilt,2,3477,90c743a4d003a4ff80820dc0f123af9d22442b4b55354c4c569fe0d734d06f58,pausa,0.0,1.0,0.0471386476426799,1.05,hybrid_rrf_pgvector
1,aeb86fa31ccaedfbc25152cf6213795ca8ca04f5eced9cc382a7604a6aa46cb3,Implement a way to reset the modelview matrix in Tilt,3,1746,7676fec93b184c7fe958dd704d4e97a00e4a17d665f34e306ada29efad7c6da8,pausa,0.0,1.0,0.04669647292598113,1.05,hybrid_rrf_pgvector
1,aeb86fa31ccaedfbc25152cf6213795ca8ca04f5eced9cc382a7604a6aa46cb3,Implement a way to reset the modelview matrix in Tilt,4,3172,d9bb7d677bfa94ecacb6e20096ba33a5bbf52bd563c538de8a0b3edc0ca1edcc,pausa,0.0,1.0,0.046451914098972924,1.05,hybrid_rrf_pgvector
1,aeb86fa31ccaedfbc25152cf6213795ca8ca04f5eced9cc382a7604a6aa46cb3,Implement a way to reset the modelview matrix in Tilt,5,1804,6fedbfb266385b75d358b7499e676a8da3dc84c533e0ead5b450e2d0cb03da9e,play,0.0,1.0,0.04643902077700826,1.0,hybrid_rrf_pgvector
2,607fd62f6c0d64e7f32b5395a78cd019937527ba1dfd21429c3078166cbde8f8,Don't show CDT actions for non-CDT projects,1,1869,6e6c6eecc6338d996a9c801e6fc04aad64340b2c4ac158eacf356e1554094e6b,play,0.09232961156258257,0.9076703884374174,0.048651507139079855,0.9438209467030301,hybrid_rrf_pgvector
2,607fd62f6c0d64e7f32b5395a78cd019937527ba1dfd21429c3078166cbde8f8,Don't show CDT actions for non-CDT projects,2,2448,6595016c10374cb7abada6792d55ef32f7a7b9618571704f28f6e7797bbe144d,pausa,0.09232961156258257,0.9076703884374174,0.048915917503966164,0.89382094670303,hybrid_rrf_pgvector
2,607fd62f6c0d64e7f32b5395a78cd019937527ba1dfd21429c3078166cbde8f8,Don't show CDT actions for non-CDT projects,3,5453,b25b9f830d93f78324e4795de5d68050f8cabb1bfb0090254aabd046728ddc92,play,0.14191514477968592,0.8580848552203141,0.03125,0.8867975835033612,hybrid_rrf_pgvector
2,607fd62f6c0d64e7f32b5395a78cd019937527ba1dfd21429c3078166cbde8f8,Don't show CDT actions for non-CDT projects,4,5178,79c4e2c8606f2930b1508fc0c80e53c6fb08da88edf0e6a3465cb0da52dc5410,stop,0.13794731516703806,0.8620526848329619,0.031746031746031744,0.8413605875579062,hybrid_rrf_pgvector
2,607fd62f6c0d64e7f32b5395a78cd019937527ba1dfd21429c3078166cbde8f8,Don't show CDT actions for non-CDT projects,5,490,315c2a9927bdd85493bcdc922f5416948e0aa09c838037dc12cb098eb2a6d1ec,stop,0.18865446485985937,0.8113455351401406,0.04526198439241918,0.7830473654111617,hybrid_rrf_pgvector
3,881a7c9131943ddf21948ee1fb82a690649553ea1d357c119c99bd0e238e95c7,test_hover fails with integrated view manager hierarchies,1,5752,32c969572241d34f4b913632e8dedae0076c0b17ef2c119e03dc4162d21874c3,pausa,0.2422088725816276,0.7577911274183724,0.031054405392392875,0.7714597965311283,hybrid_rrf_pgvector
3,881a7c9131943ddf21948ee1fb82a690649553ea1d357c119c99bd0e238e95c7,test_hover fails with integrated view manager hierarchies,2,2157,a7505037f3b9d3a7cb1f9fcc268286d128d20c32021ec5a335cc44d2bcf8d59b,play,0.2422088725816276,0.7577911274183724,0.032018442622950824,0.7214597965311282,hybrid_rrf_pgvector
3,881a7c9131943ddf21948ee1fb82a690649553ea1d357c119c99bd0e238e95c7,test_hover fails with integrated view manager hierarchies,3,2383,5995801ad6151231c4370a0df3e02b058ca0d3e7f6f764d9dc29eaf621922e27,stop,0.2422088725816276,0.7577911274183724,0.031754032258064516,0.7214597965311282,hybrid_rrf_pgvector
3,881a7c9131943ddf21948ee1fb82a690649553ea1d357c119c99bd0e238e95c7,test_hover fails with integrated view manager hierarchies,4,2349,15637992305cc3ec01d2f54aa288dc39a719f59697a3c54c6cb63038e290683f,play,0.2422088725816276,0.7577911274183724,0.03125763125763126,0.7214597965311282,hybrid_rrf_pgvector
3,881a7c9131943ddf21948ee1fb82a690649553ea1d357c119c99bd0e238e95c7,test_hover fails with integrated view manager hierarchies,5,2481,5dd09ce9581feed6addf8346fc61fa7d76fe13d9a45e67c326642a2164bae660,play,0.2422088725816276,0.7577911274183724,0.031099324975891997,0.7214597965311282,hybrid_rrf_pgvector
4,fff9440a43b6206fd15f63dcb88c2d745a567a1431953592355bae4ffcd005ef,[pdf.js] Accented characters are not displayed,1,5165,d78a5eea657be560786e1ad50fa6202e515d3771437125c962d12378ba039488,pausa,0.059445043939389874,0.9405549560606101,0.03278688524590164,0.9816381994697017,hybrid_rrf_pgvector
4,fff9440a43b6206fd15f63dcb88c2d745a567a1431953592355bae4ffcd005ef,[pdf.js] Accented characters are not displayed,2,4942,cd17b43786e66282d87f7317659ee46bb9df245b7cdf4e7f0a8edbfe3227633b,pausa,0.09859494120099221,0.9014050587990078,0.048651507139079855,0.936615817618859,hybrid_rrf_pgvector
4,fff9440a43b6206fd15f63dcb88c2d745a567a1431953592355bae4ffcd005ef,[pdf.js] Accented characters are not displayed,3,5786,372685ff0ebb2573ec69523d6e317801670b0cabc6474701fa8f595174392324,pausa,0.13048696027093576,0.8695130397290642,0.04787506400409626,0.899939995688424,hybrid_rrf_pgvector
4,fff9440a43b6206fd15f63dcb88c2d745a567a1431953592355bae4ffcd005ef,[pdf.js] Accented characters are not displayed,4,922,f52d7af9ec843c7a29ec9dea8bfb268c16feb692fb749bd0fc32d3df0935a26f,stop,0.13048696027093576,0.8695130397290642,0.04712301587301587,0.8499399956884239,hybrid_rrf_pgvector
4,fff9440a43b6206fd15f63dcb88c2d745a567a1431953592355bae4ffcd005ef,[pdf.js] Accented characters are not displayed,5,2686,d17e156f7a1de55115eb24928fb33141ec736c94eee04484f760f036257644f0,play,0.26877143706376105,0.731228562936239,0.03076923076923077,0.6909128473766748,hybrid_rrf_pgvector
5,5ab7a93ef41a0885cc1f9db0bfa0bbfd2ed2cd2af755be0dd113ed9929efd60c,Configurated policies are ignored,1,5542,d7a449d555eebbe0988f706bf2c20ce3a3a806d081cf9071096b5e3a291440ac,pausa,0.0,1.0,0.04918032786885246,1.05,hybrid_rrf_pgvector
5,5ab7a93ef41a0885cc1f9db0bfa0bbfd2ed2cd2af755be0dd113ed9929efd60c,Configurated policies are ignored,2,3395,aa35bb8889bb8325d853ffa9cffa950afe1ae1519365d2366ea532eaf150adcf,pausa,0.0,1.0,0.04838709677419355,1.05,hybrid_rrf_pgvector
5,5ab7a93ef41a0885cc1f9db0bfa0bbfd2ed2cd2af755be0dd113ed9929efd60c,Configurated policies are ignored,3,249,2437248c3f7ce0789ac7efec716579548d07cb47564882192f5fe98fd8f93b8c,pausa,0.062439700928817565,0.9375602990711824,0.047619047619047616,0.9781943439318599,hybrid_rrf_pgvector
5,5ab7a93ef41a0885cc1f9db0bfa0bbfd2ed2cd2af755be0dd113ed9929efd60c,Configurated policies are ignored,4,4610,71e83494c2214be3f280bfb41945a46d770b3ff8e4d1ddb7e9ec217deb6dc45b,play,0.08734747781444452,0.9126525221855555,0.03125,0.8995504005133887,hybrid_rrf_pgvector
5,5ab7a93ef41a0885cc1f9db0bfa0bbfd2ed2cd2af755be0dd113ed9929efd60c,Configurated policies are ignored,5,1470,10ab4615cc00f11ed257f55b6870eb0874ce8f2055b6a2722bdd40c734c13886,play,0.15950295035399742,0.8404970496460026,0.045235361653272105,0.816571607092903,hybrid_rrf_pgvector
6,fd1c677944f8ca72edd4816125e8b3f42a12a6a5e49923f3e40e3e13a73803bb,Segfault when closing content assist additional info,1,4589,beb7ad5efcf2599e9fd5d161a146540979fde981a3e3929c501567cfb5d2cc32,pausa,0.0934720712134014,0.9065279287865986,0.047492767598842814,0.9425071181045884,hybrid_rrf_pgvector
6,fd1c677944f8ca72edd4816125e8b3f42a12a6a5e49923f3e40e3e13a73803bb,Segfault when closing content assist additional info,2,4509,57dc8a67841e90b0b5607dc843bb0f074ae07658cfefbf312efaca5c8835d99f,pausa,0.0934720712134014,0.9065279287865986,0.04675081813931744,0.9425071181045884,hybrid_rrf_pgvector
6,fd1c677944f8ca72edd4816125e8b3f42a12a6a5e49923f3e40e3e13a73803bb,Segfault when closing content assist additional info,3,4080,351b0783a75557446a64f20d0e19bad8a93b09f2fe5602b138d00f0cdcba65c5,pausa,0.12812537858705753,0.8718746214129425,0.047891458495966696,0.9026558146248839,hybrid_rrf_pgvector
6,fd1c677944f8ca72edd4816125e8b3f42a12a6a5e49923f3e40e3e13a73803bb,Segfault when closing content assist additional info,4,2575,9f351728589e61b671acce85128c73625f555501ffc0ae90c8dd79a64e1bc2c7,pausa,0.12812537858705753,0.8718746214129425,0.04688263125763126,0.9026558146248839,hybrid_rrf_pgvector
6,fd1c677944f8ca72edd4816125e8b3f42a12a6a5e49923f3e40e3e13a73803bb,Segfault when closing content assist additional info,5,2132,45aa56c6e9cdca2c426a61febc7ac9c3784cadb206ffa5948e69340875b14022,play,0.12812537858705753,0.8718746214129425,0.04738666351569577,0.8526558146248838,hybrid_rrf_pgvector
7,b390dac64689b86287ca627efa07e6a3368c0dd9d6f4d653e1786d353455e693,JSOP_IN doesn't intern its id,1,5629,2ac647f374a687301bd591642b7ea15256f39dacf787b773cbb1954cc166ae22,pausa,0.12978421299757048,0.8702157870024295,0.048915917503966164,0.900748155052794,hybrid_rrf_pgvector
7,b390dac64689b86287ca627efa07e6a3368c0dd9d6f4d653e1786d353455e693,JSOP_IN doesn't intern its id,2,5813,b49fa1d8a3010b2a5c91d7095dbae05998d4f15404a0c769f058c2559496de49,pausa,0.18350775757307447,0.8164922424269255,0.04595588235294118,0.8389660787909644,hybrid_rrf_pgvector
7,b390dac64689b86287ca627efa07e6a3368c0dd9d6f4d653e1786d353455e693,JSOP_IN doesn't intern its id,3,5916,30cc68a9e92b0abb3bac3e3255b47e75d94910977e6fb4a7feab6e2dba578d14,pausa,0.18350775757307447,0.8164922424269255,0.03149801587301587,0.8389660787909644,hybrid_rrf_pgvector
7,b390dac64689b86287ca627efa07e6a3368c0dd9d6f4d653e1786d353455e693,JSOP_IN doesn't intern its id,4,5170,6a28304938086b5e1d72254c6a872a502a71ca142412213c99566da29f074bd1,play,0.17635975646033097,0.823640243539669,0.048651507139079855,0.7971862800706194,hybrid_rrf_pgvector
7,b390dac64689b86287ca627efa07e6a3368c0dd9d6f4d653e1786d353455e693,JSOP_IN doesn't intern its id,5,5795,6feef2e576e22294c2695a13af00493d612798924ead4811993aac3967f95495,stop,0.18350775757307447,0.8164922424269255,0.04640914640914641,0.7889660787909644,hybrid_rrf_pgvector
8,e384ddf22c5d721b122840a3fa47ed3273224311d0ac50049764191ee521ddce,Intel Mac should be detected as Hardware: PC rather than Hardware: Mac,1,4787,004219f19332dd5ca632f47fc0ac2391281026c06432734787b8b6369b050a19,pausa,0.0,1.0,0.048131080389144903,1.05,hybrid_rrf_pgvector
8,e384ddf22c5d721b122840a3fa47ed3273224311d0ac50049764191ee521ddce,Intel Mac should be detected as Hardware: PC rather than Hardware: Mac,2,5568,b039f0314412bbcfc2086d775dbcd469a8c990e2a45be224c0aa01281b5492b3,pausa,0.0,1.0,0.047712258380229994,1.05,hybrid_rrf_pgvector
8,e384ddf22c5d721b122840a3fa47ed3273224311d0ac50049764191ee521ddce,Intel Mac should be detected as Hardware: PC rather than Hardware: Mac,3,4082,1b624cb9dd561aaaf7ace7304424f977c8dea17266c5936ab01ee64c834accfe,pausa,0.0,1.0,0.04689826302729529,1.05,hybrid_rrf_pgvector
8,e384ddf22c5d721b122840a3fa47ed3273224311d0ac50049764191ee521ddce,Intel Mac should be detected as Hardware: PC rather than Hardware: Mac,4,4291,8bdd32908959a6da7d1808a8ecda742b56d159e70921b53b695a5ce7a020780f,pausa,0.0,1.0,0.046875,1.05,hybrid_rrf_pgvector
8,e384ddf22c5d721b122840a3fa47ed3273224311d0ac50049764191ee521ddce,Intel Mac should be detected as Hardware: PC rather than Hardware: Mac,5,4586,1bdbccbde9930a338945743e82a2057359baf78a9cff06a925e4e5ba5f2f9ea9,stop,0.0,1.0,0.046897546897546896,1.0,hybrid_rrf_pgvector
9,5ab950c28271405134884512dcb4c94c2953dc2ed29fee2b1bdec641108bdc11,[Min/Max] Adding a legacy fast view with a maximized part puts the view in the wrong stack,1,3657,79ab82aec891c802abeabe986018985a9ea91874e1396e32bf8508c3245349ba,play,0.09354497488665481,0.9064550251133452,0.045028884159318945,0.942423278880347,hybrid_rrf_pgvector
9,5ab950c28271405134884512dcb4c94c2953dc2ed29fee2b1bdec641108bdc11,[Min/Max] Adding a legacy fast view with a maximized part puts the view in the wrong stack,2,3962,7974aff7e8edc3a8da2313aa3dbe7ae5ee37cbde5ee416f49dd44a07c86cf14f,play,0.09354497488665481,0.9064550251133452,0.031009615384615385,0.942423278880347,hybrid_rrf_pgvector
9,5ab950c28271405134884512dcb4c94c2953dc2ed29fee2b1bdec641108bdc11,[Min/Max] Adding a legacy fast view with a maximized part puts the view in the wrong stack,3,4877,6c76cfdc86a914e347c80b5d0f3e5fb6197a3c0a97faf90cd191c27c724f8fde,pausa,0.09354497488665481,0.9064550251133452,0.04767399003253049,0.892423278880347,hybrid_rrf_pgvector
9,5ab950c28271405134884512dcb4c94c2953dc2ed29fee2b1bdec641108bdc11,[Min/Max] Adding a legacy fast view with a maximized part puts the view in the wrong stack,4,4595,2a3b174288b26ae775ea61808b58ab1eaf936da357f930b3184b7120791d3183,pausa,0.09354497488665481,0.9064550251133452,0.0315136476426799,0.892423278880347,hybrid_rrf_pgvector
9,5ab950c28271405134884512dcb4c94c2953dc2ed29fee2b1bdec641108bdc11,[Min/Max] Adding a legacy fast view with a maximized part puts the view in the wrong stack,5,4170,e529a1a9f6f9e2abf2c76a70ac5b4df5d5de624f21dcf7c519846e847f02dcf6,pausa,0.09354497488665481,0.9064550251133452,0.030776515151515152,0.892423278880347,hybrid_rrf_pgvector
10,22faac5ccc71e10c3cb70f96971537659fa82ba23b7c4238d0033aae3f75bc31,Generated equals() invalid if there's an 'Object' class in scope,1,3834,0a670cdebeafe214de8ecba7e9f8942eb96f1e0e8fd683d95cdf0aa7f3f1c160,play,0.12768636334353767,0.8723136366564623,0.03278688524590164,0.9031606821549317,hybrid_rrf_pgvector
10,22faac5ccc71e10c3cb70f96971537659fa82ba23b7c4238d0033aae3f75bc31,Generated equals() invalid if there's an 'Object' class in scope,2,349,8511b2bfd3ed3ec5996490dae048132e050dd6f3fb30300c410daa366751304a,play,0.13271789165574843,0.8672821083442516,0.048651507139079855,0.8973744245958893,hybrid_rrf_pgvector
10,22faac5ccc71e10c3cb70f96971537659fa82ba23b7c4238d0033aae3f75bc31,Generated equals() invalid if there's an 'Object' class in scope,3,3473,7902d319c72cb3cf57140c796de91571c807ae777ddc6ebf881c0536ae9e3419,play,0.15894413628294568,0.8410558637170543,0.044362602571557795,0.8672142432746125,hybrid_rrf_pgvector
10,22faac5ccc71e10c3cb70f96971537659fa82ba23b7c4238d0033aae3f75bc31,Generated equals() invalid if there's an 'Object' class in scope,4,4657,5420a5dce56f27dc43a816dcef51965833d748b5e96e768bf488271b7d8ce468,pausa,0.15894413628294568,0.8410558637170543,0.031746031746031744,0.8172142432746125,hybrid_rrf_pgvector
10,22faac5ccc71e10c3cb70f96971537659fa82ba23b7c4238d0033aae3f75bc31,Generated equals() invalid if there's an 'Object' class in scope,5,4252,5e75ae30f93f4ee80766ff9aac21444a206270c0416d9b7443d302ece90b6958,stop,0.15894413628294568,0.8410558637170543,0.03125,0.8172142432746125,hybrid_rrf_pgvector
11,891204e5d79a672b85bf91ddd9e44998aee086e03b249c861d577cac64257e43,TI: [infer failure] Missing type in object #2 toString: string,1,3988,3929c8011533282004d84ee92bce9c67498035e4edeacf0cd003f3f9bd36798b,stop,0.039034523528898246,0.9609654764711018,0.04865990111891752,1.005110297941767,hybrid_rrf_pgvector
11,891204e5d79a672b85bf91ddd9e44998aee086e03b249c861d577cac64257e43,TI: [infer failure] Missing type in object #2 toString: string,2,3760,97b17964d27c7dda3a948f97193b1185106116bffa6ea7e5fb17e08bae0ba7f6,stop,0.0400066738217737,0.9599933261782263,0.04788306451612903,1.0039923251049603,hybrid_rrf_pgvector
11,891204e5d79a672b85bf91ddd9e44998aee086e03b249c861d577cac64257e43,TI: [infer failure] Missing type in object #2 toString: string,3,2992,d975ade6d95312a7164ae6b5ed99808253d347aa09480e42cdd5bbc2106597cc,stop,0.06309656745881753,0.9369034325411825,0.04813947436898257,0.9774389474223599,hybrid_rrf_pgvector
11,891204e5d79a672b85bf91ddd9e44998aee086e03b249c861d577cac64257e43,TI: [infer failure] Missing type in object #2 toString: string,4,4425,36fedb91c4872d1c4f62f64d0d9cf2a15478a0c3ff10b0d45bf4346c1e4fc56a,stop,0.08203279728847723,0.9179672027115228,0.047379032258064516,0.9556622831182512,hybrid_rrf_pgvector
11,891204e5d79a672b85bf91ddd9e44998aee086e03b249c861d577cac64257e43,TI: [infer failure] Missing type in object #2 toString: string,5,2395,e41ca33c626a31fb380feadf14cf690dc6a0959f38a10fb86a2205ff8976477d,stop,0.16979004140897125,0.8302099585910288,0.044563279857397504,0.8547414523796831,hybrid_rrf_pgvector
12,b338ffcee9fc1b5900f6ceb469f1ae79c3bd706624c0fd475135ae3e8505de61,Clothes are tigered in Google Bodybrowser using ANGLE,1,0,737a8c586e01a3db3f0e7f8cdf0146c83a33197e8d2e8f1ab813f7fbb5ddbbae,play,1.0,0.0,0.03278688524590164,-0.09999999999999999,hybrid_rrf_pgvector
12,b338ffcee9fc1b5900f6ceb469f1ae79c3bd706624c0fd475135ae3e8505de61,Clothes are tigered in Google Bodybrowser using ANGLE,2,2,50f50c77354314a73686fd77a1e2c3b3b4b8a48d5bbfdc5391409e149234c098,play,1.0,0.0,0.031746031746031744,-0.09999999999999999,hybrid_rrf_pgvector
12,b338ffcee9fc1b5900f6ceb469f1ae79c3bd706624c0fd475135ae3e8505de61,Clothes are tigered in Google Bodybrowser using ANGLE,3,1,7175846e309b39507fa4c4cfa3ee674c5626208653c00dcf439122eea5f9aec0,pausa,1.0,0.0,0.03225806451612903,-0.15,hybrid_rrf_pgvector
12,b338ffcee9fc1b5900f6ceb469f1ae79c3bd706624c0fd475135ae3e8505de61,Clothes are tigered in Google Bodybrowser using ANGLE,4,3,08db3dc49103c8ccfff8b8dd59d2b8fa79ebca6f181aec85d18c2d9e440dc33f,pausa,1.0,0.0,0.03125,-0.15,hybrid_rrf_pgvector
12,b338ffcee9fc1b5900f6ceb469f1ae79c3bd706624c0fd475135ae3e8505de61,Clothes are tigered in Google Bodybrowser using ANGLE,5,4,c020e3e61c72b8025cbdaa2c813ae36f00080d2900b13a19128931d6d15dd411,stop,1.0,0.0,0.03076923076923077,-0.15,hybrid_rrf_pgvector
13,b6f500f006ded41d74c32e874f55c87ea27a83cae1066ba78051ecad7845b3b5,lots of plugin-related file IO,1,1009,0aa9684214823ca1d62b11e2ad0234ef3597aef339ef9057e162c5fd8f0e5a47,pausa,0.10623117159112228,0.8937688284088777,0.04918032786885246,0.9278341526702094,hybrid_rrf_pgvector
13,b6f500f006ded41d74c32e874f55c87ea27a83cae1066ba78051ecad7845b3b5,lots of plugin-related file IO,2,1317,4b07eb031a4d6608cae0d9128cd929cfe8356d209992b3934ef13df1e2130882,pausa,0.1497438096288347,0.8502561903711653,0.044136460554371,0.8777946189268401,hybrid_rrf_pgvector
13,b6f500f006ded41d74c32e874f55c87ea27a83cae1066ba78051ecad7845b3b5,lots of plugin-related file IO,3,3648,4f3984e58836d7a0c6264e25c792f7354a579500bff4d36b68e93181a259521e,pausa,0.1497438096288347,0.8502561903711653,0.03225806451612903,0.8777946189268401,hybrid_rrf_pgvector
13,b6f500f006ded41d74c32e874f55c87ea27a83cae1066ba78051ecad7845b3b5,lots of plugin-related file IO,4,1327,d0975ddc01cf48bda8f798e60d40db72f97594c709f0d78a2e297a7350475152,play,0.1497438096288347,0.8502561903711653,0.04526926877470356,0.82779461892684,hybrid_rrf_pgvector
13,b6f500f006ded41d74c32e874f55c87ea27a83cae1066ba78051ecad7845b3b5,lots of plugin-related file IO,5,3539,d05e95d77ad520e094cf6635fccd2f1eb72ecb6aedd72f0ed47b3e2897135610,play,0.1497438096288347,0.8502561903711653,0.03057889822595705,0.82779461892684,hybrid_rrf_pgvector
14,d1b96f0d8ecd18d908936f641166c3e5b797763ca4a64ca856f130be54938059,Investigate why offlinecache triggers writes when reading from the cache,1,4706,1f96e5d2dbec9ae7d398906c643396c98359fa0c5ced8b53bfcde437f4980244,pausa,0.09783308516727973,0.9021669148327203,0.04865990111891752,0.9374919520576284,hybrid_rrf_pgvector
14,d1b96f0d8ecd18d908936f641166c3e5b797763ca4a64ca856f130be54938059,Investigate why offlinecache triggers writes when reading from the cache,2,4923,b1c730e1b9bf99b447bf68536730e236270c595f3e9922b445aa92cd083ba480,pausa,0.11027785250369004,0.88972214749631,0.04788306451612903,0.9231804696207565,hybrid_rrf_pgvector
14,d1b96f0d8ecd18d908936f641166c3e5b797763ca4a64ca856f130be54938059,Investigate why offlinecache triggers writes when reading from the cache,3,5113,04b4b487fd77a4e445636da80a476715bd1de5aab717cc1475435b96e66446eb,pausa,0.1385365819693002,0.8614634180306998,0.04813947436898257,0.8906829307353048,hybrid_rrf_pgvector
14,d1b96f0d8ecd18d908936f641166c3e5b797763ca4a64ca856f130be54938059,Investigate why offlinecache triggers writes when reading from the cache,4,3003,eb232c5cf9917e7ac52f93318f2a096e430e27c689784154f1120e2e759091a1,pausa,0.15278213376711547,0.8472178662328845,0.030776515151515152,0.8743005461678173,hybrid_rrf_pgvector
14,d1b96f0d8ecd18d908936f641166c3e5b797763ca4a64ca856f130be54938059,Investigate why offlinecache triggers writes when reading from the cache,5,4861,4f35fba0953af158306c34dcc7b7a6823a0bf7b653bc50056b075aa7d03164f8,pausa,0.15278213376711547,0.8472178662328845,0.03076923076923077,0.8743005461678173,hybrid_rrf_pgvector
15,a8f390c58560a8790d29008b21c3d1efd960c61c3185a95cd91f831f1803eb54,"[SeaMonkey, Linux] ""TEST-UNEXPECTED-FAIL | jit_test.py [...] basic/testRegExpTest.js: ==3623=="" (and more)",1,4205,d9bcbdec1518f4fb8382dbe80f364bec52e2520154417a05c8199176af7c06c1,pausa,0.0341069590501194,0.9658930409498806,0.04918032786885246,1.0107769970923626,hybrid_rrf_pgvector
15,a8f390c58560a8790d29008b21c3d1efd960c61c3185a95cd91f831f1803eb54,"[SeaMonkey, Linux] ""TEST-UNEXPECTED-FAIL | jit_test.py [...] basic/testRegExpTest.js: ==3623=="" (and more)",2,208,9c1c1eb18cdcbddd1f13c5179d6ea1a95eec02c9b77730ee7de4ce3217883d8d,pausa,0.06300355339551345,0.9369964466044866,0.04764267990074442,0.9775459135951596,hybrid_rrf_pgvector
15,a8f390c58560a8790d29008b21c3d1efd960c61c3185a95cd91f831f1803eb54,"[SeaMonkey, Linux] ""TEST-UNEXPECTED-FAIL | jit_test.py [...] basic/testRegExpTest.js: ==3623=="" (and more)",3,5010,2cd497a12c85a314351d58eddcc7afa30de6a3acab08a9fa52394cfce9311fd7,pausa,0.10164634362914837,0.8983536563708516,0.031746031746031744,0.9331067048264794,hybrid_rrf_pgvector
15,a8f390c58560a8790d29008b21c3d1efd960c61c3185a95cd91f831f1803eb54,"[SeaMonkey, Linux] ""TEST-UNEXPECTED-FAIL | jit_test.py [...] basic/testRegExpTest.js: ==3623=="" (and more)",4,1226,f6486da5203b9c7140b30b8f7f8e2328a397ba84914ec801359153d722deae1b,pausa,0.12895997242192914,0.8710400275780709,0.04712301587301587,0.9016960317147815,hybrid_rrf_pgvector
15,a8f390c58560a8790d29008b21c3d1efd960c61c3185a95cd91f831f1803eb54,"[SeaMonkey, Linux] ""TEST-UNEXPECTED-FAIL | jit_test.py [...] basic/testRegExpTest.js: ==3623=="" (and more)",5,3839,0d2066478d0946c904c241c169bad533e89e7588530b114054e28c5c672e1b4a,pausa,0.16423460418304314,0.8357653958169569,0.04547574626865672,0.8611302051895005,hybrid_rrf_pgvector
16,273d28147f5877244923e2b1e468eb4f672d700397b704b76c9b90f0879c040c,Progress dialog does not properly close on Leopard,1,4976,0af4b1f88c4e83b6b0523f57dbb515546519377cec7fb975eddd109bed758095,pausa,0.020401238128742172,0.9795987618712578,0.048915917503966164,0.9765385761519465,hybrid_rrf_pgvector
16,273d28147f5877244923e2b1e468eb4f672d700397b704b76c9b90f0879c040c,Progress dialog does not properly close on Leopard,2,4581,db22410da1a9fcaf55bd23bd42a82c20c8c1eada214f62f7b464b73bc03ddb6e,play,0.07428746080837034,0.9257125391916297,0.04764267990074442,0.9645694200703742,hybrid_rrf_pgvector
16,273d28147f5877244923e2b1e468eb4f672d700397b704b76c9b90f0879c040c,Progress dialog does not properly close on Leopard,3,4333,c7c8139dcd50a95530214d26cb0f21c287bda94c04daba4847ea2d71f5668150,play,0.0862377193345073,0.9137622806654927,0.047371031746031744,0.9508266227653166,hybrid_rrf_pgvector
16,273d28147f5877244923e2b1e468eb4f672d700397b704b76c9b90f0879c040c,Progress dialog does not properly close on Leopard,4,3192,a4f3399a04903c2387b4ddd966df2713b139582f54e4b0f2ca158e67aad972cc,play,0.09185982902134948,0.9081401709786505,0.047643442622950824,0.9443611966254482,hybrid_rrf_pgvector
16,273d28147f5877244923e2b1e468eb4f672d700397b704b76c9b90f0879c040c,Progress dialog does not properly close on Leopard,5,3170,7987b77a0c5475e1fed8f64d4eaa2fb250920aae7b3b91420ee66562fafe7990,play,0.10380845475642131,0.8961915452435787,0.044583251360744966,0.9306202770301155,hybrid_rrf_pgvector
17,6f8204499e80d326addffd697cd2de00a211b74b4f603f999d5d79ae419a0cc5,"""Assertion failure: hasFunction(),"" with sharps",1,787,bd69d599ea26489177659ac73ca4e28babda342232722db4a6acb27478176d27,stop,-2.220446049250313e-16,1.0000000000000002,0.03128054740957967,1.0500000000000003,hybrid_rrf_pgvector
17,6f8204499e80d326addffd697cd2de00a211b74b4f603f999d5d79ae419a0cc5,"""Assertion failure: hasFunction(),"" with sharps",2,2243,cc42012f4b8784ee7b1df8172516f59875609f72fffc3ac96101f1458d229bdd,stop,-2.220446049250313e-16,1.0000000000000002,0.030776515151515152,1.0500000000000003,hybrid_rrf_pgvector
17,6f8204499e80d326addffd697cd2de00a211b74b4f603f999d5d79ae419a0cc5,"""Assertion failure: hasFunction(),"" with sharps",3,5528,930b8c6ba468c3978cb95b6e8ea6ef2d1d2c9582d81198678ae7921686ab533d,stop,-2.220446049250313e-16,1.0000000000000002,0.03007688828584351,1.0500000000000003,hybrid_rrf_pgvector
17,6f8204499e80d326addffd697cd2de00a211b74b4f603f999d5d79ae419a0cc5,"""Assertion failure: hasFunction(),"" with sharps",4,847,5acdb0f40d758253596208d048e23ebd2d58d36589b2abc6084d7e68654fb050,stop,-2.220446049250313e-16,1.0000000000000002,0.01639344262295082,1.0500000000000003,hybrid_rrf_pgvector
17,6f8204499e80d326addffd697cd2de00a211b74b4f603f999d5d79ae419a0cc5,"""Assertion failure: hasFunction(),"" with sharps",5,5270,5719b42d193579fd1623e58b8d530d8286040b714dadd86ffe2c392846fbc239,stop,-2.220446049250313e-16,1.0000000000000002,0.01639344262295082,1.0500000000000003,hybrid_rrf_pgvector
18,5d6d127b60e15cf454b53ab11f82a87670b61e0214fcbe5c4c4b039d607d9af8,Anything getting focus inside a repeat row should change index,1,3432,49f68faeeef481d6def326018a5fa33388a13be0d694734ad7b940be9b45c8a6,pausa,0.0307619490688833,0.9692380509311167,0.045054945054945054,1.0146237585707842,hybrid_rrf_pgvector
18,5d6d127b60e15cf454b53ab11f82a87670b61e0214fcbe5c4c4b039d607d9af8,Anything getting focus inside a repeat row should change index,2,5265,6b2070b0d64dd941f1876cc557103a08b643f9f25d646d92f0dcaca8ddb5bcfe,play,0.0307619490688833,0.9692380509311167,0.04839549075403121,0.9646237585707842,hybrid_rrf_pgvector
18,5d6d127b60e15cf454b53ab11f82a87670b61e0214fcbe5c4c4b039d607d9af8,Anything getting focus inside a repeat row should change index,3,1636,06877ed0098d149a6d93c27cd6947c942c6320439de94c2b58d3b5a4883cd716,play,0.0307619490688833,0.9692380509311167,0.04500226142017187,0.9646237585707842,hybrid_rrf_pgvector
18,5d6d127b60e15cf454b53ab11f82a87670b61e0214fcbe5c4c4b039d607d9af8,Anything getting focus inside a repeat row should change index,4,1644,925bbf18da665ea97608c11fb38f567f5912a7a8e7c8a58e9c09a45a0100ca60,play,0.0307619490688833,0.9692380509311167,0.044782770638784684,0.9646237585707842,hybrid_rrf_pgvector
18,5d6d127b60e15cf454b53ab11f82a87670b61e0214fcbe5c4c4b039d607d9af8,Anything getting focus inside a repeat row should change index,5,1127,436537978e65f9cf8f75645ea595461a4f38b5313ec086373468ecc4f72a6e3f,play,0.0307619490688833,0.9692380509311167,0.044563279857397504,0.9646237585707842,hybrid_rrf_pgvector
19,7464ceba6c66c69efc4e2a582a313e6949930137b2554321dcb0d95ca8467c10,[@ CSSLoaderImpl::SheetComplete - ... CSSLoaderImpl::SheetComplete],1,0,737a8c586e01a3db3f0e7f8cdf0146c83a33197e8d2e8f1ab813f7fbb5ddbbae,play,1.0,0.0,0.03278688524590164,-0.09999999999999999,hybrid_rrf_pgvector
19,7464ceba6c66c69efc4e2a582a313e6949930137b2554321dcb0d95ca8467c10,[@ CSSLoaderImpl::SheetComplete - ... CSSLoaderImpl::SheetComplete],2,2,50f50c77354314a73686fd77a1e2c3b3b4b8a48d5bbfdc5391409e149234c098,play,1.0,0.0,0.031746031746031744,-0.09999999999999999,hybrid_rrf_pgvector
19,7464ceba6c66c69efc4e2a582a313e6949930137b2554321dcb0d95ca8467c10,[@ CSSLoaderImpl::SheetComplete - ... CSSLoaderImpl::SheetComplete],3,1,7175846e309b39507fa4c4cfa3ee674c5626208653c00dcf439122eea5f9aec0,pausa,1.0,0.0,0.03225806451612903,-0.15,hybrid_rrf_pgvector
19,7464ceba6c66c69efc4e2a582a313e6949930137b2554321dcb0d95ca8467c10,[@ CSSLoaderImpl::SheetComplete - ... CSSLoaderImpl::SheetComplete],4,3,08db3dc49103c8ccfff8b8dd59d2b8fa79ebca6f181aec85d18c2d9e440dc33f,pausa,1.0,0.0,0.03125,-0.15,hybrid_rrf_pgvector
19,7464ceba6c66c69efc4e2a582a313e6949930137b2554321dcb0d95ca8467c10,[@ CSSLoaderImpl::SheetComplete - ... CSSLoaderImpl::SheetComplete],5,4,c020e3e61c72b8025cbdaa2c813ae36f00080d2900b13a19128931d6d15dd411,stop,1.0,0.0,0.03076923076923077,-0.15,hybrid_rrf_pgvector
20,7d68bec9a29b5d4c54101ba60f25e99d000774882359641a0e8eca4626578fd9,renaming a project prompts for deleting launch configs,1,2680,91ff70e6eb3ae040e9b49e313ffdb5de6c720d56943ce731f6a39b92b03b11b0,pausa,0.10612002329666881,0.8938799767033312,0.03278688524590164,0.9279619732088309,hybrid_rrf_pgvector
20,7d68bec9a29b5d4c54101ba60f25e99d000774882359641a0e8eca4626578fd9,renaming a project prompts for deleting launch configs,2,3607,18c80ddb35182793504b113cc6b3b1b008d3abdc0d2206831d68438201e9b99f,pausa,0.11540875013757312,0.8845912498624269,0.048651507139079855,0.9172799373417909,hybrid_rrf_pgvector
20,7d68bec9a29b5d4c54101ba60f25e99d000774882359641a0e8eca4626578fd9,renaming a project prompts for deleting launch configs,3,3358,a2ade7a2a927ed066de720275cf92d8589b553893b4db41b34bfede5c4dbc3fa,pausa,0.13923673463127062,0.8607632653687294,0.04713064713064713,0.8898777551740389,hybrid_rrf_pgvector
20,7d68bec9a29b5d4c54101ba60f25e99d000774882359641a0e8eca4626578fd9,renaming a project prompts for deleting launch configs,4,1061,d1a7317a3c5da41f46a832b65c7a73f2871ecec1eabff097cf7a5c049a5667da,play,0.13923673463127062,0.8607632653687294,0.046875,0.8398777551740388,hybrid_rrf_pgvector
20,7d68bec9a29b5d4c54101ba60f25e99d000774882359641a0e8eca4626578fd9,renaming a project prompts for deleting launch configs,5,710,89c7b347dcd9e2c7b4763cf54dc78086677d3d0bf8752edb4c80c712d00ffde9,stop,0.13923673463127062,0.8607632653687294,0.04664224664224664,0.8398777551740388,hybrid_rrf_pgvector
21,b9515602146a02e939bd94533e45ec82e9143cd378185e739a9318698b40026a,handler conflict in org.eclipse.ui.examples.jobs/plugin.xml,1,1915,70a6e99fbdd763e31315ef4a4a90136ebdccf3b0b460cb8bcfea0e721f9b2059,play,0.03725598007201114,0.9627440199279889,0.048651507139079855,1.0071556229171872,hybrid_rrf_pgvector
21,b9515602146a02e939bd94533e45ec82e9143cd378185e739a9318698b40026a,handler conflict in org.eclipse.ui.examples.jobs/plugin.xml,2,610,ea2ade2f613c85d16adbcbe29ec6ec626a4498ae35de61f62ee0bc469e8610e3,play,0.04464596632270568,0.9553540336772943,0.04688263125763126,0.9986571387288885,hybrid_rrf_pgvector
21,b9515602146a02e939bd94533e45ec82e9143cd378185e739a9318698b40026a,handler conflict in org.eclipse.ui.examples.jobs/plugin.xml,3,5349,6415e6d43c1cac09ee1f7a376198117d6a389393c510eb89c803d92b27ff4d5e,stop,0.03722626202314516,0.9627737379768548,0.03278688524590164,0.957189798673383,hybrid_rrf_pgvector
21,b9515602146a02e939bd94533e45ec82e9143cd378185e739a9318698b40026a,handler conflict in org.eclipse.ui.examples.jobs/plugin.xml,4,4218,91b1fd327f2f4a72f5a6b8e8c3288c975cb1a3df8bd1cc902f1d02c902c7c07a,pausa,0.04464596632270568,0.9553540336772943,0.04762704813108039,0.9486571387288885,hybrid_rrf_pgvector
21,b9515602146a02e939bd94533e45ec82e9143cd378185e739a9318698b40026a,handler conflict in org.eclipse.ui.examples.jobs/plugin.xml,5,1884,c9d04208c1e499762054ef1cd1cf38a098478a9d2402f734b1a0d8b31e1527b6,pausa,0.04464596632270568,0.9553540336772943,0.04688263125763126,0.9486571387288885,hybrid_rrf_pgvector
22,82c75117b7db95e720b017ba43a48d6f4a1a908b99ab25ad7c0f7291a53d78fc,Crash in [@nsPluginInstanceOwner::ReleasePluginPort(void*)],1,4474,7aff7b08cf4ec14680e5c7d813c2d47515b9f3080a495a3c5698d6e18d19b3e2,stop,1.1102230246251565e-16,0.9999999999999999,0.03125,1.0499999999999998,hybrid_rrf_pgvector
22,82c75117b7db95e720b017ba43a48d6f4a1a908b99ab25ad7c0f7291a53d78fc,Crash in [@nsPluginInstanceOwner::ReleasePluginPort(void*)],2,4495,d641dd1b95fe23500981178e0b7283359ebff7fdc09e832a666008afb7a5d959,stop,1.1102230246251565e-16,0.9999999999999999,0.03076923076923077,1.0499999999999998,hybrid_rrf_pgvector
22,82c75117b7db95e720b017ba43a48d6f4a1a908b99ab25ad7c0f7291a53d78fc,Crash in [@nsPluginInstanceOwner::ReleasePluginPort(void*)],3,2859,57eef7c17ee51f9b17233a62cf7081ff50600657802a36ed47745858161a5dd5,stop,1.1102230246251565e-16,0.9999999999999999,0.01639344262295082,1.0499999999999998,hybrid_rrf_pgvector
22,82c75117b7db95e720b017ba43a48d6f4a1a908b99ab25ad7c0f7291a53d78fc,Crash in [@nsPluginInstanceOwner::ReleasePluginPort(void*)],4,5557,60a2aab5c27d8c64bf97eea72f29a22e6aac0791f2ba6b2a5d8c1787c9f15121,stop,1.1102230246251565e-16,0.9999999999999999,0.01639344262295082,1.0499999999999998,hybrid_rrf_pgvector
22,82c75117b7db95e720b017ba43a48d6f4a1a908b99ab25ad7c0f7291a53d78fc,Crash in [@nsPluginInstanceOwner::ReleasePluginPort(void*)],5,2431,6773ba3dd911c717000baf0aec6b2c7d6c540acf4c2d78aa437723cfad40ba90,stop,1.1102230246251565e-16,0.9999999999999999,0.01639344262295082,1.0499999999999998,hybrid_rrf_pgvector
23,4c631e2116428ab0797ec862b72535cd7c9a5aa8701d9eef13a6bae08d523eac,view | folders sub-menu doesn't include smart folders,1,1263,f9e9d4d75f1c53bf75c6f0cec7d6fa03324bc4ba8e5ac0fc7bad37e016efcd3b,play,0.0885046701412402,0.9114953298587598,0.03278688524590164,0.9482196293375739,hybrid_rrf_pgvector
23,4c631e2116428ab0797ec862b72535cd7c9a5aa8701d9eef13a6bae08d523eac,view | folders sub-menu doesn't include smart folders,2,3692,3eabfb8b7205bbe82590afed4637081274e44f9af7f039b2868ec5bc1180c72c,play,0.1197171586736464,0.8802828413263536,0.04838709677419355,0.9123252675253066,hybrid_rrf_pgvector
23,4c631e2116428ab0797ec862b72535cd7c9a5aa8701d9eef13a6bae08d523eac,view | folders sub-menu doesn't include smart folders,3,5403,655e02e192a1145e37d5be3adb41cc0c6109f932cd3b4f4acbeaf35008864654,pausa,0.13716896866651562,0.8628310313334844,0.031746031746031744,0.8422556860335071,hybrid_rrf_pgvector
23,4c631e2116428ab0797ec862b72535cd7c9a5aa8701d9eef13a6bae08d523eac,view | folders sub-menu doesn't include smart folders,4,3270,2eb84a189840d46dc59959f23b52dbece1262ef88e86e8077ad11a031cbbca50,stop,0.1705615765706363,0.8294384234293637,0.03125,0.8038541869437682,hybrid_rrf_pgvector
23,4c631e2116428ab0797ec862b72535cd7c9a5aa8701d9eef13a6bae08d523eac,view | folders sub-menu doesn't include smart folders,5,1261,601c52e1a11b9b6d384e921352c5fbf68f24dc1bd566e16f39a860e9618e4f1f,pausa,0.19704545568688336,0.8029545443131166,0.03076923076923077,0.7733977259600842,hybrid_rrf_pgvector
24,0faabe2e1677cd1aaf654cd550fd1890fd43680d999b512a37b0a2b04c19f348,[Accessibility] Add Watchpoint dialog - input boxes do not provide a label,1,3099,722b9be2ed3fc9ad425b9142bf0f81e3ec16c4d5539fc9b4e47cc9c77c1b756d,pausa,0.21262802895121635,0.7873719710487836,0.03225806451612903,0.8054777667061013,hybrid_rrf_pgvector
24,0faabe2e1677cd1aaf654cd550fd1890fd43680d999b512a37b0a2b04c19f348,[Accessibility] Add Watchpoint dialog - input boxes do not provide a label,2,4088,c8ea38fc0ab2933814c44aad517deeec597656daeb07f0b8af2c40ee3ecc846d,pausa,0.2193214386417982,0.7806785613582018,0.046451914098972924,0.7977803455619321,hybrid_rrf_pgvector
24,0faabe2e1677cd1aaf654cd550fd1890fd43680d999b512a37b0a2b04c19f348,[Accessibility] Add Watchpoint dialog - input boxes do not provide a label,3,682,c86379884ce7206012946ad60a49c778d1c998036d96150bb4b472653371ae22,play,0.19573462755889115,0.8042653724411089,0.03278688524590164,0.7749051783072751,hybrid_rrf_pgvector
24,0faabe2e1677cd1aaf654cd550fd1890fd43680d999b512a37b0a2b04c19f348,[Accessibility] Add Watchpoint dialog - input boxes do not provide a label,4,2214,987c1cb02be699bf6221db5816955b1070cf32e7aa025d0a1f84751f522b4916,play,0.22323309678175163,0.7767669032182484,0.03125,0.7432819387009856,hybrid_rrf_pgvector
24,0faabe2e1677cd1aaf654cd550fd1890fd43680d999b512a37b0a2b04c19f348,[Accessibility] Add Watchpoint dialog - input boxes do not provide a label,5,5272,cedae3167729ed1755194e31f4156319b3c21afeeb1b57f8d35dc147b9ab8b48,play,0.22932335821104277,0.7706766417889572,0.047162673392181595,0.7362781380573008,hybrid_rrf_pgvector
25,c2fe79b141e00c30134ef23b651121f0f9077334ebbcb7a7f8809c28bbec3e5a,regexp.text doesn't  work on 64 bit linux builds,1,3238,34b785cd53c67763d98c968bdb8ddb6d93b6c5a0b2850beadbc3542be7a3268a,pausa,0.11593888981194689,0.8840611101880531,0.04727963886909005,0.9166702767162611,hybrid_rrf_pgvector
25,c2fe79b141e00c30134ef23b651121f0f9077334ebbcb7a7f8809c28bbec3e5a,regexp.text doesn't  work on 64 bit linux builds,2,4643,373941db9458ad707aa032759f31719f79ead8dce097c88753469a6eceb2bed0,pausa,0.16425759259107342,0.8357424074089266,0.046649531024531024,0.8611037685202656,hybrid_rrf_pgvector
25,c2fe79b141e00c30134ef23b651121f0f9077334ebbcb7a7f8809c28bbec3e5a,regexp.text doesn't  work on 64 bit linux builds,3,5086,39cd308fd58d589c3c1d323a523cc13621d53c0cdb883d3e069eccc74b7ee401,play,0.16425759259107342,0.8357424074089266,0.04787506400409626,0.8111037685202656,hybrid_rrf_pgvector
25,c2fe79b141e00c30134ef23b651121f0f9077334ebbcb7a7f8809c28bbec3e5a,regexp.text doesn't  work on 64 bit linux builds,4,420,f88534051d3b22d1c8734fd4b7e5a8666d93f2f3f8bf9ad860815481691190fd,stop,0.16425759259107342,0.8357424074089266,0.046724324975892004,0.8111037685202656,hybrid_rrf_pgvector
25,c2fe79b141e00c30134ef23b651121f0f9077334ebbcb7a7f8809c28bbec3e5a,regexp.text doesn't  work on 64 bit linux builds,5,5863,84951ede65c0855db551d5ee9bb9ed92871ea8e01f0f27a90307208deeca1041,play,0.16425759259107342,0.8357424074089266,0.046679405392392875,0.8111037685202656,hybrid_rrf_pgvector
26,bf094bca985be3654a4b16cecaa14b594881d4ef78a494bde0d5fdafd657ae9c,Browser Debugger should freeze debuggee execution when paused,1,3558,6653d5c793fb637c0d5a908526c52155d203a87b1d5bad798fef16fe5f9b052b,stop,0.10583292416262347,0.8941670758373765,0.04918032786885246,0.9282921372129831,hybrid_rrf_pgvector
26,bf094bca985be3654a4b16cecaa14b594881d4ef78a494bde0d5fdafd657ae9c,Browser Debugger should freeze debuggee execution when paused,2,3494,e4e42b77674e9c196d9f1a9f664a63517bac5148e0aee24121039bfc6a786d5b,stop,0.19166516993579008,0.8083348300642099,0.047619047619047616,0.8295850545738415,hybrid_rrf_pgvector
26,bf094bca985be3654a4b16cecaa14b594881d4ef78a494bde0d5fdafd657ae9c,Browser Debugger should freeze debuggee execution when paused,3,5802,f0c8e41666405710c470d9db8f1f3052cdb66e02acbe06cdf445bef7327f7b09,pausa,0.19166516993579008,0.8083348300642099,0.04788306451612903,0.7795850545738414,hybrid_rrf_pgvector
26,bf094bca985be3654a4b16cecaa14b594881d4ef78a494bde0d5fdafd657ae9c,Browser Debugger should freeze debuggee execution when paused,4,1516,372fc858b17f1ac718f5791e9bcde560efe202bfd524d9364b41b53430b3de96,pausa,0.19166516993579008,0.8083348300642099,0.047379032258064516,0.7795850545738414,hybrid_rrf_pgvector
26,bf094bca985be3654a4b16cecaa14b594881d4ef78a494bde0d5fdafd657ae9c,Browser Debugger should freeze debuggee execution when paused,5,2078,eac472c7705c4b2befd96247c2a0fa217dede3fe4f35e90fcdbdc3968466778d,pausa,0.2869518441780805,0.7130481558219195,0.03076923076923077,0.6700053791952074,hybrid_rrf_pgvector
27,e1867e00445421cccafe1a0e9c216044867a918307433adb63b52afa5b2722d9,"configure --disable-compile-environment busted on windows, atl etc",1,3496,a618c5abf6a11a0ed2d42c4b670a1183635662cb9ed4ca812d02634bfbdf60b1,pausa,0.19301470472226567,0.8069852952777343,0.04621952999562108,0.8280330895693945,hybrid_rrf_pgvector
27,e1867e00445421cccafe1a0e9c216044867a918307433adb63b52afa5b2722d9,"configure --disable-compile-environment busted on windows, atl etc",2,4087,6865fbedda87102f16f3f72eae15ab35951cee80b594a7f3f2918a52c98f84de,pausa,0.19301470472226567,0.8069852952777343,0.04570188828584351,0.8280330895693945,hybrid_rrf_pgvector
27,e1867e00445421cccafe1a0e9c216044867a918307433adb63b52afa5b2722d9,"configure --disable-compile-environment busted on windows, atl etc",3,1152,799c0d81b65353986978bd887b89ad063f6dde7f38a2f1c04e84209e37cb6cc8,pausa,0.19301470472226567,0.8069852952777343,0.04370384104323105,0.8280330895693945,hybrid_rrf_pgvector
27,e1867e00445421cccafe1a0e9c216044867a918307433adb63b52afa5b2722d9,"configure --disable-compile-environment busted on windows, atl etc",4,3937,17011c1bb7cdee16d33387f1fb95262e1b5a44accc5c602fbdcd229d8a3d8897,stop,0.17985108371974268,0.8201489162802573,0.03278688524590164,0.7931712537222959,hybrid_rrf_pgvector
27,e1867e00445421cccafe1a0e9c216044867a918307433adb63b52afa5b2722d9,"configure --disable-compile-environment busted on windows, atl etc",5,1377,45a0dd906a05cde0e0c918fe3487b4ea26258e67f67116393387419ce76259d2,stop,0.19301470472226567,0.8069852952777343,0.045028884159318945,0.7780330895693944,hybrid_rrf_pgvector
28,127caefca4ae5bb454be4cb4419b5f6e75abb9e1a362f8e597a378082731cb71,Flash does not work in SmugMug,1,4834,99c81cbd243da59b62ea29bbbb2d0484f1b4e79bc6fe34a1350d6766f5872f0a,stop,-2.220446049250313e-16,1.0000000000000002,0.048651507139079855,1.0500000000000003,hybrid_rrf_pgvector
28,127caefca4ae5bb454be4cb4419b5f6e75abb9e1a362f8e597a378082731cb71,Flash does not work in SmugMug,2,323,5782c9da5ae69ef8efdf1d7a4d9177ca6e67ff07d9d6101adbf8e8e2c58c359d,stop,-2.220446049250313e-16,1.0000000000000002,0.04688263125763126,1.0500000000000003,hybrid_rrf_pgvector
28,127caefca4ae5bb454be4cb4419b5f6e75abb9e1a362f8e597a378082731cb71,Flash does not work in SmugMug,3,4418,4bd150fc90d3105bb920db9b1c6207c1c64a19d38c8d818471de53c9db14e8b3,play,-2.220446049250313e-16,1.0000000000000002,0.04891591750396616,1.0000000000000002,hybrid_rrf_pgvector
28,127caefca4ae5bb454be4cb4419b5f6e75abb9e1a362f8e597a378082731cb71,Flash does not work in SmugMug,4,575,c9503c23381e152f8517726bc99a768c56248aec0aa0cf30a25ecf304103645e,play,-2.220446049250313e-16,1.0000000000000002,0.04712301587301587,1.0000000000000002,hybrid_rrf_pgvector
28,127caefca4ae5bb454be4cb4419b5f6e75abb9e1a362f8e597a378082731cb71,Flash does not work in SmugMug,5,106,32e99f11f1ca8f0c4af1a5d0f6c1d57d064423fc4be78cb708f2b947dd8186be,pausa,-2.220446049250313e-16,1.0000000000000002,0.046176046176046176,1.0000000000000002,hybrid_rrf_pgvector
29,35c9d67b7076417a4166ebed22fbea7c8d7ea9ed0fbbabb1168cb91af3712cf2,"Renaming some identifiers fails with ""An unexpected exception occurred...""",1,4447,f66894333c422095025f4dc49d94ea13df16eaf3902cc1bb05f736521cd715ed,pausa,0.16183119692121406,0.8381688030787859,0.04918032786885246,0.8638941235406039,hybrid_rrf_pgvector
29,35c9d67b7076417a4166ebed22fbea7c8d7ea9ed0fbbabb1168cb91af3712cf2,"Renaming some identifiers fails with ""An unexpected exception occurred...""",2,4146,cfaf5a8e9f517480acecbe6577df22490237bad5bcd0d1a72c662c7489e0d506,pausa,0.28727963280118174,0.7127203671988183,0.04482184482184482,0.7196284222786411,hybrid_rrf_pgvector
29,35c9d67b7076417a4166ebed22fbea7c8d7ea9ed0fbbabb1168cb91af3712cf2,"Renaming some identifiers fails with ""An unexpected exception occurred...""",3,5929,aac847e07f389612d6347b36744da4f9f6f609a96dea01f13f69eaeb5e59e881,pausa,0.28727963280118174,0.7127203671988183,0.03200204813108039,0.7196284222786411,hybrid_rrf_pgvector
29,35c9d67b7076417a4166ebed22fbea7c8d7ea9ed0fbbabb1168cb91af3712cf2,"Renaming some identifiers fails with ""An unexpected exception occurred...""",4,5018,d2f11ce7f3c2d4e78e04d3b4fbc778243437b15dcc8e2380ba753350f882a225,stop,0.28727963280118174,0.7127203671988183,0.045284780578898225,0.6696284222786411,hybrid_rrf_pgvector
29,35c9d67b7076417a4166ebed22fbea7c8d7ea9ed0fbbabb1168cb91af3712cf2,"Renaming some identifiers fails with ""An unexpected exception occurred...""",5,3133,f03b7dd301599d4cae91639581cdb7d58ed7353c3415f40cff0896714e9425ba,stop,0.28727963280118174,0.7127203671988183,0.044583251360744966,0.6696284222786411,hybrid_rrf_pgvector
30,3131e7dfb745ac264427889cfee10c62b97bd0101d587c949ce982125f751658,HTML forms displayed in SWT Browser does not accept accented characters input,1,3469,3cb0886412d2da6418e4235706a32c9d37146959a4d6cc5e333326f2941868fc,play,0.15008717371199498,0.849912826288005,0.048651507139079855,0.8773997502312059,hybrid_rrf_pgvector
30,3131e7dfb745ac264427889cfee10c62b97bd0101d587c949ce982125f751658,HTML forms displayed in SWT Browser does not accept accented characters input,2,1497,ceffff5815f24993a6aadf5930d617597f51ce2bf7305e3cc80d4778f98751a3,stop,0.1911342375203804,0.8088657624796196,0.04689826302729529,0.7801956268515625,hybrid_rrf_pgvector
30,3131e7dfb745ac264427889cfee10c62b97bd0101d587c949ce982125f751658,HTML forms displayed in SWT Browser does not accept accented characters input,3,5739,7ab7ce86d22fe6079285830fbc620c5db7ae371cea42195c91ce23af34a69542,pausa,0.23905089332471707,0.7609491066752829,0.04456964190903192,0.7250914726765754,hybrid_rrf_pgvector
30,3131e7dfb745ac264427889cfee10c62b97bd0101d587c949ce982125f751658,HTML forms displayed in SWT Browser does not accept accented characters input,4,5215,0bef858885d2ab1232a76447122267de8788065242d5e6dd65dd402a038ef183,stop,0.23905089332471707,0.7609491066752829,0.044337137840210705,0.7250914726765754,hybrid_rrf_pgvector
30,3131e7dfb745ac264427889cfee10c62b97bd0101d587c949ce982125f751658,HTML forms displayed in SWT Browser does not accept accented characters input,5,3233,b4e5983af0f259ccb27094b0965fb9ea43c100b8dfb21c8b0c9cbbc82e88f913,stop,0.23905089332471707,0.7609491066752829,0.04285714285714286,0.7250914726765754,hybrid_rrf_pgvector
31,a565487dabf5a9ba6e613a95d40d37c685f9ac8fdcc8a7139889c48b60de140d,External Tools Launch delegate shouldn't wait for launched process to exit,1,2680,91ff70e6eb3ae040e9b49e313ffdb5de6c720d56943ce731f6a39b92b03b11b0,pausa,0.15445998000132888,0.8455400199986711,0.04918032786885246,0.8723710229984718,hybrid_rrf_pgvector
31,a565487dabf5a9ba6e613a95d40d37c685f9ac8fdcc8a7139889c48b60de140d,External Tools Launch delegate shouldn't wait for launched process to exit,2,4741,653b868b32009b1144cded5b0ceb0f1aa30a2463e0fc7f54585bde2674125804,pausa,0.17669726468639957,0.8233027353136004,0.04688263125763126,0.8467981456106406,hybrid_rrf_pgvector
31,a565487dabf5a9ba6e613a95d40d37c685f9ac8fdcc8a7139889c48b60de140d,External Tools Launch delegate shouldn't wait for launched process to exit,3,3285,c82d7356d4c7d494f7e80413e7f89cbf0941d69f7c513174185df48072ea3415,pausa,0.17669726468639957,0.8233027353136004,0.04642338900734423,0.8467981456106406,hybrid_rrf_pgvector
31,a565487dabf5a9ba6e613a95d40d37c685f9ac8fdcc8a7139889c48b60de140d,External Tools Launch delegate shouldn't wait for launched process to exit,4,5387,f0138690abf04d82969608e11245385d3a0c96efab2f83d78ef3a1bc2567eb70,play,0.17669726468639957,0.8233027353136004,0.04788306451612903,0.7967981456106406,hybrid_rrf_pgvector
31,a565487dabf5a9ba6e613a95d40d37c685f9ac8fdcc8a7139889c48b60de140d,External Tools Launch delegate shouldn't wait for launched process to exit,5,2274,75f6b2231ba1bf50b04aba6ff91d03321f2ca3cc21aa23e411aaf1ea361c26d0,play,0.17669726468639957,0.8233027353136004,0.04664224664224664,0.7967981456106406,hybrid_rrf_pgvector
32,c15913ce8a802b3406d4eb4763b133d9684ef0d19a4d56e5b3b27dc0faf444c7,Switch systemLanguage: transient error again,1,5605,581cea68070a1661e899ae2d07f1e9c27004a48f1e541f6ec946b1e840051f79,play,0.24542518008984815,0.7545748199101519,0.046494801754268796,0.7677610428966747,hybrid_rrf_pgvector
32,c15913ce8a802b3406d4eb4763b133d9684ef0d19a4d56e5b3b27dc0faf444c7,Switch systemLanguage: transient error again,2,4910,329444ddaa71da5ef056dec592020775d9f6a8e24d2628dbb081c837fee3f4ea,play,0.24542518008984815,0.7545748199101519,0.04554334554334554,0.7677610428966747,hybrid_rrf_pgvector
32,c15913ce8a802b3406d4eb4763b133d9684ef0d19a4d56e5b3b27dc0faf444c7,Switch systemLanguage: transient error again,3,5846,06948e0aeb77124bf758ff0140ccbf57e9b7c0879f99711c374d26eb9600636c,pausa,0.24542518008984815,0.7545748199101519,0.04839549075403121,0.7177610428966746,hybrid_rrf_pgvector
32,c15913ce8a802b3406d4eb4763b133d9684ef0d19a4d56e5b3b27dc0faf444c7,Switch systemLanguage: transient error again,4,3787,0bb015cf785f6c6a85161c7f3e97846728de904db37f7ae502388251e8a8b3bf,pausa,0.24542518008984815,0.7545748199101519,0.04570188828584351,0.7177610428966746,hybrid_rrf_pgvector
32,c15913ce8a802b3406d4eb4763b133d9684ef0d19a4d56e5b3b27dc0faf444c7,Switch systemLanguage: transient error again,5,2201,65e6ad5e4bd1992e08ccaa3870e460871b1d75d532fb50532616e09f4bc533d6,pausa,0.24542518008984815,0.7545748199101519,0.044583251360744966,0.7177610428966746,hybrid_rrf_pgvector
33,e7a4f2c15811f16915c53d482f1d1e6902fd92ee8ef1c774372e50befc1878d6,Dropdowns are fugly,1,0,737a8c586e01a3db3f0e7f8cdf0146c83a33197e8d2e8f1ab813f7fbb5ddbbae,play,1.0,0.0,0.03278688524590164,-0.09999999999999999,hybrid_rrf_pgvector
33,e7a4f2c15811f16915c53d482f1d1e6902fd92ee8ef1c774372e50befc1878d6,Dropdowns are fugly,2,2,50f50c77354314a73686fd77a1e2c3b3b4b8a48d5bbfdc5391409e149234c098,play,1.0,0.0,0.031746031746031744,-0.09999999999999999,hybrid_rrf_pgvector
33,e7a4f2c15811f16915c53d482f1d1e6902fd92ee8ef1c774372e50befc1878d6,Dropdowns are fugly,3,1,7175846e309b39507fa4c4cfa3ee674c5626208653c00dcf439122eea5f9aec0,pausa,1.0,0.0,0.03225806451612903,-0.15,hybrid_rrf_pgvector
33,e7a4f2c15811f16915c53d482f1d1e6902fd92ee8ef1c774372e50befc1878d6,Dropdowns are fugly,4,3,08db3dc49103c8ccfff8b8dd59d2b8fa79ebca6f181aec85d18c2d9e440dc33f,pausa,1.0,0.0,0.03125,-0.15,hybrid_rrf_pgvector
33,e7a4f2c15811f16915c53d482f1d1e6902fd92ee8ef1c774372e50befc1878d6,Dropdowns are fugly,5,4,c020e3e61c72b8025cbdaa2c813ae36f00080d2900b13a19128931d6d15dd411,stop,1.0,0.0,0.03076923076923077,-0.15,hybrid_rrf_pgvector
34,6c2023480837ffd793e7b841b4451b6b38fbbd3a9873f8b62f999d79d2362a41,Fix XPCShell password authentication tests so that they don't pass around fake docShells,1,1336,71d8815a2dad221480c9d24597c91c72647dd01704bb481d23fd4854cdc982a9,pausa,0.20446119236625693,0.7955388076337431,0.04838709677419355,0.8148696287788045,hybrid_rrf_pgvector
34,6c2023480837ffd793e7b841b4451b6b38fbbd3a9873f8b62f999d79d2362a41,Fix XPCShell password authentication tests so that they don't pass around fake docShells,2,5334,f1a6613646a8c664f5ae3fd45ae7b06cc843448054070685ce028155cd4ed50c,pausa,0.2250895980178993,0.7749104019821007,0.046671404880360104,0.7911469622794158,hybrid_rrf_pgvector
34,6c2023480837ffd793e7b841b4451b6b38fbbd3a9873f8b62f999d79d2362a41,Fix XPCShell password authentication tests so that they don't pass around fake docShells,3,2460,24b866e31f995a723c73377c55dcaae672cc4925b329fe3b9768ac0132f41a05,pausa,0.22998157233566074,0.7700184276643393,0.046634615384615385,0.7855211918139902,hybrid_rrf_pgvector
34,6c2023480837ffd793e7b841b4451b6b38fbbd3a9873f8b62f999d79d2362a41,Fix XPCShell password authentication tests so that they don't pass around fake docShells,4,3728,b9d90bff4c01229f2ce78fccf85c7ebf5fbf0fb58cc7b1b66c4a274906cbbb95,pausa,0.23979630239108896,0.760203697608911,0.030309988518943745,0.7742342522502478,hybrid_rrf_pgvector
34,6c2023480837ffd793e7b841b4451b6b38fbbd3a9873f8b62f999d79d2362a41,Fix XPCShell password authentication tests so that they don't pass around fake docShells,5,5295,8a1eec557a1a74b23e18bd2be31c675658285fce67b8fd586573f07a75c8e433,play,0.20446119236625693,0.7955388076337431,0.04918032786885246,0.7648696287788045,hybrid_rrf_pgvector
35,7de056f55aa90f96d9a51ee0b3c39db2f90c8cfb99bf04524747d4c94b05ff39,Bug 774139 will break Qt/Maemo builds due to #define signals,1,3822,91f0ef504cead9a91eab45c3bb5129448278c0765066bc42a337794fecb09662,pausa,0.08839565975654162,0.9116043402434584,0.04918032786885246,0.8983449912799771,hybrid_rrf_pgvector
35,7de056f55aa90f96d9a51ee0b3c39db2f90c8cfb99bf04524747d4c94b05ff39,Bug 774139 will break Qt/Maemo builds due to #define signals,2,5405,9950f8ab0c4816d96d2e2473ad88789ea4a1c45c721dad94100ba68aebaab0dc,stop,0.22989388362711494,0.7701061163728851,0.04838709677419355,0.7856220338288179,hybrid_rrf_pgvector
35,7de056f55aa90f96d9a51ee0b3c39db2f90c8cfb99bf04524747d4c94b05ff39,Bug 774139 will break Qt/Maemo builds due to #define signals,3,1638,def932aaf281dd386f74f47eade962cb69dd8c5c0b91f6892da5240d3f9b2144,stop,0.22989388362711494,0.7701061163728851,0.047619047619047616,0.7856220338288179,hybrid_rrf_pgvector
35,7de056f55aa90f96d9a51ee0b3c39db2f90c8cfb99bf04524747d4c94b05ff39,Bug 774139 will break Qt/Maemo builds due to #define signals,4,5590,695ab1ae3d74816e556f05250544d0b0255448bfcbef199bba303e4b1971b428,pausa,0.2483746800550488,0.7516253199449512,0.03125,0.7143691179366939,hybrid_rrf_pgvector
35,7de056f55aa90f96d9a51ee0b3c39db2f90c8cfb99bf04524747d4c94b05ff39,Bug 774139 will break Qt/Maemo builds due to #define signals,5,5963,c00aafefbc6c1119b30b61db05f631930cf4377f1718b9453c9b59db43071a1e,pausa,0.26070774169985866,0.7392922583001413,0.04569460390355913,0.7001860970451625,hybrid_rrf_pgvector
36,32e6fa454a1be9970f3a7f2df6bba2477f2495d4451b9444602c512dce1bc9f6,org.eclipse.jdt.internal.compiler.batch.Main writes bad characters to an xml log file,1,2890,48e8de397f67ab6d820d01d8b5eb4335891ec99b912f7d0d775e0c6e91f12b70,play,0.07522512855534513,0.9247748714446549,0.04918032786885246,0.9634911021613531,hybrid_rrf_pgvector
36,32e6fa454a1be9970f3a7f2df6bba2477f2495d4451b9444602c512dce1bc9f6,org.eclipse.jdt.internal.compiler.batch.Main writes bad characters to an xml log file,2,3433,e5bd388b9542214941f955903192381c14ccbfc266ffab99fba4fd394f016b60,play,0.08883030938918546,0.9111696906108145,0.03200204813108039,0.9478451442024368,hybrid_rrf_pgvector
36,32e6fa454a1be9970f3a7f2df6bba2477f2495d4451b9444602c512dce1bc9f6,org.eclipse.jdt.internal.compiler.batch.Main writes bad characters to an xml log file,3,4556,9c70e759ab44c4345c653b6dedec9024a76c94cea741d90fdb45c57f6c10a4fc,play,0.12188103944532547,0.8781189605546745,0.04643206256109482,0.9098368046378758,hybrid_rrf_pgvector
36,32e6fa454a1be9970f3a7f2df6bba2477f2495d4451b9444602c512dce1bc9f6,org.eclipse.jdt.internal.compiler.batch.Main writes bad characters to an xml log file,4,428,b15fe2bab8bbff33a2cb7aa891b3d53b9dd8a07a79b1fa9b4a014fa66fdbca70,stop,0.08883030938918546,0.9111696906108145,0.031754032258064516,0.8978451442024368,hybrid_rrf_pgvector
36,32e6fa454a1be9970f3a7f2df6bba2477f2495d4451b9444602c512dce1bc9f6,org.eclipse.jdt.internal.compiler.batch.Main writes bad characters to an xml log file,5,852,6d094b2667ae0a3eb951d10f5d6d5d1c59719b6f9ceda07621cc384e6f452d98,play,0.13327240844540578,0.8667275915545942,0.04285714285714286,0.8967367302877834,hybrid_rrf_pgvector
37,e45fc8cccc7b95c6c876df197bfd5440432a074f5691bda96363b1ec60cc8a25,Wrong version of platform.doc.isv in 3.4.x branch,1,2419,da38eb9b8cb3ed35f2bc5c04e9af1f1858b6d9a5bf51006a980cfe308be9d4c7,pausa,0.06423572027783209,0.9357642797221679,0.04551728464771943,0.9261289216804931,hybrid_rrf_pgvector
37,e45fc8cccc7b95c6c876df197bfd5440432a074f5691bda96363b1ec60cc8a25,Wrong version of platform.doc.isv in 3.4.x branch,2,2215,a33fcffe5bd06a136ae545d9099602d2bd4f8f2f09e0df5bcbbeb5cc4d69935c,pausa,0.06423572027783209,0.9357642797221679,0.04529532967032967,0.9261289216804931,hybrid_rrf_pgvector
37,e45fc8cccc7b95c6c876df197bfd5440432a074f5691bda96363b1ec60cc8a25,Wrong version of platform.doc.isv in 3.4.x branch,3,21,a7d743348176827fe2197a31da7a9d74d66edb978233b842143aae8be73335ff,stop,0.06423572027783209,0.9357642797221679,0.04477611940298507,0.9261289216804931,hybrid_rrf_pgvector
37,e45fc8cccc7b95c6c876df197bfd5440432a074f5691bda96363b1ec60cc8a25,Wrong version of platform.doc.isv in 3.4.x branch,4,3441,932fd0aca7808ca3387587ec2b7cbb8d344f97aa4fd9d0200324be771927105f,pausa,0.06423572027783209,0.9357642797221679,0.03278688524590164,0.9261289216804931,hybrid_rrf_pgvector
37,e45fc8cccc7b95c6c876df197bfd5440432a074f5691bda96363b1ec60cc8a25,Wrong version of platform.doc.isv in 3.4.x branch,5,4345,1d836b4de36ff3552421845d3f201c101047570447ab889566f4877cc3937275,stop,0.11820137826512278,0.8817986217348772,0.04444444444444444,0.8640684149951088,hybrid_rrf_pgvector
38,a6680ed767e8fd7ada2b32e0c4361670db8cba8ec310d5b83894b3ddab31b9cb,Disable Places on Trunk,1,1891,052e189efef409351e7ca6a47fc506ab45d47788478aa07b4a8a31e9d3f38c39,play,0.06716715337951418,0.9328328466204858,0.04767399003253049,0.9727577736135588,hybrid_rrf_pgvector
38,a6680ed767e8fd7ada2b32e0c4361670db8cba8ec310d5b83894b3ddab31b9cb,Disable Places on Trunk,2,4844,0b7b83c9f4acd187fc66abeb73042139fe0e10377deb93fd0d254da5b7f386b5,play,0.07474164526539173,0.9252583547346083,0.04813947436898257,0.9640471079447995,hybrid_rrf_pgvector
38,a6680ed767e8fd7ada2b32e0c4361670db8cba8ec310d5b83894b3ddab31b9cb,Disable Places on Trunk,3,984,11143e86e7e47346e084e99a3179af6ba3015a6567f188df0647bb171820c543,stop,0.06716715337951418,0.9328328466204858,0.047907090265630725,0.9227577736135587,hybrid_rrf_pgvector
38,a6680ed767e8fd7ada2b32e0c4361670db8cba8ec310d5b83894b3ddab31b9cb,Disable Places on Trunk,4,3070,8b905caed1721d933574b42301f189624a43b9a2a19b7e2d076241644ad8a85e,pausa,0.07474164526539173,0.9252583547346083,0.04712301587301587,0.9140471079447995,hybrid_rrf_pgvector
38,a6680ed767e8fd7ada2b32e0c4361670db8cba8ec310d5b83894b3ddab31b9cb,Disable Places on Trunk,5,2299,fedd8618e0c98ac14c2990e760e578a795f3560aad4f76095321bde98fd8b3e3,pausa,0.07474164526539173,0.9252583547346083,0.04689826302729529,0.9140471079447995,hybrid_rrf_pgvector
39,3286477e8f580de80a75b932e23b9931e59241383e86089aece419084bf14b24,No search results due to malformed search scope,1,2855,ca4514a928173067a93f29131869cbad15baeaec07c9658a6e87b612ee6e5f6e,pausa,-4.440892098500626e-16,1.0000000000000004,0.04918032786885246,1.0000000000000004,hybrid_rrf_pgvector
39,3286477e8f580de80a75b932e23b9931e59241383e86089aece419084bf14b24,No search results due to malformed search scope,2,4362,7807485b1aea54028e531339979f06539b00c309a26919e3fdc4a40877acd2e5,stop,0.023517351801199182,0.9764826481988008,0.048131080389144903,0.972955045428621,hybrid_rrf_pgvector
39,3286477e8f580de80a75b932e23b9931e59241383e86089aece419084bf14b24,No search results due to malformed search scope,3,5239,d404cde2f65858fff7a650d61992313624f400b2f08f5e192406b6942dee2092,play,0.0776326950162195,0.9223673049837805,0.04787506400409626,0.9607224007313476,hybrid_rrf_pgvector
39,3286477e8f580de80a75b932e23b9931e59241383e86089aece419084bf14b24,No search results due to malformed search scope,4,2453,5e7b41f036754b53b43fcb597f8545235759b720968b1fcda0b13c348bcd74f5,play,0.13834430992646007,0.8616556900735399,0.04478277063878469,0.890904043584571,hybrid_rrf_pgvector
39,3286477e8f580de80a75b932e23b9931e59241383e86089aece419084bf14b24,No search results due to malformed search scope,5,1916,2bc60512783ac491ea69ec67e9f9a431f67cf2cc2c29e41a5179a4f004db85db,stop,0.13834430992646007,0.8616556900735399,0.045028884159318945,0.8409040435845709,hybrid_rrf_pgvector
40,6479fb18f4ecf55b868e67f0752364638e47b61554098974226069553d44fc81,Embed Propertypage Remote Compromise (version 2),1,3441,932fd0aca7808ca3387587ec2b7cbb8d344f97aa4fd9d0200324be771927105f,pausa,-2.220446049250313e-16,1.0000000000000002,0.047891458495966696,1.0500000000000003,hybrid_rrf_pgvector
40,6479fb18f4ecf55b868e67f0752364638e47b61554098974226069553d44fc81,Embed Propertypage Remote Compromise (version 2),2,2419,da38eb9b8cb3ed35f2bc5c04e9af1f1858b6d9a5bf51006a980cfe308be9d4c7,pausa,-2.220446049250313e-16,1.0000000000000002,0.04738666351569577,1.0500000000000003,hybrid_rrf_pgvector
40,6479fb18f4ecf55b868e67f0752364638e47b61554098974226069553d44fc81,Embed Propertypage Remote Compromise (version 2),3,2215,a33fcffe5bd06a136ae545d9099602d2bd4f8f2f09e0df5bcbbeb5cc4d69935c,pausa,-2.220446049250313e-16,1.0000000000000002,0.047379032258064516,1.0500000000000003,hybrid_rrf_pgvector
40,6479fb18f4ecf55b868e67f0752364638e47b61554098974226069553d44fc81,Embed Propertypage Remote Compromise (version 2),4,21,a7d743348176827fe2197a31da7a9d74d66edb978233b842143aae8be73335ff,stop,-2.220446049250313e-16,1.0000000000000002,0.04771225838023,1.0000000000000002,hybrid_rrf_pgvector
40,6479fb18f4ecf55b868e67f0752364638e47b61554098974226069553d44fc81,Embed Propertypage Remote Compromise (version 2),5,3126,008154a552dc6995712c16368daaf42e5f424b4e8eef41cabda0fcaca2b16046,play,-2.220446049250313e-16,1.0000000000000002,0.04692742126540875,1.0000000000000002,hybrid_rrf_pgvector
41,322fbff8724456303e801f832161b4793dcf291e011ec446a4de11a7c9e4c779,Refactor the script debugger to use the modified hook API,1,4320,a6611b6ca5d126a8596b22b1c7137def88ffb5e71aae7a0e33605b6e660f25c1,play,0.08435533088443858,0.9156446691155614,0.04391088038070517,0.9529913694828956,hybrid_rrf_pgvector
41,322fbff8724456303e801f832161b4793dcf291e011ec446a4de11a7c9e4c779,Refactor the script debugger to use the modified hook API,2,4339,4ffc4e610f90dec40626b69eec35577e9e2a4a3899665f0ed2b2737487a36c33,play,0.08435533088443858,0.9156446691155614,0.04372294372294372,0.9529913694828956,hybrid_rrf_pgvector
41,322fbff8724456303e801f832161b4793dcf291e011ec446a4de11a7c9e4c779,Refactor the script debugger to use the modified hook API,3,5935,12a567d34ed4049f66be70008261b3d6bb2b2069a29cb20c1041f2a593604e73,play,0.08435533088443858,0.9156446691155614,0.031746031746031744,0.9529913694828956,hybrid_rrf_pgvector
41,322fbff8724456303e801f832161b4793dcf291e011ec446a4de11a7c9e4c779,Refactor the script debugger to use the modified hook API,4,4907,b311660b14dd88215ce6e6789565b75d1a6eeb073382ee882bc6b81ee74465b4,pausa,0.08435533088443858,0.9156446691155614,0.046176046176046176,0.9029913694828956,hybrid_rrf_pgvector
41,322fbff8724456303e801f832161b4793dcf291e011ec446a4de11a7c9e4c779,Refactor the script debugger to use the modified hook API,5,5982,51643f2421538fef4f05a76d05b185a47b32b4f6582648da2ee7e28dff9e4913,pausa,0.08435533088443858,0.9156446691155614,0.03278688524590164,0.9029913694828956,hybrid_rrf_pgvector
42,a22790f4efac31e79a68854bff313f399bca47785d7a7e24f5138d4d620e359f,"[expressions] Add ""product"" property to platform property tester",1,132,215fd7b9a7c7210d71753fac9ee405c81910a6c7c66ec5f9d1b037deae43dc9d,pausa,0.12324174525589981,0.8767582547441002,0.04918032786885246,0.9082719929557153,hybrid_rrf_pgvector
42,a22790f4efac31e79a68854bff313f399bca47785d7a7e24f5138d4d620e359f,"[expressions] Add ""product"" property to platform property tester",2,4805,67cc1d22707cf9dff48f9dee99aa4b8d821c8121c1514b9fb0cd2cc56626281a,pausa,0.14768001324111424,0.8523199867588858,0.04788306451612903,0.8801679847727186,hybrid_rrf_pgvector
42,a22790f4efac31e79a68854bff313f399bca47785d7a7e24f5138d4d620e359f,"[expressions] Add ""product"" property to platform property tester",3,1275,0ec91dbb81ad6126043513b4a35caa508ed365cf4bf5d5e79c6923330b97a3fa,pausa,0.17279661294648652,0.8272033870535135,0.047379032258064516,0.8512838951115406,hybrid_rrf_pgvector
42,a22790f4efac31e79a68854bff313f399bca47785d7a7e24f5138d4d620e359f,"[expressions] Add ""product"" property to platform property tester",4,3107,cce80b704153995921008c39f9e94278deeaa8451c3e08d2befb7cc49648e4ea,pausa,0.21787089938483573,0.7821291006151643,0.0443701226309922,0.799448465707439,hybrid_rrf_pgvector
42,a22790f4efac31e79a68854bff313f399bca47785d7a7e24f5138d4d620e359f,"[expressions] Add ""product"" property to platform property tester",5,3421,ec2e7cf4afdba61420bf359e518ad455c4eb82d6c9c47c0bfddb7e7470143835,play,0.2170340438607865,0.7829659561392135,0.044563279857397504,0.7504108495600955,hybrid_rrf_pgvector
43,844e1acb997f78be2d5cc3d7ce068cf3e86d72f0eca84a3539aa7801ede6fe9d,Java applet + Java console + any key = Firefox Crash,1,5162,a997dc5791293fff33ce68a124f804dc773059d0d9f44d257da47fad2a0f77c6,stop,0.22411477284559822,0.7758852271544018,0.048915917503966164,0.7922680112275621,hybrid_rrf_pgvector
43,844e1acb997f78be2d5cc3d7ce068cf3e86d72f0eca84a3539aa7801ede6fe9d,Java applet + Java console + any key = Firefox Crash,2,607,be72d51db2e8cd50cb436c2dc0699f6bcbd4f65f4ce2365c8b44a1a415c3f47e,stop,0.240443827600047,0.759556172399953,0.03225806451612903,0.773489598259946,hybrid_rrf_pgvector
43,844e1acb997f78be2d5cc3d7ce068cf3e86d72f0eca84a3539aa7801ede6fe9d,Java applet + Java console + any key = Firefox Crash,3,3996,6cae31e9f6e7218b4aba08bb9adfe01c89d8cb21400e759e772d571ad2de2c54,stop,0.26057150143053953,0.7394284985694605,0.031746031746031744,0.7503427733548795,hybrid_rrf_pgvector
43,844e1acb997f78be2d5cc3d7ce068cf3e86d72f0eca84a3539aa7801ede6fe9d,Java applet + Java console + any key = Firefox Crash,4,602,637ef5727fc10d83ac8ea0fb45e52912671fabd642b534a4b8332f039ed8fd6d,stop,0.2737334880060178,0.7262665119939822,0.03125,0.7352064887930796,hybrid_rrf_pgvector
43,844e1acb997f78be2d5cc3d7ce068cf3e86d72f0eca84a3539aa7801ede6fe9d,Java applet + Java console + any key = Firefox Crash,5,5035,b2cf3b5281c7a3f088a6f803e210fb2b497c263233d48b975b8b7ab805c06109,stop,0.29105082423433415,0.7089491757656659,0.03076923076923077,0.7152915521305158,hybrid_rrf_pgvector
44,b1219e55f926e20969cf1e8ecddd80dbfe9328f5c51fa2b45b78446e787c139f,Signature#createIntersectionTypeSignature(..) should take array of signatures,1,5190,4d9bd054442feac661f59d1a7a8a5abaa674e72e18ecd4e7e2b4fc37361dd964,play,0.061959861266251304,0.9380401387337487,0.048131080389144903,0.9787461595438111,hybrid_rrf_pgvector
44,b1219e55f926e20969cf1e8ecddd80dbfe9328f5c51fa2b45b78446e787c139f,Signature#createIntersectionTypeSignature(..) should take array of signatures,2,4610,71e83494c2214be3f280bfb41945a46d770b3ff8e4d1ddb7e9ec217deb6dc45b,play,0.07397035532225738,0.9260296446777426,0.04639423076923077,0.9649340913794041,hybrid_rrf_pgvector
44,b1219e55f926e20969cf1e8ecddd80dbfe9328f5c51fa2b45b78446e787c139f,Signature#createIntersectionTypeSignature(..) should take array of signatures,3,5942,7dbc6e4f47faf87fda8dc7be3e79c44e45d1266f2095b7f5d89017c6e9c2148a,stop,0.061959861266251304,0.9380401387337487,0.048915917503966164,0.928746159543811,hybrid_rrf_pgvector
44,b1219e55f926e20969cf1e8ecddd80dbfe9328f5c51fa2b45b78446e787c139f,Signature#createIntersectionTypeSignature(..) should take array of signatures,4,1698,847f0be4fdd04a47cc493e6c652d7a9452456f8d25001eb5764076a66181ed2e,pausa,0.061959861266251304,0.9380401387337487,0.04740305800756621,0.928746159543811,hybrid_rrf_pgvector
44,b1219e55f926e20969cf1e8ecddd80dbfe9328f5c51fa2b45b78446e787c139f,Signature#createIntersectionTypeSignature(..) should take array of signatures,5,5055,e10f65fe002046d4aa149cd59214193945b090320caa00d5d616de982e9ef2e2,pausa,0.061959861266251304,0.9380401387337487,0.047371031746031744,0.928746159543811,hybrid_rrf_pgvector
45,a7d6a8ae8dd32e8e376f453daef9820ee61a607327ed71a9c7e03077a87f6b5a,"TI: Assertion failure: obj->nativeContains(*shape), at jsinterp.cpp:4355",1,3145,933f206bd862176b604dcdd3d7d9eab64ef269e9c2e2ad47de4aded415762b84,stop,-2.220446049250313e-16,1.0000000000000002,0.04918032786885246,1.0500000000000003,hybrid_rrf_pgvector
45,a7d6a8ae8dd32e8e376f453daef9820ee61a607327ed71a9c7e03077a87f6b5a,"TI: Assertion failure: obj->nativeContains(*shape), at jsinterp.cpp:4355",2,3684,18d3cfbb35525a86a29fc9a28159e99e2b117d2e105d4e9516e62fbdf10605ec,stop,0.0034593692652372665,0.9965406307347627,0.04787506400409626,1.046021725344977,hybrid_rrf_pgvector
45,a7d6a8ae8dd32e8e376f453daef9820ee61a607327ed71a9c7e03077a87f6b5a,"TI: Assertion failure: obj->nativeContains(*shape), at jsinterp.cpp:4355",3,5364,3cd3ad6661c3c73023bba7a74c46e4b3e00faeb11192c7d5d8d225719d050e44,stop,0.0034593692652372665,0.9965406307347627,0.04738666351569577,1.046021725344977,hybrid_rrf_pgvector
45,a7d6a8ae8dd32e8e376f453daef9820ee61a607327ed71a9c7e03077a87f6b5a,"TI: Assertion failure: obj->nativeContains(*shape), at jsinterp.cpp:4355",4,3911,a1c110c0cbf03cd14c5be56a343d8bffbe15435df907e627f05cee06889820f8,stop,0.004392049689543542,0.9956079503104565,0.04570188828584351,1.044949142857025,hybrid_rrf_pgvector
45,a7d6a8ae8dd32e8e376f453daef9820ee61a607327ed71a9c7e03077a87f6b5a,"TI: Assertion failure: obj->nativeContains(*shape), at jsinterp.cpp:4355",5,4963,8f8b13cb1dec953903c9f9f38be33b288146eda7d34d58dcb3688a1f2729b90e,stop,0.004392049689543542,0.9956079503104565,0.04550236900780379,1.044949142857025,hybrid_rrf_pgvector
46,e840fb9305c81b50a3860d58d32c8da9c9beae5a0301f850e715a757a2156e6d,Permanent orange: TEST-UNEXPECTED-FAIL | test-eml-subject.js | test-eml-subject.js::test_eml_normal_subject,1,4205,d9bcbdec1518f4fb8382dbe80f364bec52e2520154417a05c8199176af7c06c1,pausa,0.00320560166685524,0.9967943983331448,0.04918032786885246,1.0463135580831164,hybrid_rrf_pgvector
46,e840fb9305c81b50a3860d58d32c8da9c9beae5a0301f850e715a757a2156e6d,Permanent orange: TEST-UNEXPECTED-FAIL | test-eml-subject.js | test-eml-subject.js::test_eml_normal_subject,2,5010,2cd497a12c85a314351d58eddcc7afa30de6a3acab08a9fa52394cfce9311fd7,pausa,0.04040289486794835,0.9595971051320517,0.03225806451612903,1.0035366709018594,hybrid_rrf_pgvector
46,e840fb9305c81b50a3860d58d32c8da9c9beae5a0301f850e715a757a2156e6d,Permanent orange: TEST-UNEXPECTED-FAIL | test-eml-subject.js | test-eml-subject.js::test_eml_normal_subject,3,208,9c1c1eb18cdcbddd1f13c5179d6ea1a95eec02c9b77730ee7de4ce3217883d8d,pausa,0.060948097212462304,0.9390519027875377,0.047619047619047616,0.9799096882056684,hybrid_rrf_pgvector
46,e840fb9305c81b50a3860d58d32c8da9c9beae5a0301f850e715a757a2156e6d,Permanent orange: TEST-UNEXPECTED-FAIL | test-eml-subject.js | test-eml-subject.js::test_eml_normal_subject,4,1226,f6486da5203b9c7140b30b8f7f8e2328a397ba84914ec801359153d722deae1b,pausa,0.08571530181125786,0.9142846981887421,0.047379032258064516,0.9514274029170535,hybrid_rrf_pgvector
46,e840fb9305c81b50a3860d58d32c8da9c9beae5a0301f850e715a757a2156e6d,Permanent orange: TEST-UNEXPECTED-FAIL | test-eml-subject.js | test-eml-subject.js::test_eml_normal_subject,5,3839,0d2066478d0946c904c241c169bad533e89e7588530b114054e28c5c672e1b4a,pausa,0.1303293343488493,0.8696706656511507,0.04419642857142857,0.9001212654988233,hybrid_rrf_pgvector
47,616a1b3b78474819bc0d9513585731aa895242356ed4686e0c668df757219439,Android packaging should use standard packaging code,1,4883,4452582bdf7b3051e0d4542cf0a30cf0fd04c54d8261c98cf67b21822c2bb563,stop,0.0,1.0,0.04918032786885246,1.0,hybrid_rrf_pgvector
47,616a1b3b78474819bc0d9513585731aa895242356ed4686e0c668df757219439,Android packaging should use standard packaging code,2,5046,d931fb7e2e7d012c7036e5043d02ee0facd4515382cc4eeedc9a40c4cb37e0c5,play,0.06216838038372052,0.9378316196162795,0.03225806451612903,0.9785063625587215,hybrid_rrf_pgvector
47,616a1b3b78474819bc0d9513585731aa895242356ed4686e0c668df757219439,Android packaging should use standard packaging code,3,3207,d8bb88b0b2eff0205ab8b42e9100151b37fcbf50c4783d69eb921b92edd5a80c,play,0.11347646718999593,0.8865235328100041,0.016129032258064516,0.9195020627315047,hybrid_rrf_pgvector
47,616a1b3b78474819bc0d9513585731aa895242356ed4686e0c668df757219439,Android packaging should use standard packaging code,4,4460,24affefa38f3c0941dffc27e71bef12122590765674c96ba7379ecd3a62192cf,pausa,0.08215691649093304,0.917843083509067,0.030303030303030304,0.9055195460354271,hybrid_rrf_pgvector
47,616a1b3b78474819bc0d9513585731aa895242356ed4686e0c668df757219439,Android packaging should use standard packaging code,5,975,535b3690ae77a5d72b96921e7b26b8d159997cdd44b2c23e4ee2c2b39ca39893,play,0.34512278225872317,0.6548772177412768,0.015873015873015872,0.6531088004024684,hybrid_rrf_pgvector
48,ac5462f18506148837cf43c3ce39e9b85853666e7342b2ae02615afc7dcd84a8,Project Explorer Link with Editor tooltip verbose and truncated,1,5882,e9184e835dbb77fd1e2a552e4f7ab3a28c2befdeeb5f26654aa396c7efaad843,pausa,0.17752957927356505,0.822470420726435,0.04918032786885246,0.8458409838354002,hybrid_rrf_pgvector
48,ac5462f18506148837cf43c3ce39e9b85853666e7342b2ae02615afc7dcd84a8,Project Explorer Link with Editor tooltip verbose and truncated,2,5522,7ad0043139936eca05132b0aa204d29e7eeee586a61c57a37b2af914677ae19c,pausa,0.17752957927356505,0.822470420726435,0.04838709677419355,0.8458409838354002,hybrid_rrf_pgvector
48,ac5462f18506148837cf43c3ce39e9b85853666e7342b2ae02615afc7dcd84a8,Project Explorer Link with Editor tooltip verbose and truncated,3,2440,5908c68136686caf732b141a282734e32951ecd930687eebf83b9d9e5978cba9,pausa,0.17752957927356505,0.822470420726435,0.04664224664224664,0.8458409838354002,hybrid_rrf_pgvector
48,ac5462f18506148837cf43c3ce39e9b85853666e7342b2ae02615afc7dcd84a8,Project Explorer Link with Editor tooltip verbose and truncated,4,2304,d092232379046714571f3872cb56574c5769bd5047eec443a15a43adcf2be29b,pausa,0.17752957927356505,0.822470420726435,0.045928030303030304,0.8458409838354002,hybrid_rrf_pgvector
48,ac5462f18506148837cf43c3ce39e9b85853666e7342b2ae02615afc7dcd84a8,Project Explorer Link with Editor tooltip verbose and truncated,5,1483,b110272de53fa70a010a24c3d2f9658ad20371edf98f3a26fb5d7a082decb374,pausa,0.17752957927356505,0.822470420726435,0.04531024531024531,0.8458409838354002,hybrid_rrf_pgvector
49,3ddb06e187d479e306f0871690bac62618c889a0523045296b07a4305b1b9d00,JS_LookupUCProperty fatal-asserts when lookup up property on dense array,1,132,215fd7b9a7c7210d71753fac9ee405c81910a6c7c66ec5f9d1b037deae43dc9d,pausa,0.0348164879039321,0.9651835120960679,0.047712258380229994,0.9599610389104781,hybrid_rrf_pgvector
49,3ddb06e187d479e306f0871690bac62618c889a0523045296b07a4305b1b9d00,JS_LookupUCProperty fatal-asserts when lookup up property on dense array,2,1424,9b3db4e21439765a37e9b220c1e5f5448c2e623adc6e342a4f28a8091fc637bb,play,0.10113072020981417,0.8988692797901858,0.03225806451612903,0.9336996717587137,hybrid_rrf_pgvector
49,3ddb06e187d479e306f0871690bac62618c889a0523045296b07a4305b1b9d00,JS_LookupUCProperty fatal-asserts when lookup up property on dense array,3,5291,1deb0381a88dc3a80e97afbf4f434650ce595157977decce1c1fd6cbb06a93e9,play,0.10227400719200574,0.8977259928079943,0.031746031746031744,0.9323848917291935,hybrid_rrf_pgvector
49,3ddb06e187d479e306f0871690bac62618c889a0523045296b07a4305b1b9d00,JS_LookupUCProperty fatal-asserts when lookup up property on dense array,4,404,843f4cb240063d8c2cb3fc6704b7fa2a98edbfc3b09a769965e171b3894fe99b,pausa,0.11548888816565572,0.8845111118343443,0.03125,0.8671877786094959,hybrid_rrf_pgvector
49,3ddb06e187d479e306f0871690bac62618c889a0523045296b07a4305b1b9d00,JS_LookupUCProperty fatal-asserts when lookup up property on dense array,5,4476,98f47370cf114b1541309ca83e7ce391385932025785964ffefa7eda0b04245b,pausa,0.14502293598105065,0.8549770640189494,0.04537894986932763,0.8332236236217918,hybrid_rrf_pgvector
50,5859d6f4e010dfa1150fdad18443c920c662574a6df62165e5c37c39bac3a4e8,Nightly mac builds are over 285MB in size,1,4291,8bdd32908959a6da7d1808a8ecda742b56d159e70921b53b695a5ce7a020780f,pausa,0.09230986292449272,0.9076901370755073,0.045750384880819665,0.9438436576368334,hybrid_rrf_pgvector
50,5859d6f4e010dfa1150fdad18443c920c662574a6df62165e5c37c39bac3a4e8,Nightly mac builds are over 285MB in size,2,4082,1b624cb9dd561aaaf7ace7304424f977c8dea17266c5936ab01ee64c834accfe,pausa,0.09230986292449272,0.9076901370755073,0.045062229437229435,0.9438436576368334,hybrid_rrf_pgvector
50,5859d6f4e010dfa1150fdad18443c920c662574a6df62165e5c37c39bac3a4e8,Nightly mac builds are over 285MB in size,3,5568,b039f0314412bbcfc2086d775dbcd469a8c990e2a45be224c0aa01281b5492b3,pausa,0.09230986292449272,0.9076901370755073,0.030834914611005692,0.9438436576368334,hybrid_rrf_pgvector
50,5859d6f4e010dfa1150fdad18443c920c662574a6df62165e5c37c39bac3a4e8,Nightly mac builds are over 285MB in size,4,1159,285b92dd7c2fb5dc7c3b01881262745859cbfb6e503d11d78a50c8195db7c3f4,stop,0.049109874553765476,0.9508901254462345,0.04817150063051703,0.9435236442631697,hybrid_rrf_pgvector
50,5859d6f4e010dfa1150fdad18443c920c662574a6df62165e5c37c39bac3a4e8,Nightly mac builds are over 285MB in size,5,5521,22e8dd91e9f164c90342ef30f507f3bb46321c8b05bf015e7af18a59bddeb80c,stop,0.15459692853399554,0.8454030714660045,0.04470046082949308,0.8222135321859051,hybrid_rrf_pgvector
51,5bbb5f3b3bdefd79e8ef37041ae97309b6e9c5ef33278b3bb3b867d1caf1b9bb,"User Defined dropdown in ""Options>Privacy>Cookies"" is empty",1,20,4e7141958890f339450c61b7d0f92b7f05dec8dd40ebee50fab6ae9b4a901a71,play,0.15030183811958375,0.8496981618804162,0.047907090265630725,0.8771528861624788,hybrid_rrf_pgvector
51,5bbb5f3b3bdefd79e8ef37041ae97309b6e9c5ef33278b3bb3b867d1caf1b9bb,"User Defined dropdown in ""Options>Privacy>Cookies"" is empty",2,4779,80a169daa1356f256464e44aa96ab10a250100e8c9d0482a5857d0fc3d864d4d,play,0.15030183811958375,0.8496981618804162,0.04762704813108039,0.8771528861624788,hybrid_rrf_pgvector
51,5bbb5f3b3bdefd79e8ef37041ae97309b6e9c5ef33278b3bb3b867d1caf1b9bb,"User Defined dropdown in ""Options>Privacy>Cookies"" is empty",3,5333,a873d6ba2d7fb3b88bdfd0a1a78808efebeb13ef9979f2c017ffacfabe35dcb5,play,0.15030183811958375,0.8496981618804162,0.04740305800756621,0.8771528861624788,hybrid_rrf_pgvector
51,5bbb5f3b3bdefd79e8ef37041ae97309b6e9c5ef33278b3bb3b867d1caf1b9bb,"User Defined dropdown in ""Options>Privacy>Cookies"" is empty",4,1004,e56e26099ed045bbd0798cf2ab0538cda2c78d24a892c1e208d583c028dda56a,play,0.15030183811958375,0.8496981618804162,0.046649531024531024,0.8771528861624788,hybrid_rrf_pgvector
51,5bbb5f3b3bdefd79e8ef37041ae97309b6e9c5ef33278b3bb3b867d1caf1b9bb,"User Defined dropdown in ""Options>Privacy>Cookies"" is empty",5,1682,597def57d60c10e39cdcab6bd791520642beee250ba6cb2fe3ad94f97d3ea38f,pausa,0.15030183811958375,0.8496981618804162,0.04738666351569577,0.8271528861624787,hybrid_rrf_pgvector
52,937cac14895ce6f945ffa7939c8d8845360060cc3648348e96a3a66b7a518cf2,Crash [@ nsClipboard::HasDataMatchingFlavors],1,4474,7aff7b08cf4ec14680e5c7d813c2d47515b9f3080a495a3c5698d6e18d19b3e2,stop,1.1102230246251565e-16,0.9999999999999999,0.03125,1.0499999999999998,hybrid_rrf_pgvector
52,937cac14895ce6f945ffa7939c8d8845360060cc3648348e96a3a66b7a518cf2,Crash [@ nsClipboard::HasDataMatchingFlavors],2,4495,d641dd1b95fe23500981178e0b7283359ebff7fdc09e832a666008afb7a5d959,stop,1.1102230246251565e-16,0.9999999999999999,0.03076923076923077,1.0499999999999998,hybrid_rrf_pgvector
52,937cac14895ce6f945ffa7939c8d8845360060cc3648348e96a3a66b7a518cf2,Crash [@ nsClipboard::HasDataMatchingFlavors],3,2859,57eef7c17ee51f9b17233a62cf7081ff50600657802a36ed47745858161a5dd5,stop,1.1102230246251565e-16,0.9999999999999999,0.01639344262295082,1.0499999999999998,hybrid_rrf_pgvector
52,937cac14895ce6f945ffa7939c8d8845360060cc3648348e96a3a66b7a518cf2,Crash [@ nsClipboard::HasDataMatchingFlavors],4,5557,60a2aab5c27d8c64bf97eea72f29a22e6aac0791f2ba6b2a5d8c1787c9f15121,stop,1.1102230246251565e-16,0.9999999999999999,0.01639344262295082,1.0499999999999998,hybrid_rrf_pgvector
52,937cac14895ce6f945ffa7939c8d8845360060cc3648348e96a3a66b7a518cf2,Crash [@ nsClipboard::HasDataMatchingFlavors],5,2431,6773ba3dd911c717000baf0aec6b2c7d6c540acf4c2d78aa437723cfad40ba90,stop,1.1102230246251565e-16,0.9999999999999999,0.01639344262295082,1.0499999999999998,hybrid_rrf_pgvector
53,96e716d42f2d18184bba74dbed10bc6d22d08cf626a5018934992709900eb10a,fix format of @supports reftests,1,5911,e8dd47d10086168b13c8e1e733eee6c8b911cf5036c0459fd447e022a930775e,play,0.020973696868693104,0.9790263031313069,0.0460397465437788,1.025880248601003,hybrid_rrf_pgvector
53,96e716d42f2d18184bba74dbed10bc6d22d08cf626a5018934992709900eb10a,fix format of @supports reftests,2,3721,2420d3acf2bad3ca2404310b8220c41235fd593fa46772ae4f08f23447be00ef,play,0.020973696868693104,0.9790263031313069,0.04550427136028541,1.025880248601003,hybrid_rrf_pgvector
53,96e716d42f2d18184bba74dbed10bc6d22d08cf626a5018934992709900eb10a,fix format of @supports reftests,3,4220,b35a8b3336a24cfebc87b67d0d404ba53fb336fa98e59414bd3b746bd000fffc,play,0.020973696868693104,0.9790263031313069,0.04500226142017187,1.025880248601003,hybrid_rrf_pgvector
53,96e716d42f2d18184bba74dbed10bc6d22d08cf626a5018934992709900eb10a,fix format of @supports reftests,4,3084,8051c1bec65ccf542ca632ee18f1f5b22b490a9ac1a3478156b5a5a590f41c01,play,0.020973696868693104,0.9790263031313069,0.04348435026184387,1.025880248601003,hybrid_rrf_pgvector
53,96e716d42f2d18184bba74dbed10bc6d22d08cf626a5018934992709900eb10a,fix format of @supports reftests,5,3025,6bb234ebd726c64da556abd99d0f686b14b53e91e3de4512e28cdd169e492c60,pausa,0.020973696868693104,0.9790263031313069,0.0432712215320911,0.975880248601003,hybrid_rrf_pgvector
54,8ae708ddd73f307c16169ac1782e604c248a988d6ae82f6761757eb5548386ef,"A blocking ""java.lang.IllegalArgumentException: info cannot be null"" exception",1,5355,340e8645e53b692b622139dd39cfd00339c16db80a2835a59274afac1fe8f48f,play,0.2158472619309686,0.7841527380690314,0.04813947436898257,0.8017756487793861,hybrid_rrf_pgvector
54,8ae708ddd73f307c16169ac1782e604c248a988d6ae82f6761757eb5548386ef,"A blocking ""java.lang.IllegalArgumentException: info cannot be null"" exception",2,4214,c44d4bd68b59d209258d9cc8cd3e40e03af59f89865f0185568f6aa7df70fd4b,play,0.2158472619309686,0.7841527380690314,0.04639423076923077,0.8017756487793861,hybrid_rrf_pgvector
54,8ae708ddd73f307c16169ac1782e604c248a988d6ae82f6761757eb5548386ef,"A blocking ""java.lang.IllegalArgumentException: info cannot be null"" exception",3,2195,db7797d6e8a97829f682d7d0e301fe115dfb1ecec5271c9ef5aa202696a75e19,play,0.2158472619309686,0.7841527380690314,0.04554715901558128,0.8017756487793861,hybrid_rrf_pgvector
54,8ae708ddd73f307c16169ac1782e604c248a988d6ae82f6761757eb5548386ef,"A blocking ""java.lang.IllegalArgumentException: info cannot be null"" exception",4,5936,2618ca91a6b31d0c6ae4875ff2d5d82e974c9a3c679b800f91ed0049e7d162ae,pausa,0.2158472619309686,0.7841527380690314,0.04722835723395651,0.7517756487793861,hybrid_rrf_pgvector
54,8ae708ddd73f307c16169ac1782e604c248a988d6ae82f6761757eb5548386ef,"A blocking ""java.lang.IllegalArgumentException: info cannot be null"" exception",5,5669,0396403fb758bea060d38ce632427a9dd4c5c36dd162aad2465b88049e96a8fe,stop,0.2158472619309686,0.7841527380690314,0.04690554740957967,0.7517756487793861,hybrid_rrf_pgvector
55,c53049828e5bd02770affb434d8eff15d4a4791e4a24488e6548ea2bf4adf687,Don't restore session into a new window if only the home page is open,1,5389,ed2f8877647e912565107865579dbea5042e1e48329d1aa7ba01899b8b252621,play,0.28666823811524145,0.7133317618847586,0.03225806451612903,0.7203315261674724,hybrid_rrf_pgvector
55,c53049828e5bd02770affb434d8eff15d4a4791e4a24488e6548ea2bf4adf687,Don't restore session into a new window if only the home page is open,2,1791,b6a4d712ab7281eb687e201c383d3a439f5c3a8ea87f035a34e42c94e0b6d73f,play,0.3001771149569389,0.6998228850430611,0.04787506400409626,0.7047963177995203,hybrid_rrf_pgvector
55,c53049828e5bd02770affb434d8eff15d4a4791e4a24488e6548ea2bf4adf687,Don't restore session into a new window if only the home page is open,3,1043,d7a186bec3fcc929d28ca45aef522cd79e222ac23fa0623ad7e7c52b8bffa76a,play,0.3190405030384188,0.6809594969615812,0.03076923076923077,0.6831034215058184,hybrid_rrf_pgvector
55,c53049828e5bd02770affb434d8eff15d4a4791e4a24488e6548ea2bf4adf687,Don't restore session into a new window if only the home page is open,4,2569,103627d01d306152f52eb6de4178ed0e874179d32a22d69b424b0baf6218b36b,pausa,0.28044639903371804,0.719553600966282,0.04918032786885246,0.6774866411112243,hybrid_rrf_pgvector
55,c53049828e5bd02770affb434d8eff15d4a4791e4a24488e6548ea2bf4adf687,Don't restore session into a new window if only the home page is open,5,3065,2aaf926656298fbbd7657cb8485586988773791a2a09f74e23c66b0a3310a83d,stop,0.30414502941472565,0.6958549705852743,0.03125,0.6502332161730655,hybrid_rrf_pgvector
56,4f034c9cc8246756d5f94bd65e7901447c5824a64478fc40ccf74aadac7cfc33,please tag these debug bundles so they include source references for the 3.6 release,1,2573,957617e2f88f633db65bd248d9ef10b1e931dbd4e2c53a10e4dc566be9fe3522,pausa,0.12375646850816724,0.8762435314918328,0.03225806451612903,0.9076800612156077,hybrid_rrf_pgvector
56,4f034c9cc8246756d5f94bd65e7901447c5824a64478fc40ccf74aadac7cfc33,please tag these debug bundles so they include source references for the 3.6 release,2,3700,8e1bdfb5de655aeca759a566b69a08937409ec6716a620c880ed9a39c1e6fcda,pausa,0.12375646850816724,0.8762435314918328,0.03177805800756621,0.9076800612156077,hybrid_rrf_pgvector
56,4f034c9cc8246756d5f94bd65e7901447c5824a64478fc40ccf74aadac7cfc33,please tag these debug bundles so they include source references for the 3.6 release,3,2459,3953f228c3a80821671d54f6d03651d69007384b1084537725a9229892d5e10e,pausa,0.12375646850816724,0.8762435314918328,0.031746031746031744,0.9076800612156077,hybrid_rrf_pgvector
56,4f034c9cc8246756d5f94bd65e7901447c5824a64478fc40ccf74aadac7cfc33,please tag these debug bundles so they include source references for the 3.6 release,4,1983,30fda84f15ded9c8e5ef4e1c28cf42816cf7574d079951772d0602dc3d24d820,play,0.12375646850816724,0.8762435314918328,0.032018442622950824,0.8576800612156077,hybrid_rrf_pgvector
56,4f034c9cc8246756d5f94bd65e7901447c5824a64478fc40ccf74aadac7cfc33,please tag these debug bundles so they include source references for the 3.6 release,5,292,d4287b2e3978c8d813529410f600d09d7af4a72691af0c9609d935bba48106aa,play,0.12375646850816724,0.8762435314918328,0.030776515151515152,0.8576800612156077,hybrid_rrf_pgvector
57,2e75a114bceecd943769b5b3145dcdbd9ddc34ba89e7ca13ba27fad0b934bf9d,need to turn off --enable-official-branding on 1.8 branch tinderboxen,1,4380,be8dff00b0d468b29d804886729be5b430163ad625b1b621d943c2f80005281a,pausa,0.09324433015410838,0.9067556698458916,0.04670343114189457,0.9427690203227754,hybrid_rrf_pgvector
57,2e75a114bceecd943769b5b3145dcdbd9ddc34ba89e7ca13ba27fad0b934bf9d,need to turn off --enable-official-branding on 1.8 branch tinderboxen,2,978,270dc4cfacb922c908c2b668beaddcd856994eb88a1076c1bf423b145387798d,pausa,0.09324433015410838,0.9067556698458916,0.04531024531024531,0.9427690203227754,hybrid_rrf_pgvector
57,2e75a114bceecd943769b5b3145dcdbd9ddc34ba89e7ca13ba27fad0b934bf9d,need to turn off --enable-official-branding on 1.8 branch tinderboxen,3,3841,382a078fa6a48b0868411991686521c8238cbb0ca7e549c350f9489529929e55,pausa,0.09324433015410838,0.9067556698458916,0.032266458495966696,0.9427690203227754,hybrid_rrf_pgvector
57,2e75a114bceecd943769b5b3145dcdbd9ddc34ba89e7ca13ba27fad0b934bf9d,need to turn off --enable-official-branding on 1.8 branch tinderboxen,4,2678,bb588ecfef634534655526622b6f18ab82ff0499222c185f5fdb2dc98d72f25b,stop,0.09324433015410838,0.9067556698458916,0.04621952999562108,0.8927690203227754,hybrid_rrf_pgvector
57,2e75a114bceecd943769b5b3145dcdbd9ddc34ba89e7ca13ba27fad0b934bf9d,need to turn off --enable-official-branding on 1.8 branch tinderboxen,5,3660,da3a269b94fbcc13ec34928d8cda5db552ee816ea8cf5865103834393e83807d,play,0.09324433015410838,0.9067556698458916,0.04526926877470356,0.8927690203227754,hybrid_rrf_pgvector
58,4827f7a503ac54179476105353e0042e3c51f6728397865050f12a7f7dc993bf,$OBJDIR/media/mtransport/standalone/nricectx.cpp:87:131: warning: extra ‘;’ [-pedantic],1,3012,ba839140ae3bdba4683a41ae214fc154586adef5544bc8842625ce0b7350a1f1,pausa,0.12044495133268984,0.8795550486673102,0.048915917503966164,0.9114883059674067,hybrid_rrf_pgvector
58,4827f7a503ac54179476105353e0042e3c51f6728397865050f12a7f7dc993bf,$OBJDIR/media/mtransport/standalone/nricectx.cpp:87:131: warning: extra ‘;’ [-pedantic],2,836,06865ba2ef55436f9f3e0d83fbab4387fbf2b3f62d7e95f4afeca9a791d4d78d,pausa,0.12044495133268984,0.8795550486673102,0.048651507139079855,0.9114883059674067,hybrid_rrf_pgvector
58,4827f7a503ac54179476105353e0042e3c51f6728397865050f12a7f7dc993bf,$OBJDIR/media/mtransport/standalone/nricectx.cpp:87:131: warning: extra ‘;’ [-pedantic],3,4885,d0653d7bd01d3e54b38bf95a1fdb6835700b8e9eb12a6f11737172bfcceea1c0,pausa,0.1374808691265339,0.8625191308734661,0.03125,0.8918970005044861,hybrid_rrf_pgvector
58,4827f7a503ac54179476105353e0042e3c51f6728397865050f12a7f7dc993bf,$OBJDIR/media/mtransport/standalone/nricectx.cpp:87:131: warning: extra ‘;’ [-pedantic],4,3236,a879cce9b42228c94a8abc0490870aac043afc9079ecef13583a49f541735b9e,play,0.1374808691265339,0.8625191308734661,0.031024531024531024,0.841897000504486,hybrid_rrf_pgvector
58,4827f7a503ac54179476105353e0042e3c51f6728397865050f12a7f7dc993bf,$OBJDIR/media/mtransport/standalone/nricectx.cpp:87:131: warning: extra ‘;’ [-pedantic],5,5965,9498d79678d2d3c9a9d091c5e079a2f0742f8137b2db8d071b3ed56ce3631d19,play,0.1374808691265339,0.8625191308734661,0.03036576949620428,0.841897000504486,hybrid_rrf_pgvector
59,272acb087c6de276b2d765a507a8750ad47140a8f5a0cdc99c111182a354bd6c,Cannot build with Visual Studio 2008SP1 (VC9) since Bug 486918,1,3501,630ca873f54f2c46989221e5e96fdfe52cfce911b7a84c888b1cebfb030afc62,stop,-2.220446049250313e-16,1.0000000000000002,0.04918032786885246,1.0500000000000003,hybrid_rrf_pgvector
59,272acb087c6de276b2d765a507a8750ad47140a8f5a0cdc99c111182a354bd6c,Cannot build with Visual Studio 2008SP1 (VC9) since Bug 486918,2,830,4d36738cd51bac560ede0be2676fb0b668f697e25b00d13bc85930a5cceac74f,stop,0.08717200551035897,0.912827994489641,0.030158730158730156,0.9497521936630873,hybrid_rrf_pgvector
59,272acb087c6de276b2d765a507a8750ad47140a8f5a0cdc99c111182a354bd6c,Cannot build with Visual Studio 2008SP1 (VC9) since Bug 486918,3,5658,2755bca792878cee177c64708d2882d6385a9d0be64c65e6d9c220f79b303f9a,play,0.08717200551035897,0.912827994489641,0.03200204813108039,0.8997521936630872,hybrid_rrf_pgvector
59,272acb087c6de276b2d765a507a8750ad47140a8f5a0cdc99c111182a354bd6c,Cannot build with Visual Studio 2008SP1 (VC9) since Bug 486918,4,5946,204a1b98634b370062a08ada43154e41687e1371e66f068bd2b95a4b31e7b391,pausa,0.08717200551035897,0.912827994489641,0.031754032258064516,0.8997521936630872,hybrid_rrf_pgvector
59,272acb087c6de276b2d765a507a8750ad47140a8f5a0cdc99c111182a354bd6c,Cannot build with Visual Studio 2008SP1 (VC9) since Bug 486918,5,5251,e680bf855183df9d08329c1a759f07aa6ec92cd3e53dc808852fff715808cbfe,pausa,0.08717200551035897,0.912827994489641,0.030776515151515152,0.8997521936630872,hybrid_rrf_pgvector
60,e18f34becf4f8a98618fdf5fb01831800901981c4012d93da20e7214acafb798,"get rid of client.py's update, make checkout smarter",1,3137,72860c5cf88aa41b74a2a9ab487b76f3ee5445bfab23ab8e34091658d74dc933,pausa,0.2191924530650271,0.7808075469349729,0.03278688524590164,0.7979286789752189,hybrid_rrf_pgvector
60,e18f34becf4f8a98618fdf5fb01831800901981c4012d93da20e7214acafb798,"get rid of client.py's update, make checkout smarter",2,5148,89289bec0401cbad698e80c7280ec0069ab94bd5dbd346b1f408f8fab5a2f79e,pausa,0.28028512317994503,0.719714876820055,0.03225806451612903,0.7276721083430633,hybrid_rrf_pgvector
60,e18f34becf4f8a98618fdf5fb01831800901981c4012d93da20e7214acafb798,"get rid of client.py's update, make checkout smarter",3,2671,1e791b77a614e924442a96489d58b9934dc3c5a0292d78d70627570d77a65735,pausa,0.28028512317994503,0.719714876820055,0.03125763125763126,0.7276721083430633,hybrid_rrf_pgvector
60,e18f34becf4f8a98618fdf5fb01831800901981c4012d93da20e7214acafb798,"get rid of client.py's update, make checkout smarter",4,4933,eb5cc3132aa3ba50b43cc3531fcc7aaf1b11ac8715256b68fb0bf5a0bd12f9b7,pausa,0.28028512317994503,0.719714876820055,0.03036576949620428,0.7276721083430633,hybrid_rrf_pgvector
60,e18f34becf4f8a98618fdf5fb01831800901981c4012d93da20e7214acafb798,"get rid of client.py's update, make checkout smarter",5,1943,3ff9f5d3ff32ed8f987045d2af66ef5044fb8ee531903a424e62c9c2f4c40d94,play,0.28028512317994503,0.719714876820055,0.030090497737556562,0.6776721083430632,hybrid_rrf_pgvector
61,fd6bb9676aa960f06b807db09e3b5b3fed31e361134ecea368bb8126a94a8e7d,celliterator assert with empty table,1,5635,1e032ac54314edbefcb30a1e7d5bbd024fc08571ce897691f02f17f232faa140,pausa,0.0,1.0,0.04918032786885246,1.05,hybrid_rrf_pgvector
61,fd6bb9676aa960f06b807db09e3b5b3fed31e361134ecea368bb8126a94a8e7d,celliterator assert with empty table,2,4122,c2f4575179780f2a38033b40a3d201a408f02e8f4bcffe916e722d7709abc17d,pausa,0.0,1.0,0.048131080389144903,1.05,hybrid_rrf_pgvector
61,fd6bb9676aa960f06b807db09e3b5b3fed31e361134ecea368bb8126a94a8e7d,celliterator assert with empty table,3,3644,fa2fd7792af302fca5ef4e0006d1054be2a2a2b23dba34b74180551c7099e07d,pausa,0.0,1.0,0.04787506400409626,1.05,hybrid_rrf_pgvector
61,fd6bb9676aa960f06b807db09e3b5b3fed31e361134ecea368bb8126a94a8e7d,celliterator assert with empty table,4,2165,d1250e2e8cfc240f504f962db791c5ecc934c9fef8d8ca1af42eba48f5a2132b,stop,0.0,1.0,0.046875,1.0,hybrid_rrf_pgvector
61,fd6bb9676aa960f06b807db09e3b5b3fed31e361134ecea368bb8126a94a8e7d,celliterator assert with empty table,5,5016,ec0a3c59b879a444a05704d533b889ecbf34b717431c6b4245e3f79d14e714f2,play,0.22415196511834645,0.7758480348816535,0.045228403437358664,0.7422252401139016,hybrid_rrf_pgvector
62,7e7a17fe1640db6ade2c39bb59ecd83c19513d031fe38279d0ed5d64c5d21369,Consistently pass the right frame to InvalidateInternal,1,5430,3cf738e15802612a87c083af72bdc11e6aff9983fe3bf8bae38f818e1b0a9779,play,0.0,1.0,0.048915917503966164,1.05,hybrid_rrf_pgvector
62,7e7a17fe1640db6ade2c39bb59ecd83c19513d031fe38279d0ed5d64c5d21369,Consistently pass the right frame to InvalidateInternal,2,1941,ace3d28e0cd4c017f7f6645e04c5368c8af7198372aafe60f5d0359cd1213b9a,play,0.0,1.0,0.04664224664224664,1.05,hybrid_rrf_pgvector
62,7e7a17fe1640db6ade2c39bb59ecd83c19513d031fe38279d0ed5d64c5d21369,Consistently pass the right frame to InvalidateInternal,3,4386,157279f347581ce0714a169e6c7dfefca112969ba48bb8fca44788ca446958d9,stop,0.0,1.0,0.047891458495966696,1.0,hybrid_rrf_pgvector
62,7e7a17fe1640db6ade2c39bb59ecd83c19513d031fe38279d0ed5d64c5d21369,Consistently pass the right frame to InvalidateInternal,4,5059,21cac9858f41cd8c378495cee41a55ebb51857e32fb91a6b6e3c5931e8dc6ebf,pausa,0.0,1.0,0.04764267990074442,1.0,hybrid_rrf_pgvector
62,7e7a17fe1640db6ade2c39bb59ecd83c19513d031fe38279d0ed5d64c5d21369,Consistently pass the right frame to InvalidateInternal,5,2115,d54e46809eb94e6fee1cb2a500c3f346345d242a0f34a69fcd6af564d996cfd4,pausa,0.0,1.0,0.04712301587301587,1.0,hybrid_rrf_pgvector
63,262472dd90c85e4deb9b2029575d55ddf819f437043f0e9dc31689b976b23e28,Switch from QWidgets to QGraphicsWidgets,1,793,093307f0ba11d1ab08f4f25442a75704dc37b9a892c7a8e1618191b9622dc700,play,0.07852972022012195,0.921470279779878,0.04865990111891752,0.9596908217468598,hybrid_rrf_pgvector
63,262472dd90c85e4deb9b2029575d55ddf819f437043f0e9dc31689b976b23e28,Switch from QWidgets to QGraphicsWidgets,2,1384,58280f9eea6b6afdc94d24d506f59d0bc76eb490cb51725baf5d3db74d4923d9,pausa,0.09136548076803419,0.9086345192319658,0.04740957966764418,0.8949296971167606,hybrid_rrf_pgvector
63,262472dd90c85e4deb9b2029575d55ddf819f437043f0e9dc31689b976b23e28,Switch from QWidgets to QGraphicsWidgets,3,5118,5da802adc468b30490cca665ab2abe4fe4e4b436c95dcf4b1e6867c2565fba10,play,0.16639467004062614,0.8336053299593739,0.04787506400409626,0.85864612945328,hybrid_rrf_pgvector
63,262472dd90c85e4deb9b2029575d55ddf819f437043f0e9dc31689b976b23e28,Switch from QWidgets to QGraphicsWidgets,4,1266,acff6f3c4d4b5e4c18aeab709bda8732570920e35a47559be6e22dfe5702d803,stop,0.18846955608190452,0.8115304439180955,0.046875,0.7832600105058098,hybrid_rrf_pgvector
63,262472dd90c85e4deb9b2029575d55ddf819f437043f0e9dc31689b976b23e28,Switch from QWidgets to QGraphicsWidgets,5,1114,9d69ed87da9e686cccce62369ae0578e3bf53061a6a9ad43dfd35804f1cc3eac,play,0.23205570729620373,0.7679442927037963,0.04569460390355913,0.7831359366093658,hybrid_rrf_pgvector
64,01ecd6177ee73e60656938e0f0499fe3330db9f03721e26eefa6daf8bbe13590,Failing HCR test on Mac OS Cocoa,1,3071,ef891771f63f616a23e5fb509ca20d8d0974ba06b255ba1a9d17a62f205ed65d,pausa,0.14750624910483956,0.8524937508951604,0.04918032786885246,0.8803678135294346,hybrid_rrf_pgvector
64,01ecd6177ee73e60656938e0f0499fe3330db9f03721e26eefa6daf8bbe13590,Failing HCR test on Mac OS Cocoa,2,4082,1b624cb9dd561aaaf7ace7304424f977c8dea17266c5936ab01ee64c834accfe,pausa,0.25306354823564337,0.7469364517643566,0.045084103293058515,0.7589769195290101,hybrid_rrf_pgvector
64,01ecd6177ee73e60656938e0f0499fe3330db9f03721e26eefa6daf8bbe13590,Failing HCR test on Mac OS Cocoa,3,4787,004219f19332dd5ca632f47fc0ac2391281026c06432734787b8b6369b050a19,pausa,0.25306354823564337,0.7469364517643566,0.030776515151515152,0.7589769195290101,hybrid_rrf_pgvector
64,01ecd6177ee73e60656938e0f0499fe3330db9f03721e26eefa6daf8bbe13590,Failing HCR test on Mac OS Cocoa,4,4857,07c7e881972a771350b122b894027340c3e004a0f834b9b7d0e70eb4fb2a27ac,stop,0.21551977590916094,0.7844802240908391,0.03225806451612903,0.7521522577044649,hybrid_rrf_pgvector
64,01ecd6177ee73e60656938e0f0499fe3330db9f03721e26eefa6daf8bbe13590,Failing HCR test on Mac OS Cocoa,5,4586,1bdbccbde9930a338945743e82a2057359baf78a9cff06a925e4e5ba5f2f9ea9,stop,0.25306354823564337,0.7469364517643566,0.031009615384615385,0.7089769195290101,hybrid_rrf_pgvector
65,b629717ee2c78efe81047f5ea63e37b0f72c4f675577af2fbdbbd69695596aa9,HTMLInputElement and HTMLButtonElement should implement formtarget attribute which override HTMLFormElement target attribute,1,995,2eb491fb1fbda811003f3cb5c61010f4952a5cbc68e4f7c66fb7e7dbf2dff971,pausa,0.12201179530276307,0.8779882046972369,0.047712258380229994,0.9096864354018225,hybrid_rrf_pgvector
65,b629717ee2c78efe81047f5ea63e37b0f72c4f675577af2fbdbbd69695596aa9,HTMLInputElement and HTMLButtonElement should implement formtarget attribute which override HTMLFormElement target attribute,2,3477,90c743a4d003a4ff80820dc0f123af9d22442b4b55354c4c569fe0d734d06f58,pausa,0.12479959134199836,0.8752004086580016,0.031024531024531024,0.906480469956702,hybrid_rrf_pgvector
65,b629717ee2c78efe81047f5ea63e37b0f72c4f675577af2fbdbbd69695596aa9,HTMLInputElement and HTMLButtonElement should implement formtarget attribute which override HTMLFormElement target attribute,3,3172,d9bb7d677bfa94ecacb6e20096ba33a5bbf52bd563c538de8a0b3edc0ca1edcc,pausa,0.12479959134199836,0.8752004086580016,0.03055037313432836,0.906480469956702,hybrid_rrf_pgvector
65,b629717ee2c78efe81047f5ea63e37b0f72c4f675577af2fbdbbd69695596aa9,HTMLInputElement and HTMLButtonElement should implement formtarget attribute which override HTMLFormElement target attribute,4,855,d62b637bebbe1aa05716c02bdf839a6d24c6d9794b8031e100aeb2a3c46b5121,pausa,0.12479959134199836,0.8752004086580016,0.030330882352941176,0.906480469956702,hybrid_rrf_pgvector
65,b629717ee2c78efe81047f5ea63e37b0f72c4f675577af2fbdbbd69695596aa9,HTMLInputElement and HTMLButtonElement should implement formtarget attribute which override HTMLFormElement target attribute,5,1804,6fedbfb266385b75d358b7499e676a8da3dc84c533e0ead5b450e2d0cb03da9e,play,0.12479959134199836,0.8752004086580016,0.03128054740957967,0.8564804699567019,hybrid_rrf_pgvector
66,c957bf52c7a94994b41a46294c65f06833220772484affcd7c39c045ff2e0d14,document.activeElement returns wrong node,1,4120,5af47eaa8db12128d1b263c10d7d664536706909b3a470a1a49883161e66f98e,pausa,0.31067914116199935,0.6893208588380006,0.047492767598842814,0.6927189876637008,hybrid_rrf_pgvector
66,c957bf52c7a94994b41a46294c65f06833220772484affcd7c39c045ff2e0d14,document.activeElement returns wrong node,2,227,1e7a58a8f6c1f259fbd1cbdfc5769f707423e6269648a3fbd8c007d5cc102cd0,pausa,0.31067914116199935,0.6893208588380006,0.04599076949620428,0.6927189876637008,hybrid_rrf_pgvector
66,c957bf52c7a94994b41a46294c65f06833220772484affcd7c39c045ff2e0d14,document.activeElement returns wrong node,3,310,a78de85d77c6ccd9e4d9301913e69ce277d2ea4a643c9b9a0e04e29a22c4ae79,pausa,0.31067914116199935,0.6893208588380006,0.04554334554334554,0.6927189876637008,hybrid_rrf_pgvector
66,c957bf52c7a94994b41a46294c65f06833220772484affcd7c39c045ff2e0d14,document.activeElement returns wrong node,4,3843,d3d18508ee8984a77eef703ab64052cd4760844daf575d92777d309291756254,play,0.31067914116199935,0.6893208588380006,0.04690554740957967,0.6427189876637007,hybrid_rrf_pgvector
66,c957bf52c7a94994b41a46294c65f06833220772484affcd7c39c045ff2e0d14,document.activeElement returns wrong node,5,119,2bbf2c1fce53706805138e4742a9af19fcb7ec377fa541a5c7e32d4e8ff1af6f,play,0.31067914116199935,0.6893208588380006,0.04643902077700826,0.6427189876637007,hybrid_rrf_pgvector
67,6c7f8c49f60ba561068c9d59a29b395337b6e54ecb3bee5083b7914094c3a5cb,ForeCastFox extension unable to display Icons,1,171,e38f7e91b31498952109e3aa93791cd924395403c8429c1ef698da17a889cc56,play,0.0,1.0,0.04838709677419355,1.05,hybrid_rrf_pgvector
67,6c7f8c49f60ba561068c9d59a29b395337b6e54ecb3bee5083b7914094c3a5cb,ForeCastFox extension unable to display Icons,2,1435,d0b14436c2d652b7b1bcf6e74a1c54781969e3dccceeb05026f4f88addcd664d,play,0.030671578801441557,0.9693284211985584,0.046671404880360104,1.0147276843783422,hybrid_rrf_pgvector
67,6c7f8c49f60ba561068c9d59a29b395337b6e54ecb3bee5083b7914094c3a5cb,ForeCastFox extension unable to display Icons,3,3105,e43e0b517d3fc7792610c0f21d34d4a72cd0a4c7aa061564a2afa0bc1722d40e,pausa,0.0,1.0,0.04918032786885246,1.0,hybrid_rrf_pgvector
67,6c7f8c49f60ba561068c9d59a29b395337b6e54ecb3bee5083b7914094c3a5cb,ForeCastFox extension unable to display Icons,4,372,309110e2a1da2b4a51828c9747620b9c8388443dcb6e4834ef68faddb640bca9,pausa,0.20624732794430733,0.7937526720556927,0.04568764568764569,0.7628155728640466,hybrid_rrf_pgvector
67,6c7f8c49f60ba561068c9d59a29b395337b6e54ecb3bee5083b7914094c3a5cb,ForeCastFox extension unable to display Icons,5,4968,13ad87e36caf720f487f1f8ed5aa19d353b280eb2f0d509d875ae87a11ead917,pausa,0.20624732794430733,0.7937526720556927,0.04524201288907172,0.7628155728640466,hybrid_rrf_pgvector
68,0b53d6658c83a53c84951c3ff3c6cea06330a91ca6c57f90aa8861c8695943ed,ConcurrentModificationException in Saveables framework when closing part,1,656,40029cf96229dd9b9a7a463322e554d25d34fa67978d829aa6af2781289bcff2,play,0.026924702395524247,0.9730752976044758,0.04865990111891752,1.0190365922451472,hybrid_rrf_pgvector
68,0b53d6658c83a53c84951c3ff3c6cea06330a91ca6c57f90aa8861c8695943ed,ConcurrentModificationException in Saveables framework when closing part,2,2570,3c68c011166b1a14a2b6e0fd7b5d3a24606df20be596bd519c212d9ed8959305,play,0.08909523649263007,0.9109047635073699,0.047379032258064516,0.9475404780334755,hybrid_rrf_pgvector
68,0b53d6658c83a53c84951c3ff3c6cea06330a91ca6c57f90aa8861c8695943ed,ConcurrentModificationException in Saveables framework when closing part,3,1012,3bce926a18a10ae8f84f912b4b86e9d56fdf2c1f2be692e9a082e576b5519c33,play,0.09036119216983773,0.9096388078301623,0.04526198439241918,0.9460846290046867,hybrid_rrf_pgvector
68,0b53d6658c83a53c84951c3ff3c6cea06330a91ca6c57f90aa8861c8695943ed,ConcurrentModificationException in Saveables framework when closing part,4,1157,5a03ba72adf59e744e0203a127e7af3d651eb18fc4427aa825d74c446a4e9ab7,play,0.1030354428846636,0.8969645571153364,0.045454545454545456,0.9315092406826369,hybrid_rrf_pgvector
68,0b53d6658c83a53c84951c3ff3c6cea06330a91ca6c57f90aa8861c8695943ed,ConcurrentModificationException in Saveables framework when closing part,5,1784,81baef44e0d986b439a8c711d6f3d7774b9724b9606ddffe68c4d4127f0c5bf4,stop,0.08675244501844781,0.9132475549815522,0.046451914098972924,0.900234688228785,hybrid_rrf_pgvector
69,b26b8177d055d7ced041b1302c2949c01ae7c13381568218b770ea8fc188340b,localStorage.key() gets out-of-sync when localStorage is updated in a separate window,1,2305,08804b70465f6c6f260ece54693402efc6a0f4696a71007e496c8f920a08e05b,stop,0.16196290163485794,0.8380370983651421,0.04918032786885246,0.8137426631199134,hybrid_rrf_pgvector
69,b26b8177d055d7ced041b1302c2949c01ae7c13381568218b770ea8fc188340b,localStorage.key() gets out-of-sync when localStorage is updated in a separate window,2,275,57542558f71aaabe2aba7adb1cd7363142662027e273f4451e4a8ffb4b8fdc45,play,0.24439598116731776,0.7556040188326822,0.0471386476426799,0.7689446216575846,hybrid_rrf_pgvector
69,b26b8177d055d7ced041b1302c2949c01ae7c13381568218b770ea8fc188340b,localStorage.key() gets out-of-sync when localStorage is updated in a separate window,3,1490,dc5796945826f297d9a8be9f0489bc256815641a6201c887a4ed5e24583aed38,pausa,0.24439598116731776,0.7556040188326822,0.04762704813108039,0.7189446216575845,hybrid_rrf_pgvector
69,b26b8177d055d7ced041b1302c2949c01ae7c13381568218b770ea8fc188340b,localStorage.key() gets out-of-sync when localStorage is updated in a separate window,4,1463,9dfeeb0dccd95fcc678283c642ef22d2068f3a8999596a44e652fc9731dbde67,pausa,0.24439598116731776,0.7556040188326822,0.047371031746031744,0.7189446216575845,hybrid_rrf_pgvector
69,b26b8177d055d7ced041b1302c2949c01ae7c13381568218b770ea8fc188340b,localStorage.key() gets out-of-sync when localStorage is updated in a separate window,5,3935,e80f7842b15c1ae59e80841cd06071366c814159e05d7d104d71de0eb3caa771,pausa,0.2666972782643615,0.7333027217356385,0.04390451832907076,0.6932981299959843,hybrid_rrf_pgvector
70,97655fcbe6b3fe60680050d0446feb56fb33892c9a9afe20cc6f943a7d300fd2,Dehydra:Missing function call arguments in copy constructor,1,5887,e9ab1789e4220418464097c400e1d895f1844c98daba02786ea1764e4bc57019,pausa,0.059154283186268475,0.9408457168137315,0.03225806451612903,0.9819725743357913,hybrid_rrf_pgvector
70,97655fcbe6b3fe60680050d0446feb56fb33892c9a9afe20cc6f943a7d300fd2,Dehydra:Missing function call arguments in copy constructor,2,2676,c2d42e1b65826ca91dfd3f80ab2a2f61d5c762c8aa2359f815c6cadab38f5ec2,pausa,0.059154283186268475,0.9408457168137315,0.03036576949620428,0.9819725743357913,hybrid_rrf_pgvector
70,97655fcbe6b3fe60680050d0446feb56fb33892c9a9afe20cc6f943a7d300fd2,Dehydra:Missing function call arguments in copy constructor,3,3292,482836ffa93532aef11db3fa8db4f786f6aa8ffb31e79104edf52c97f1cd3498,play,0.025550302856168994,0.974449697143831,0.03278688524590164,0.9706171517154056,hybrid_rrf_pgvector
70,97655fcbe6b3fe60680050d0446feb56fb33892c9a9afe20cc6f943a7d300fd2,Dehydra:Missing function call arguments in copy constructor,4,3578,e581d238109d950bb0a61deca83660a9ddd70a09288e4ace687abec0be6f30b7,stop,0.059154283186268475,0.9408457168137315,0.03007688828584351,0.9319725743357913,hybrid_rrf_pgvector
70,97655fcbe6b3fe60680050d0446feb56fb33892c9a9afe20cc6f943a7d300fd2,Dehydra:Missing function call arguments in copy constructor,5,2249,40c69295f68b65fee0249a885f38ef755030b7342155ed9ad5c1d20f6fe5d6eb,play,0.059154283186268475,0.9408457168137315,0.029437229437229435,0.9319725743357913,hybrid_rrf_pgvector
71,39a29dc81b4975da444783ac60299f2351a014bdaea87ed64965e796ec0c38fc,Browser goes into an endless loop,1,5802,f0c8e41666405710c470d9db8f1f3052cdb66e02acbe06cdf445bef7327f7b09,pausa,-2.220446049250313e-16,1.0000000000000002,0.04865990111891752,1.0500000000000003,hybrid_rrf_pgvector
71,39a29dc81b4975da444783ac60299f2351a014bdaea87ed64965e796ec0c38fc,Browser goes into an endless loop,2,1516,372fc858b17f1ac718f5791e9bcde560efe202bfd524d9364b41b53430b3de96,pausa,-2.220446049250313e-16,1.0000000000000002,0.04787506400409626,1.0500000000000003,hybrid_rrf_pgvector
71,39a29dc81b4975da444783ac60299f2351a014bdaea87ed64965e796ec0c38fc,Browser goes into an endless loop,3,3494,e4e42b77674e9c196d9f1a9f664a63517bac5148e0aee24121039bfc6a786d5b,stop,-2.220446049250313e-16,1.0000000000000002,0.048651507139079855,1.0000000000000002,hybrid_rrf_pgvector
71,39a29dc81b4975da444783ac60299f2351a014bdaea87ed64965e796ec0c38fc,Browser goes into an endless loop,4,1497,ceffff5815f24993a6aadf5930d617597f51ce2bf7305e3cc80d4778f98751a3,stop,0.11925966271967292,0.8807403372803271,0.03125,0.8628513878723761,hybrid_rrf_pgvector
71,39a29dc81b4975da444783ac60299f2351a014bdaea87ed64965e796ec0c38fc,Browser goes into an endless loop,5,2078,eac472c7705c4b2befd96247c2a0fa217dede3fe4f35e90fcdbdc3968466778d,pausa,0.17369937708210303,0.826300622917897,0.03076923076923077,0.8502457163555815,hybrid_rrf_pgvector
72,cdf8895e0a675a95636bce500d14604bfbf5e911bc22173bc40626c2f0fd2b58,importing_existing_projects,1,0,737a8c586e01a3db3f0e7f8cdf0146c83a33197e8d2e8f1ab813f7fbb5ddbbae,play,1.0,0.0,0.03278688524590164,-0.09999999999999999,hybrid_rrf_pgvector
72,cdf8895e0a675a95636bce500d14604bfbf5e911bc22173bc40626c2f0fd2b58,importing_existing_projects,2,2,50f50c77354314a73686fd77a1e2c3b3b4b8a48d5bbfdc5391409e149234c098,play,1.0,0.0,0.031746031746031744,-0.09999999999999999,hybrid_rrf_pgvector
72,cdf8895e0a675a95636bce500d14604bfbf5e911bc22173bc40626c2f0fd2b58,importing_existing_projects,3,1,7175846e309b39507fa4c4cfa3ee674c5626208653c00dcf439122eea5f9aec0,pausa,1.0,0.0,0.03225806451612903,-0.15,hybrid_rrf_pgvector
72,cdf8895e0a675a95636bce500d14604bfbf5e911bc22173bc40626c2f0fd2b58,importing_existing_projects,4,3,08db3dc49103c8ccfff8b8dd59d2b8fa79ebca6f181aec85d18c2d9e440dc33f,pausa,1.0,0.0,0.03125,-0.15,hybrid_rrf_pgvector
72,cdf8895e0a675a95636bce500d14604bfbf5e911bc22173bc40626c2f0fd2b58,importing_existing_projects,5,4,c020e3e61c72b8025cbdaa2c813ae36f00080d2900b13a19128931d6d15dd411,stop,1.0,0.0,0.03076923076923077,-0.15,hybrid_rrf_pgvector
73,49aaaaa339be47bd78422b99f218fc0483d35e06d757b4f5a220f5b606dffc17,ContentProposalAdapter with Text produces unwanted popup on Enter,1,5231,98bd1ddc60af3fc45fd523b3c331eeb16ae4f16c5046c6dcc1009cd85ff2ef98,play,0.03289651715752051,0.9671034828424795,0.04722835723395651,1.0121690052688515,hybrid_rrf_pgvector
73,49aaaaa339be47bd78422b99f218fc0483d35e06d757b4f5a220f5b606dffc17,ContentProposalAdapter with Text produces unwanted popup on Enter,2,4819,3dbcca7e7feeb7138bb39ddf4eace92eafaee56ca2635463bb4fbf76b88765ba,play,0.03289651715752051,0.9671034828424795,0.045327668234194096,1.0121690052688515,hybrid_rrf_pgvector
73,49aaaaa339be47bd78422b99f218fc0483d35e06d757b4f5a220f5b606dffc17,ContentProposalAdapter with Text produces unwanted popup on Enter,3,4693,fa071217a68ee224465f316d9c67841272a597681fe83cd2595e86feb89dd5df,play,0.03289651715752051,0.9671034828424795,0.045084103293058515,1.0121690052688515,hybrid_rrf_pgvector
73,49aaaaa339be47bd78422b99f218fc0483d35e06d757b4f5a220f5b606dffc17,ContentProposalAdapter with Text produces unwanted popup on Enter,4,2189,6276a5adbbd1e296402b7891feb6d95dba618faad1d38f6d2121531d28ae4315,play,0.03289651715752051,0.9671034828424795,0.031009615384615385,1.0121690052688515,hybrid_rrf_pgvector
73,49aaaaa339be47bd78422b99f218fc0483d35e06d757b4f5a220f5b606dffc17,ContentProposalAdapter with Text produces unwanted popup on Enter,5,1795,5541202dafbd75d0e74152a39213e877ec01a28d49de6be80c5c1e6da829d68d,pausa,0.03289651715752051,0.9671034828424795,0.043916969772983816,0.9621690052688514,hybrid_rrf_pgvector
74,86d613d07a9c70b52e6fa910c10d890a9032cbc39f7203d194d1bf634c3e3a24,TM: Crash [@ 0x000fdecb],1,1504,fa2002093aa6c55c85bac6345a1391acb23205535c030f6a8931e220d31c5ffc,pausa,-2.220446049250313e-16,1.0000000000000002,0.03252247488101534,1.0500000000000003,hybrid_rrf_pgvector
74,86d613d07a9c70b52e6fa910c10d890a9032cbc39f7203d194d1bf634c3e3a24,TM: Crash [@ 0x000fdecb],2,2319,b1ab19c010bc12a050eeb0a208f2b23fae331c41ea200e9a2c4138d9831b52d8,pausa,-2.220446049250313e-16,1.0000000000000002,0.031746031746031744,1.0500000000000003,hybrid_rrf_pgvector
74,86d613d07a9c70b52e6fa910c10d890a9032cbc39f7203d194d1bf634c3e3a24,TM: Crash [@ 0x000fdecb],3,2311,0f99b476d9afd8c71db70f1ee62228bb6ef3ae101344eac0818b742f4ad93470,stop,-2.220446049250313e-16,1.0000000000000002,0.03128054740957967,1.0000000000000002,hybrid_rrf_pgvector
74,86d613d07a9c70b52e6fa910c10d890a9032cbc39f7203d194d1bf634c3e3a24,TM: Crash [@ 0x000fdecb],4,657,1cef51b585b21831cdfb7ae049142bdb96e60ca17d3a59dee278277fcabae6fb,stop,-2.220446049250313e-16,1.0000000000000002,0.031009615384615385,1.0000000000000002,hybrid_rrf_pgvector
74,86d613d07a9c70b52e6fa910c10d890a9032cbc39f7203d194d1bf634c3e3a24,TM: Crash [@ 0x000fdecb],5,2547,61fa5a5b1b60dda3d39deb3d3886c9815dbd47e04a8e1d300f14bfd382d2e04f,stop,-2.220446049250313e-16,1.0000000000000002,0.029850746268656716,1.0000000000000002,hybrid_rrf_pgvector
75,7ff06f43bcb2b2b1d4086364e4dd8721a010276af13a471d5254dd9783b34e2a,New Java Project Wizard should allow Execution Environment as JRE,1,4465,e4c8f1d224ea0b47e846a5f055638610930facbc4c1d06dce8574c4f1c72afdb,play,0.012235133511653618,0.9877648664883464,0.04918032786885246,1.0359295964615984,hybrid_rrf_pgvector
75,7ff06f43bcb2b2b1d4086364e4dd8721a010276af13a471d5254dd9783b34e2a,New Java Project Wizard should allow Execution Environment as JRE,2,770,1da9acf1aa90018d467068b245149bd8c3a21e8dc31e91623448647aa075258e,play,0.04799982339965825,0.9520001766003418,0.048131080389144903,0.9948002030903931,hybrid_rrf_pgvector
75,7ff06f43bcb2b2b1d4086364e4dd8721a010276af13a471d5254dd9783b34e2a,New Java Project Wizard should allow Execution Environment as JRE,3,951,55f1f952f82bd42f305ba2f325addb6f1c654560d9c6ca9d7cba36c52a0a9023,play,0.05111942575983974,0.9488805742401603,0.047371031746031744,0.9912126603761844,hybrid_rrf_pgvector
75,7ff06f43bcb2b2b1d4086364e4dd8721a010276af13a471d5254dd9783b34e2a,New Java Project Wizard should allow Execution Environment as JRE,4,3793,7f79fc66d5313fb70cf917b7929f7817c572a05944bd54a8213bbafaa16e6cd2,play,0.05568262334230867,0.9443173766576913,0.046634615384615385,0.9859649831563451,hybrid_rrf_pgvector
75,7ff06f43bcb2b2b1d4086364e4dd8721a010276af13a471d5254dd9783b34e2a,New Java Project Wizard should allow Execution Environment as JRE,5,5630,7089eff74a8631b1619fd2c1882c1470ef8be46906dbac3be941819584b890bd,play,0.0860803487523214,0.9139196512476786,0.04643206256109482,0.9510075989348304,hybrid_rrf_pgvector
76,46d2787e16d9dcec0163edfc1a78c9d61df6a20402cf7e9686d5c3b0077a76fc,"Treat FutureReservedWords as errors when encountered as function or argument name for a function containing ""use strict"" directive",1,4659,7620bf6408a5461db2b58f48ea2e1b00ac2a1eb9fef7f2cb5e3e9634700d73b0,play,0.18096909263980232,0.8190309073601977,0.03278688524590164,0.8418855434642274,hybrid_rrf_pgvector
76,46d2787e16d9dcec0163edfc1a78c9d61df6a20402cf7e9686d5c3b0077a76fc,"Treat FutureReservedWords as errors when encountered as function or argument name for a function containing ""use strict"" directive",2,5829,6e9884993fb61f16eb43ea168e41c8e028264f9d61064c45358e3545367623a4,play,0.25822145469090874,0.7417785453090913,0.03125,0.753045327105455,hybrid_rrf_pgvector
76,46d2787e16d9dcec0163edfc1a78c9d61df6a20402cf7e9686d5c3b0077a76fc,"Treat FutureReservedWords as errors when encountered as function or argument name for a function containing ""use strict"" directive",3,5800,5db2189b2a801e9f7909fc9a2cb4be0a310c926e33487f6c58b98f80c65332b9,pausa,0.22567904331612332,0.7743209566838767,0.03225806451612903,0.7404691001864582,hybrid_rrf_pgvector
76,46d2787e16d9dcec0163edfc1a78c9d61df6a20402cf7e9686d5c3b0077a76fc,"Treat FutureReservedWords as errors when encountered as function or argument name for a function containing ""use strict"" directive",4,3345,98e3a93d8b102005b1093d697b7d3f7673e6b9df617595be079fb4d45afa6c93,stop,0.22567904331612332,0.7743209566838767,0.031746031746031744,0.7404691001864582,hybrid_rrf_pgvector
76,46d2787e16d9dcec0163edfc1a78c9d61df6a20402cf7e9686d5c3b0077a76fc,"Treat FutureReservedWords as errors when encountered as function or argument name for a function containing ""use strict"" directive",5,2,50f50c77354314a73686fd77a1e2c3b3b4b8a48d5bbfdc5391409e149234c098,play,0.2751797556685406,0.7248202443314594,0.03076923076923077,0.7335432809811784,hybrid_rrf_pgvector
77,1225cafdf86e0b337c0935ab1907ce1f91d502b5f13583ec6cd663c45162990b,Wrong __stdcall check on win64.,1,2210,d231b62078c564b81e91d5c6b92886e4b8254ffe90f95b42113b1921d6d3366d,play,0.0,1.0,0.04918032786885246,1.05,hybrid_rrf_pgvector
77,1225cafdf86e0b337c0935ab1907ce1f91d502b5f13583ec6cd663c45162990b,Wrong __stdcall check on win64.,2,4349,9cdd36c00d982160a2a1002f82870591988993018c29cc50896e2298025c6ad3,play,0.22802363064190245,0.7719763693580975,0.03200204813108039,0.7877728247618122,hybrid_rrf_pgvector
77,1225cafdf86e0b337c0935ab1907ce1f91d502b5f13583ec6cd663c45162990b,Wrong __stdcall check on win64.,3,1785,8bc7d1d73eecc7fb36867d7b94610d24730fd4e1fbf329845dbd6341a6a86ec5,play,0.22802363064190245,0.7719763693580975,0.030309988518943745,0.7877728247618122,hybrid_rrf_pgvector
77,1225cafdf86e0b337c0935ab1907ce1f91d502b5f13583ec6cd663c45162990b,Wrong __stdcall check on win64.,4,4274,11ac0f30b468165512c62df9310c7329c6185a49594f2382cb82f3ff0eda85ef,stop,0.22802363064190245,0.7719763693580975,0.044610507246376815,0.7377728247618122,hybrid_rrf_pgvector
77,1225cafdf86e0b337c0935ab1907ce1f91d502b5f13583ec6cd663c45162990b,Wrong __stdcall check on win64.,5,5458,81fc487a5aada9602d8682794c9412e79e99ffbf508c68dab45b5a6a0e5439c6,pausa,0.22802363064190245,0.7719763693580975,0.030834914611005692,0.7377728247618122,hybrid_rrf_pgvector
78,3c5d8a2cd4703870cfc24a9696030c3ffcb76408bb376876c853826bccd70aaa,"[Trunk] Secure (encrypted, https) sites loading as being partially encrypted. Broken lock is present as is the white address bar",1,5139,feea9fdda9a709da0a7ed0a6c019d30764993df76404bbaa18ab4725876240df,stop,0.19748216134381813,0.8025178386561819,0.04918032786885246,0.8228955144546092,hybrid_rrf_pgvector
78,3c5d8a2cd4703870cfc24a9696030c3ffcb76408bb376876c853826bccd70aaa,"[Trunk] Secure (encrypted, https) sites loading as being partially encrypted. Broken lock is present as is the white address bar",2,5545,e3634cc8efb0ae930ae1b6dd9b56a0fb59089f976f9d370d6e9351525f8cbcf7,stop,0.24721198918797493,0.7527880108120251,0.03225806451612903,0.7657062124338289,hybrid_rrf_pgvector
78,3c5d8a2cd4703870cfc24a9696030c3ffcb76408bb376876c853826bccd70aaa,"[Trunk] Secure (encrypted, https) sites loading as being partially encrypted. Broken lock is present as is the white address bar",3,2502,cdd30cdddfc8c0645fe1c0b7d4fc1fb7cf25cf6f0af84ea363eb1b87d48d27a3,play,0.25361045913666447,0.7463895408633355,0.031746031746031744,0.7083479719928358,hybrid_rrf_pgvector
78,3c5d8a2cd4703870cfc24a9696030c3ffcb76408bb376876c853826bccd70aaa,"[Trunk] Secure (encrypted, https) sites loading as being partially encrypted. Broken lock is present as is the white address bar",4,5223,12514867dbd711250aa4c4592133850fd136521ac62074e7ff95b095e5fe1490,play,0.3050328206088554,0.6949671793911446,0.04440346790890269,0.6492122562998163,hybrid_rrf_pgvector
78,3c5d8a2cd4703870cfc24a9696030c3ffcb76408bb376876c853826bccd70aaa,"[Trunk] Secure (encrypted, https) sites loading as being partially encrypted. Broken lock is present as is the white address bar",5,2964,f88d3de78c054a84b5fac457b8dc32a9542a22363aa78e3d186ab6d9883474a7,play,0.3050328206088554,0.6949671793911446,0.04327731092436975,0.6492122562998163,hybrid_rrf_pgvector
79,40c1cce09cf60873e27dfd774ce5892f8a7ba8d8d80aa0d912a82cece5d7d38c,Existing Snippet Does Not Function as Expected,1,1162,8836243f1d0826f5eed47d742376c8282bec79d15a329d4d2b0debc68a723e27,play,0.18216670769971688,0.8178332923002831,0.048651507139079855,0.8405082861453257,hybrid_rrf_pgvector
79,40c1cce09cf60873e27dfd774ce5892f8a7ba8d8d80aa0d912a82cece5d7d38c,Existing Snippet Does Not Function as Expected,2,2316,521d4c7c5fb9c5c5017d072873812591290b7e5b5aae6cd4a48ab70143c20ecd,pausa,0.16531348770472998,0.83468651229527,0.03278688524590164,0.8098894891395605,hybrid_rrf_pgvector
79,40c1cce09cf60873e27dfd774ce5892f8a7ba8d8d80aa0d912a82cece5d7d38c,Existing Snippet Does Not Function as Expected,3,4732,4746b7b61adbb30eed2b65743a0dbadbe8e75387b41cd6fb0802847e126e2af3,play,0.2396071291899674,0.7603928708100326,0.03125,0.7744518014315376,hybrid_rrf_pgvector
79,40c1cce09cf60873e27dfd774ce5892f8a7ba8d8d80aa0d912a82cece5d7d38c,Existing Snippet Does Not Function as Expected,4,2923,e3bc01c8061509ca24dee41f5809185c71d75676fd13a5e7e1fbd86049239277,play,0.2407967480306803,0.7592032519693197,0.029850746268656716,0.7730837397647177,hybrid_rrf_pgvector
79,40c1cce09cf60873e27dfd774ce5892f8a7ba8d8d80aa0d912a82cece5d7d38c,Existing Snippet Does Not Function as Expected,5,2212,94117d099fcb54267fbfb3b71e8d0d0d36cfcd9161635ea74828151cf8192d22,stop,0.21157921369468224,0.7884207863053178,0.031746031746031744,0.7566839042511154,hybrid_rrf_pgvector
80,627ca699ecd62b4a09c75dafca846eba19509b116957710a69583e483bc3780c,One more screen shot to update in Team CVS Tutorial,1,4900,05aac3f658d4e51e741f769982a4aec6d16fe03b70e83b00228628a82762b82d,play,0.013957668589715144,0.9860423314102849,0.03278688524590164,1.0339486811218275,hybrid_rrf_pgvector
80,627ca699ecd62b4a09c75dafca846eba19509b116957710a69583e483bc3780c,One more screen shot to update in Team CVS Tutorial,2,4266,e204a89f0a25913656e0c5219b31ef0f2d601dacb3698d9be41c421d4b770630,pausa,0.019423570907249776,0.9805764290927502,0.04625084012740715,0.9776628934566628,hybrid_rrf_pgvector
80,627ca699ecd62b4a09c75dafca846eba19509b116957710a69583e483bc3780c,One more screen shot to update in Team CVS Tutorial,3,4289,1d0859f0eb9d0c3cb36500097d2aff424c51a8fc465719cf0405e35bdc663717,stop,0.019423570907249776,0.9805764290927502,0.04616113053613054,0.9776628934566628,hybrid_rrf_pgvector
80,627ca699ecd62b4a09c75dafca846eba19509b116957710a69583e483bc3780c,One more screen shot to update in Team CVS Tutorial,4,4997,40e44ac62e7ee82bc0a2dfc4f7700cf48267ea2edc9195c8de01abfe0826e23e,pausa,0.019423570907249776,0.9805764290927502,0.04554334554334554,0.9776628934566628,hybrid_rrf_pgvector
80,627ca699ecd62b4a09c75dafca846eba19509b116957710a69583e483bc3780c,One more screen shot to update in Team CVS Tutorial,5,3986,6c75bf43d31f2d9393ce622be034cb35acb824400bf953a295004ab1b712036b,stop,0.019423570907249776,0.9805764290927502,0.04550427136028541,0.9776628934566628,hybrid_rrf_pgvector
81,38d12e296a24b749c33d9544d253fa8e79d98f101dc35cbd62da03612bd31c38,Take advantage of old yes/no constant in nsIPromptService,1,811,9285586dde6b95261f4b0ab555feae1eee266f129acd1a5a20f7ad85dff83d4a,stop,0.282873237826504,0.717126762173496,0.032018442622950824,0.7246957764995204,hybrid_rrf_pgvector
81,38d12e296a24b749c33d9544d253fa8e79d98f101dc35cbd62da03612bd31c38,Take advantage of old yes/no constant in nsIPromptService,2,1177,de27a292db315f1770806829c8948d583c187099a154f9bf9d11b4cc9c2443b2,stop,0.282873237826504,0.717126762173496,0.03200204813108039,0.7246957764995204,hybrid_rrf_pgvector
81,38d12e296a24b749c33d9544d253fa8e79d98f101dc35cbd62da03612bd31c38,Take advantage of old yes/no constant in nsIPromptService,3,1783,9ba15775bd32e70c77dcd4aac219fab2bfa60cf521d3190a31278ba80f5ad1f5,stop,0.282873237826504,0.717126762173496,0.03200204813108039,0.7246957764995204,hybrid_rrf_pgvector
81,38d12e296a24b749c33d9544d253fa8e79d98f101dc35cbd62da03612bd31c38,Take advantage of old yes/no constant in nsIPromptService,4,3041,886d4f6975777b2d5a7ba6507483dd3d0526e35b2cdb717d3e8fcc7e1cf9cb2b,pausa,0.282873237826504,0.717126762173496,0.032018442622950824,0.6746957764995204,hybrid_rrf_pgvector
81,38d12e296a24b749c33d9544d253fa8e79d98f101dc35cbd62da03612bd31c38,Take advantage of old yes/no constant in nsIPromptService,5,2365,8eea25a112e56c8320da2d5836809a051e2130b4bad2dfa35bdd1d19d8192ec8,play,0.35094112867980987,0.6490588713201901,0.04547574626865672,0.5964177020182186,hybrid_rrf_pgvector
82,cb51982b2ce2acc1fdea8bae05c71dc58cbd6c63452f00098474b4d34b11be67,"Incorrect, inconsistent handling of initial offer with c=IN IP4 0.0.0.0",1,1284,767a7ae7c59aa3e7c898c6001a6ebe7dbc19d05b901c6433e840393bbc898610,pausa,1.1102230246251565e-16,0.9999999999999999,0.04918032786885246,1.0499999999999998,hybrid_rrf_pgvector
82,cb51982b2ce2acc1fdea8bae05c71dc58cbd6c63452f00098474b4d34b11be67,"Incorrect, inconsistent handling of initial offer with c=IN IP4 0.0.0.0",2,273,940b141131955be7df25bf82d87bf390e70dba60abcda3c242b994a843700aec,stop,1.1102230246251565e-16,0.9999999999999999,0.04838709677419355,0.9999999999999999,hybrid_rrf_pgvector
82,cb51982b2ce2acc1fdea8bae05c71dc58cbd6c63452f00098474b4d34b11be67,"Incorrect, inconsistent handling of initial offer with c=IN IP4 0.0.0.0",3,2516,0e34f354a9f2eb67525fecd4c4f9fde8830830137116459abf7839b29f013cda,pausa,0.11635668932119625,0.8836433106788038,0.047619047619047616,0.9161898072806244,hybrid_rrf_pgvector
82,cb51982b2ce2acc1fdea8bae05c71dc58cbd6c63452f00098474b4d34b11be67,"Incorrect, inconsistent handling of initial offer with c=IN IP4 0.0.0.0",4,1936,7e48dd9ca16af1c1a29e28fc212d9673dcec5fd89005d8926c2924eafae50d98,pausa,0.14849384252947373,0.8515061574705263,0.04617537313432836,0.8792320810911053,hybrid_rrf_pgvector
82,cb51982b2ce2acc1fdea8bae05c71dc58cbd6c63452f00098474b4d34b11be67,"Incorrect, inconsistent handling of initial offer with c=IN IP4 0.0.0.0",5,3042,9f20a401c7dbadae5c8b25a1f38d96b118fd4e2b603273ec3ebdfe335a83e336,pausa,0.18458039104344726,0.8154196089565527,0.04592074592074592,0.8377325503000357,hybrid_rrf_pgvector
83,f5faa99ec298100abfc834d79689776b7a3267c4f929c8b1fdc6da5148f71a5a,Problems with spawner and fast  (Dual Core) machines,1,5019,cd4083930218e041d5e5c7d1e959db99a689a8ed5b74a437759aec3881be994b,play,0.14095500401874017,0.8590449959812598,0.047619047619047616,0.8879017453784488,hybrid_rrf_pgvector
83,f5faa99ec298100abfc834d79689776b7a3267c4f929c8b1fdc6da5148f71a5a,Problems with spawner and fast  (Dual Core) machines,2,5345,d5f02fc5384acf4abd11d11dfad4d5a4c3e7050ab2cf67c842d52c633e0e0b52,stop,0.14095500401874017,0.8590449959812598,0.04891591750396616,0.8379017453784487,hybrid_rrf_pgvector
83,f5faa99ec298100abfc834d79689776b7a3267c4f929c8b1fdc6da5148f71a5a,Problems with spawner and fast  (Dual Core) machines,3,5431,7445330d7e00282b55a529442c0874d79a34d323026e3282664c8b717bd2d031,pausa,0.14095500401874017,0.8590449959812598,0.04814747488101534,0.8379017453784487,hybrid_rrf_pgvector
83,f5faa99ec298100abfc834d79689776b7a3267c4f929c8b1fdc6da5148f71a5a,Problems with spawner and fast  (Dual Core) machines,4,3140,b1b27778d9d4d98a5d8d0ab87d6a296d0357ee2c5736e905d9ad6c359ee7883b,pausa,0.14095500401874017,0.8590449959812598,0.04640151515151515,0.8379017453784487,hybrid_rrf_pgvector
83,f5faa99ec298100abfc834d79689776b7a3267c4f929c8b1fdc6da5148f71a5a,Problems with spawner and fast  (Dual Core) machines,5,2414,7be63588cfdf82e6f81f640f902ec7a7660f108b75a72df12c442b01262a2bfb,pausa,0.14095500401874017,0.8590449959812598,0.04569460390355913,0.8379017453784487,hybrid_rrf_pgvector
84,99b81a6b2df817378edf18209326bdb02a5965e27f0aae12b4f1ce80e5ab9ae1,videoWidth and videoHeight should be valid when loadedmetadata fires,1,2362,ee4da01b0d415ffb85339aa0523177cbfaa34701fab346fdecdf5ee67f71e55a,play,0.079396441934248,0.920603558065752,0.048651507139079855,0.9586940917756148,hybrid_rrf_pgvector
84,99b81a6b2df817378edf18209326bdb02a5965e27f0aae12b4f1ce80e5ab9ae1,videoWidth and videoHeight should be valid when loadedmetadata fires,2,3867,a85c1bd47c26cc027e34178dd4981cffc68d814f11e78dc1fcbd460f6d060985,pausa,0.0494993901489158,0.9505006098510842,0.048915917503966164,0.9430757013287469,hybrid_rrf_pgvector
84,99b81a6b2df817378edf18209326bdb02a5965e27f0aae12b4f1ce80e5ab9ae1,videoWidth and videoHeight should be valid when loadedmetadata fires,3,3715,e15a95bab07242f030c5e825c7236b871662e7a0b89db7c8d65e2d570a111383,play,0.12591811477209391,0.8740818852279061,0.04713064713064713,0.9051941680120921,hybrid_rrf_pgvector
84,99b81a6b2df817378edf18209326bdb02a5965e27f0aae12b4f1ce80e5ab9ae1,videoWidth and videoHeight should be valid when loadedmetadata fires,4,2881,af5951bdc644a4354d7588307de47f65bede6d57fd0a0afe3aeef6bf559e24d2,stop,0.21023892514948006,0.7897610748505199,0.046875,0.7582252360780979,hybrid_rrf_pgvector
84,99b81a6b2df817378edf18209326bdb02a5965e27f0aae12b4f1ce80e5ab9ae1,videoWidth and videoHeight should be valid when loadedmetadata fires,5,3747,268ac01dbf3261b6116b7542035c5bab6e60e76e56ab26f9b92b78cf58f9b873,pausa,0.28649560977820854,0.7135043902217915,0.03125763125763126,0.6705300487550602,hybrid_rrf_pgvector
85,7386e6e9e23bd952ad8ffa1ae0ed68b0b9ae3d93ba1682bc52c6d8a3a050dcfc,folder pane changes to smart folders if Open in Folder used from Search Messages with open messages in new window preference,1,786,92771be651b3e91b93b4c83e837164d2e040bfa0a027ad58aa4cc171b7b7cf97,pausa,0.17068196379625,0.82931803620375,0.047072599531615925,0.8537157416343125,hybrid_rrf_pgvector
85,7386e6e9e23bd952ad8ffa1ae0ed68b0b9ae3d93ba1682bc52c6d8a3a050dcfc,folder pane changes to smart folders if Open in Folder used from Search Messages with open messages in new window preference,2,232,2ccea1e89a87542b62b58ea19af9131d846b6de4ef269f1def4e3330a4771962,pausa,0.1884083606366307,0.8115916393633693,0.048131080389144903,0.8333303852678747,hybrid_rrf_pgvector
85,7386e6e9e23bd952ad8ffa1ae0ed68b0b9ae3d93ba1682bc52c6d8a3a050dcfc,folder pane changes to smart folders if Open in Folder used from Search Messages with open messages in new window preference,3,5252,c2309b8081293e1aca0399311db05167e505455c603238ad0f1d15e797f59a6f,pausa,0.21827622443094663,0.7817237755690534,0.046451914098972924,0.7989823419044114,hybrid_rrf_pgvector
85,7386e6e9e23bd952ad8ffa1ae0ed68b0b9ae3d93ba1682bc52c6d8a3a050dcfc,folder pane changes to smart folders if Open in Folder used from Search Messages with open messages in new window preference,4,2664,632c6d144d120965c6d64bbff17035d372dcefc0963dce99e552ca6b8dc7504b,pausa,0.24431373880148732,0.7556862611985127,0.04639423076923077,0.7690392003782897,hybrid_rrf_pgvector
85,7386e6e9e23bd952ad8ffa1ae0ed68b0b9ae3d93ba1682bc52c6d8a3a050dcfc,folder pane changes to smart folders if Open in Folder used from Search Messages with open messages in new window preference,5,4695,1ab44036fbd060fed0a21214c45ecde04831947121fced8403efb7adf7843517,play,0.2829710272271566,0.7170289727728434,0.045979778526721235,0.6745833186887699,hybrid_rrf_pgvector
86,f6b84a49d033d3bfa9508f9be589d52ac77005138633aea036b13a16ca9c9419,change minVersion for 1.8.0,1,4537,19f55241255ddb557a1def38a77d0ab1c24ada2239929c9a081ab3ffa5c133ae,pausa,0.0,1.0,0.04787506400409626,1.05,hybrid_rrf_pgvector
86,f6b84a49d033d3bfa9508f9be589d52ac77005138633aea036b13a16ca9c9419,change minVersion for 1.8.0,2,3432,49f68faeeef481d6def326018a5fa33388a13be0d694734ad7b940be9b45c8a6,pausa,0.0,1.0,0.046634615384615385,1.05,hybrid_rrf_pgvector
86,f6b84a49d033d3bfa9508f9be589d52ac77005138633aea036b13a16ca9c9419,change minVersion for 1.8.0,3,4501,a8b512592d4667080ed32f367956a6e7b53f1330f330dea9d9cdd939448ebcb5,pausa,0.0,1.0,0.04628776241679467,1.05,hybrid_rrf_pgvector
86,f6b84a49d033d3bfa9508f9be589d52ac77005138633aea036b13a16ca9c9419,change minVersion for 1.8.0,4,5265,6b2070b0d64dd941f1876cc557103a08b643f9f25d646d92f0dcaca8ddb5bcfe,play,0.0,1.0,0.047712258380229994,1.0,hybrid_rrf_pgvector
86,f6b84a49d033d3bfa9508f9be589d52ac77005138633aea036b13a16ca9c9419,change minVersion for 1.8.0,5,1644,925bbf18da665ea97608c11fb38f567f5912a7a8e7c8a58e9c09a45a0100ca60,play,0.0,1.0,0.04666516279419505,1.0,hybrid_rrf_pgvector
87,a52e2d75e4cf740f6788c75d7572200271f0f7dabf041cb752aedfb145414089,requirement to implement IModelNavigateProxy,1,3599,dd888a0cf1f3698bbc8d2b6b38b1b539263f467442e7e2d0f8ee8c99c7771373,pausa,0.0,1.0,0.04767399003253049,1.05,hybrid_rrf_pgvector
87,a52e2d75e4cf740f6788c75d7572200271f0f7dabf041cb752aedfb145414089,requirement to implement IModelNavigateProxy,2,3477,90c743a4d003a4ff80820dc0f123af9d22442b4b55354c4c569fe0d734d06f58,pausa,0.0,1.0,0.0471386476426799,1.05,hybrid_rrf_pgvector
87,a52e2d75e4cf740f6788c75d7572200271f0f7dabf041cb752aedfb145414089,requirement to implement IModelNavigateProxy,3,1746,7676fec93b184c7fe958dd704d4e97a00e4a17d665f34e306ada29efad7c6da8,pausa,0.0,1.0,0.04669647292598113,1.05,hybrid_rrf_pgvector
87,a52e2d75e4cf740f6788c75d7572200271f0f7dabf041cb752aedfb145414089,requirement to implement IModelNavigateProxy,4,3172,d9bb7d677bfa94ecacb6e20096ba33a5bbf52bd563c538de8a0b3edc0ca1edcc,pausa,0.0,1.0,0.046451914098972924,1.05,hybrid_rrf_pgvector
87,a52e2d75e4cf740f6788c75d7572200271f0f7dabf041cb752aedfb145414089,requirement to implement IModelNavigateProxy,5,1804,6fedbfb266385b75d358b7499e676a8da3dc84c533e0ead5b450e2d0cb03da9e,play,0.0,1.0,0.04643902077700826,1.0,hybrid_rrf_pgvector
88,3ca30e82bf8327bae125ac378dadfeaae67c7f42b3e431f47b95a2d948af045e,tab scrolling:  scenario where open link in background doesn't enable the scroll button,1,1446,fdc34f0cd8282d76c6e8d99cd6aba961a4de062084f6d2a1474809b6c41dfbdd,pausa,0.12210882488935204,0.877891175110648,0.0479384003974168,0.9095748513772453,hybrid_rrf_pgvector
88,3ca30e82bf8327bae125ac378dadfeaae67c7f42b3e431f47b95a2d948af045e,tab scrolling:  scenario where open link in background doesn't enable the scroll button,2,3039,51d8c8d3a6012136567942e650a0fd7c0a46db65d928bd1f6f5dadf416adcc54,play,0.18446224662457122,0.8155377533754288,0.048651507139079855,0.7878684163817431,hybrid_rrf_pgvector
88,3ca30e82bf8327bae125ac378dadfeaae67c7f42b3e431f47b95a2d948af045e,tab scrolling:  scenario where open link in background doesn't enable the scroll button,3,1054,6b41b78f4eb4eaaa10e86e8c879d55b165e58fb9df00c5c8a8dd2d3e2f03ef0b,pausa,0.27246544466544287,0.7275345553345571,0.031746031746031744,0.7366647386347407,hybrid_rrf_pgvector
88,3ca30e82bf8327bae125ac378dadfeaae67c7f42b3e431f47b95a2d948af045e,tab scrolling:  scenario where open link in background doesn't enable the scroll button,4,972,0e9398a2ed42eef5f9a650c7da06f83c0fa8c8c5a0d4ed157eb5c513ce74cca2,play,0.28013943015083487,0.7198605698491651,0.03125,0.6778396553265399,hybrid_rrf_pgvector
88,3ca30e82bf8327bae125ac378dadfeaae67c7f42b3e431f47b95a2d948af045e,tab scrolling:  scenario where open link in background doesn't enable the scroll button,5,5373,3f11ccaa71789bc5de996e5c0fccf56c802dc1c8fe15af261850035d465db062,play,0.33062496952927456,0.6693750304707254,0.04470046082949308,0.6197812850413342,hybrid_rrf_pgvector
89,4ccb500ba4e2358a71c3e90e9a53255b429e6eee38fc5448afffcad25ace0596,Remove Document.xmlStandalone,1,152,430c0775672d9d158dae762cc28562af2c043ce752e4044232d29583a23f4915,play,0.0,1.0,0.04838709677419355,1.05,hybrid_rrf_pgvector
89,4ccb500ba4e2358a71c3e90e9a53255b429e6eee38fc5448afffcad25ace0596,Remove Document.xmlStandalone,2,5914,5a60ff2c1e3aafa7c9af0426630585a3139f0e0ef9a0109cc3e84fff91cc58cc,play,0.03279990096038676,0.9672000990396132,0.031746031746031744,1.0122801138955553,hybrid_rrf_pgvector
89,4ccb500ba4e2358a71c3e90e9a53255b429e6eee38fc5448afffcad25ace0596,Remove Document.xmlStandalone,3,5500,3775b4e800f314c688e56ed505f8ef23524edcb48c43e706af477ed3c4e1339f,play,0.03279990096038676,0.9672000990396132,0.02967032967032967,1.0122801138955553,hybrid_rrf_pgvector
89,4ccb500ba4e2358a71c3e90e9a53255b429e6eee38fc5448afffcad25ace0596,Remove Document.xmlStandalone,4,3626,8690d8719e3fc29d2a3e79718d119c46e41473c3170d249039160d823246b6c2,pausa,0.0,1.0,0.04918032786885246,1.0,hybrid_rrf_pgvector
89,4ccb500ba4e2358a71c3e90e9a53255b429e6eee38fc5448afffcad25ace0596,Remove Document.xmlStandalone,5,5246,90c3dbc034287f3df0d1081de7a1d206cc7da2aceb523dc24da5a51d4d46d1c3,pausa,0.03279990096038676,0.9672000990396132,0.03055037313432836,0.9622801138955552,hybrid_rrf_pgvector
90,d302bd17de4f7a695a87c21551c6331d5a3fa8ff8c63aa52ab5b089923d7e30b,Make ExpirationTrackerObserver final,1,5148,89289bec0401cbad698e80c7280ec0069ab94bd5dbd346b1f408f8fab5a2f79e,pausa,0.018850383534304793,0.9811496164656952,0.04741797364748185,1.0283220589355495,hybrid_rrf_pgvector
90,d302bd17de4f7a695a87c21551c6331d5a3fa8ff8c63aa52ab5b089923d7e30b,Make ExpirationTrackerObserver final,2,4933,eb5cc3132aa3ba50b43cc3531fcc7aaf1b11ac8715256b68fb0bf5a0bd12f9b7,pausa,0.018850383534304793,0.9811496164656952,0.04738666351569577,1.0283220589355495,hybrid_rrf_pgvector
90,d302bd17de4f7a695a87c21551c6331d5a3fa8ff8c63aa52ab5b089923d7e30b,Make ExpirationTrackerObserver final,3,2671,1e791b77a614e924442a96489d58b9934dc3c5a0292d78d70627570d77a65735,pausa,0.018850383534304793,0.9811496164656952,0.04547574626865672,1.0283220589355495,hybrid_rrf_pgvector
90,d302bd17de4f7a695a87c21551c6331d5a3fa8ff8c63aa52ab5b089923d7e30b,Make ExpirationTrackerObserver final,4,4840,27d1daf18510986dbc6dbf8a385013e8bbb7569021ce5c750633e312c0126614,play,0.018850383534304793,0.9811496164656952,0.045783730158730156,0.9783220589355495,hybrid_rrf_pgvector
90,d302bd17de4f7a695a87c21551c6331d5a3fa8ff8c63aa52ab5b089923d7e30b,Make ExpirationTrackerObserver final,5,1943,3ff9f5d3ff32ed8f987045d2af66ef5044fb8ee531903a424e62c9c2f4c40d94,play,0.018850383534304793,0.9811496164656952,0.04570188828584351,0.9783220589355495,hybrid_rrf_pgvector
91,1990ca693119faca84520cd0b206e9bc2d6d114237a848ddacbab6d789e99960,Permanent orange: TEST-UNEXPECTED-FAIL |test-message-filters.js | test-message-filters.js::test_address_books_appear_in_message_filter_dropdown,1,4205,d9bcbdec1518f4fb8382dbe80f364bec52e2520154417a05c8199176af7c06c1,pausa,0.07090309325623068,0.9290969067437693,0.04918032786885246,0.9684614427553347,hybrid_rrf_pgvector
91,1990ca693119faca84520cd0b206e9bc2d6d114237a848ddacbab6d789e99960,Permanent orange: TEST-UNEXPECTED-FAIL |test-message-filters.js | test-message-filters.js::test_address_books_appear_in_message_filter_dropdown,2,208,9c1c1eb18cdcbddd1f13c5179d6ea1a95eec02c9b77730ee7de4ce3217883d8d,pausa,0.10103974898710555,0.8989602510128945,0.04788306451612903,0.9338042886648287,hybrid_rrf_pgvector
91,1990ca693119faca84520cd0b206e9bc2d6d114237a848ddacbab6d789e99960,Permanent orange: TEST-UNEXPECTED-FAIL |test-message-filters.js | test-message-filters.js::test_address_books_appear_in_message_filter_dropdown,3,1480,3dbce001365a44d8252873b58af786a9da662510cc34b3997c8fb594bb33ecf8,play,0.11608783418034241,0.8839121658196576,0.031746031746031744,0.8664989906926063,hybrid_rrf_pgvector
91,1990ca693119faca84520cd0b206e9bc2d6d114237a848ddacbab6d789e99960,Permanent orange: TEST-UNEXPECTED-FAIL |test-message-filters.js | test-message-filters.js::test_address_books_appear_in_message_filter_dropdown,4,1226,f6486da5203b9c7140b30b8f7f8e2328a397ba84914ec801359153d722deae1b,pausa,0.1843795652333613,0.8156204347666387,0.04554079696394687,0.8379634999816346,hybrid_rrf_pgvector
91,1990ca693119faca84520cd0b206e9bc2d6d114237a848ddacbab6d789e99960,Permanent orange: TEST-UNEXPECTED-FAIL |test-message-filters.js | test-message-filters.js::test_address_books_appear_in_message_filter_dropdown,5,128,9af554bdf5f00e01d64c7d12a134aa71922bcacfcd415d691da372f4a47a7e58,stop,0.16990196195680485,0.8300980380431952,0.046153846153846156,0.8046127437496744,hybrid_rrf_pgvector
92,7796aa1fc314ead35110feed7d70de944725df2dad87cafd3efb055cbde707c0,Error in error console when changing scope in searching within Bookmarks Manager,1,5932,8d474a453711ae3cc65cdaeb7250274918e8434cd812c7b63b3d32f3662108a5,pausa,0.061812156118922656,0.9381878438810773,0.04865990111891752,0.978916020463239,hybrid_rrf_pgvector
92,7796aa1fc314ead35110feed7d70de944725df2dad87cafd3efb055cbde707c0,Error in error console when changing scope in searching within Bookmarks Manager,2,3005,dc4a9255477bbd107fadc233c935f6fed839624a74a4ec81da9d848b1bdc0222,pausa,0.12179867981601222,0.8782013201839878,0.048131080389144903,0.909931518211586,hybrid_rrf_pgvector
92,7796aa1fc314ead35110feed7d70de944725df2dad87cafd3efb055cbde707c0,Error in error console when changing scope in searching within Bookmarks Manager,3,1105,60ebabdf8a5a53a9e38f12003b5c8442f06ac224e20d52755ebe81efb7c913c5,pausa,0.14306758526543217,0.8569324147345678,0.046875,0.8854722769447531,hybrid_rrf_pgvector
92,7796aa1fc314ead35110feed7d70de944725df2dad87cafd3efb055cbde707c0,Error in error console when changing scope in searching within Bookmarks Manager,4,2543,723059d32e3fd5f74a135a30ad2f9a2675eeb3717089f23642cd84e1db818c1c,play,0.12179867981601222,0.8782013201839878,0.04839549075403121,0.859931518211586,hybrid_rrf_pgvector
92,7796aa1fc314ead35110feed7d70de944725df2dad87cafd3efb055cbde707c0,Error in error console when changing scope in searching within Bookmarks Manager,5,5605,581cea68070a1661e899ae2d07f1e9c27004a48f1e541f6ec946b1e840051f79,play,0.16629470135332358,0.8337052986466764,0.045008912655971484,0.8087610934436779,hybrid_rrf_pgvector
93,d002463a8be47bd70ddabdb485a2c022f633e40a70739def8143af42830dd8e1,jsDriver.pl Perl Getopt::Long does not support repeat qualifiers on options,1,0,737a8c586e01a3db3f0e7f8cdf0146c83a33197e8d2e8f1ab813f7fbb5ddbbae,play,0.19639791117259064,0.8036020888274094,0.0479384003974168,0.8241424021515208,hybrid_rrf_pgvector
93,d002463a8be47bd70ddabdb485a2c022f633e40a70739def8143af42830dd8e1,jsDriver.pl Perl Getopt::Long does not support repeat qualifiers on options,2,5333,a873d6ba2d7fb3b88bdfd0a1a78808efebeb13ef9979f2c017ffacfabe35dcb5,play,0.24868028171013168,0.7513197182898683,0.048131080389144903,0.7640176760333486,hybrid_rrf_pgvector
93,d002463a8be47bd70ddabdb485a2c022f633e40a70739def8143af42830dd8e1,jsDriver.pl Perl Getopt::Long does not support repeat qualifiers on options,3,20,4e7141958890f339450c61b7d0f92b7f05dec8dd40ebee50fab6ae9b4a901a71,play,0.24868028171013168,0.7513197182898683,0.04767399003253049,0.7640176760333486,hybrid_rrf_pgvector
93,d002463a8be47bd70ddabdb485a2c022f633e40a70739def8143af42830dd8e1,jsDriver.pl Perl Getopt::Long does not support repeat qualifiers on options,4,1004,e56e26099ed045bbd0798cf2ab0538cda2c78d24a892c1e208d583c028dda56a,play,0.24868028171013168,0.7513197182898683,0.04688263125763126,0.7640176760333486,hybrid_rrf_pgvector
93,d002463a8be47bd70ddabdb485a2c022f633e40a70739def8143af42830dd8e1,jsDriver.pl Perl Getopt::Long does not support repeat qualifiers on options,5,4779,80a169daa1356f256464e44aa96ab10a250100e8c9d0482a5857d0fc3d864d4d,play,0.24868028171013168,0.7513197182898683,0.046649531024531024,0.7640176760333486,hybrid_rrf_pgvector
94,9f7cc071df506aeeae61bdb2992b93e5d713004926220f1c372b9bfe9d875bcf,"With GL layers enabled, Fennec crashes on startup",1,4567,e91f20430ac180a75400057598430f6ced55a39deb3897602321ec13235dd9b1,stop,0.054420692971877016,0.945579307028123,0.04918032786885246,0.9374162030823414,hybrid_rrf_pgvector
94,9f7cc071df506aeeae61bdb2992b93e5d713004926220f1c372b9bfe9d875bcf,"With GL layers enabled, Fennec crashes on startup",2,3076,0866e76aa7eb300084143fb3515fe69a4a32e0a7974108d24633db67fc2ccd42,play,0.11643212329065,0.88356787670935,0.03200204813108039,0.9161030582157526,hybrid_rrf_pgvector
94,9f7cc071df506aeeae61bdb2992b93e5d713004926220f1c372b9bfe9d875bcf,"With GL layers enabled, Fennec crashes on startup",3,281,746b8a1c4299e1d3be3b2fe1b5afe0a03d7bbee42ce4d4dd3ee7eb70760c5747,play,0.11643212329065,0.88356787670935,0.03149801587301587,0.9161030582157526,hybrid_rrf_pgvector
94,9f7cc071df506aeeae61bdb2992b93e5d713004926220f1c372b9bfe9d875bcf,"With GL layers enabled, Fennec crashes on startup",4,4182,8b6c725fee2e9019cff171ff5ea578cfe406244016c0f9e32634af0c43783bc1,pausa,0.11643212329065,0.88356787670935,0.031754032258064516,0.8661030582157525,hybrid_rrf_pgvector
94,9f7cc071df506aeeae61bdb2992b93e5d713004926220f1c372b9bfe9d875bcf,"With GL layers enabled, Fennec crashes on startup",5,3982,4ba57d206d39c4787a35364d9b126cefcb992847a16452c415256f3e82a2231b,pausa,0.19286801144352306,0.8071319885564769,0.030536130536130537,0.7782017868399485,hybrid_rrf_pgvector
95,5142721eb544fc10c99ec0ec22015a194c9bf5bed81eef7f7406736f0406383a,"Fix ""overflow in implicit constant conversion"" in TestEncoding.cpp",1,3033,e35fbf25b08a535832cef7c1f95d20306351dd4552d33b472117c8dfbeb3ac81,pausa,0.055379879302229984,0.94462012069777,0.04817150063051703,0.9863131388024355,hybrid_rrf_pgvector
95,5142721eb544fc10c99ec0ec22015a194c9bf5bed81eef7f7406736f0406383a,"Fix ""overflow in implicit constant conversion"" in TestEncoding.cpp",2,2391,4cc9946a52a809a7ff9cf8f5802ae39817ae7f0f7600a3c87274d7f98e5defae,play,0.10459843674589786,0.8954015632541021,0.04640151515151515,0.8797117977422174,hybrid_rrf_pgvector
95,5142721eb544fc10c99ec0ec22015a194c9bf5bed81eef7f7406736f0406383a,"Fix ""overflow in implicit constant conversion"" in TestEncoding.cpp",3,1489,3a945fbcd3dbe45fee49b34f5e07dd68395c55ba685673fc4982530b9b07c339,play,0.127565917994806,0.872434082005194,0.04569460390355913,0.8532991943059731,hybrid_rrf_pgvector
95,5142721eb544fc10c99ec0ec22015a194c9bf5bed81eef7f7406736f0406383a,"Fix ""overflow in implicit constant conversion"" in TestEncoding.cpp",4,1177,de27a292db315f1770806829c8948d583c187099a154f9bf9d11b4cc9c2443b2,stop,0.14222570402950296,0.857774295970497,0.04554715901558128,0.8364404403660716,hybrid_rrf_pgvector
95,5142721eb544fc10c99ec0ec22015a194c9bf5bed81eef7f7406736f0406383a,"Fix ""overflow in implicit constant conversion"" in TestEncoding.cpp",5,1783,9ba15775bd32e70c77dcd4aac219fab2bfa60cf521d3190a31278ba80f5ad1f5,stop,0.14222570402950296,0.857774295970497,0.045284780578898225,0.8364404403660716,hybrid_rrf_pgvector
96,cccfd6956cb178ea9e30d89f430c5fe09829e9d99b32679d843963e95a890694,Crash in composer in PresShell::GetSelection,1,4474,7aff7b08cf4ec14680e5c7d813c2d47515b9f3080a495a3c5698d6e18d19b3e2,stop,1.1102230246251565e-16,0.9999999999999999,0.03125,1.0499999999999998,hybrid_rrf_pgvector
96,cccfd6956cb178ea9e30d89f430c5fe09829e9d99b32679d843963e95a890694,Crash in composer in PresShell::GetSelection,2,4495,d641dd1b95fe23500981178e0b7283359ebff7fdc09e832a666008afb7a5d959,stop,1.1102230246251565e-16,0.9999999999999999,0.03076923076923077,1.0499999999999998,hybrid_rrf_pgvector
96,cccfd6956cb178ea9e30d89f430c5fe09829e9d99b32679d843963e95a890694,Crash in composer in PresShell::GetSelection,3,2859,57eef7c17ee51f9b17233a62cf7081ff50600657802a36ed47745858161a5dd5,stop,1.1102230246251565e-16,0.9999999999999999,0.01639344262295082,1.0499999999999998,hybrid_rrf_pgvector
96,cccfd6956cb178ea9e30d89f430c5fe09829e9d99b32679d843963e95a890694,Crash in composer in PresShell::GetSelection,4,5557,60a2aab5c27d8c64bf97eea72f29a22e6aac0791f2ba6b2a5d8c1787c9f15121,stop,1.1102230246251565e-16,0.9999999999999999,0.01639344262295082,1.0499999999999998,hybrid_rrf_pgvector
96,cccfd6956cb178ea9e30d89f430c5fe09829e9d99b32679d843963e95a890694,Crash in composer in PresShell::GetSelection,5,2431,6773ba3dd911c717000baf0aec6b2c7d6c540acf4c2d78aa437723cfad40ba90,stop,1.1102230246251565e-16,0.9999999999999999,0.01639344262295082,1.0499999999999998,hybrid_rrf_pgvector
97,ffc199f69dbe0c19a5f00c8d8f8200a395760168ac2e8fbc99947929e80567f8,StretchDIBits takes too long - switch between optimizations at run time,1,4739,569fe2efe3ce4eae5a7f6651e84057e05576f754662464b442109c06df52749a,play,0.13631797376867705,0.863682026231323,0.04788306451612903,0.8932343301660215,hybrid_rrf_pgvector
97,ffc199f69dbe0c19a5f00c8d8f8200a395760168ac2e8fbc99947929e80567f8,StretchDIBits takes too long - switch between optimizations at run time,2,2375,15ffc7b5101b188610e6236d58b7513c83041bd50886453eacdec4e7694cd624,play,0.13631797376867705,0.863682026231323,0.047162673392181595,0.8932343301660215,hybrid_rrf_pgvector
97,ffc199f69dbe0c19a5f00c8d8f8200a395760168ac2e8fbc99947929e80567f8,StretchDIBits takes too long - switch between optimizations at run time,3,5524,bf5a6fe8739f85e9c8c9c590c6376917c31956d239eeba2adf9450d7aa140680,pausa,0.13631797376867705,0.863682026231323,0.047712258380229994,0.8432343301660215,hybrid_rrf_pgvector
97,ffc199f69dbe0c19a5f00c8d8f8200a395760168ac2e8fbc99947929e80567f8,StretchDIBits takes too long - switch between optimizations at run time,4,5234,e1730319d29097a108770d1ff282c915d964f8ce4440a9541e9c2cbb0edafdf5,pausa,0.13631797376867705,0.863682026231323,0.047619047619047616,0.8432343301660215,hybrid_rrf_pgvector
97,ffc199f69dbe0c19a5f00c8d8f8200a395760168ac2e8fbc99947929e80567f8,StretchDIBits takes too long - switch between optimizations at run time,5,5391,fa42452d756b3823e8e80c275ca586bf2e92ee89f0e56d2830e3562f4720b46c,pausa,0.13631797376867705,0.863682026231323,0.0471386476426799,0.8432343301660215,hybrid_rrf_pgvector
98,a15968f264a0a5a5823e5aadba00e37cec7b4706774e718e19c66e496104a3e0,Illegal input exception while restoring a java source file.,1,161,20a2077dd19baa92f08c32eec199a32c13ad5cd4f6eb983fed1759a50b0b473b,play,0.09258956004002417,0.9074104399599758,0.04918032786885246,0.9435220059539723,hybrid_rrf_pgvector
98,a15968f264a0a5a5823e5aadba00e37cec7b4706774e718e19c66e496104a3e0,Illegal input exception while restoring a java source file.,2,5694,f01748efc3bf791a9f0e6f53309e998041beeebe53ea144a2bbf84ebc3712c78,play,0.22066173182604576,0.7793382681739542,0.04738666351569577,0.7962390084000475,hybrid_rrf_pgvector
98,a15968f264a0a5a5823e5aadba00e37cec7b4706774e718e19c66e496104a3e0,Illegal input exception while restoring a java source file.,3,4019,112f93e89bc0cadbca43295e56532d98aaaa5eb9931ec7a00267a3e702740e06,play,0.22959672622812377,0.7704032737718762,0.044337137840210705,0.7859637648376577,hybrid_rrf_pgvector
98,a15968f264a0a5a5823e5aadba00e37cec7b4706774e718e19c66e496104a3e0,Illegal input exception while restoring a java source file.,4,4662,d1d3047756c59d9ebe70fd895a549917d13756d5698041e67dd4b9050ac877b8,stop,0.22066173182604576,0.7793382681739542,0.04715356328259554,0.7462390084000474,hybrid_rrf_pgvector
98,a15968f264a0a5a5823e5aadba00e37cec7b4706774e718e19c66e496104a3e0,Illegal input exception while restoring a java source file.,5,5936,2618ca91a6b31d0c6ae4875ff2d5d82e974c9a3c679b800f91ed0049e7d162ae,pausa,0.22959672622812377,0.7704032737718762,0.04574275362318841,0.7359637648376577,hybrid_rrf_pgvector
99,424a5434267c76eec85fa294183a61aaba69ed6e1f50f134a26db117083466ae,Java shortcuts do not appear for .jar files,1,5669,0396403fb758bea060d38ce632427a9dd4c5c36dd162aad2465b88049e96a8fe,stop,0.24339817242089612,0.7566018275791039,0.04670793048402157,0.7700921017159695,hybrid_rrf_pgvector
99,424a5434267c76eec85fa294183a61aaba69ed6e1f50f134a26db117083466ae,Java shortcuts do not appear for .jar files,2,2142,561354db7045e68108b490e0e08cc2751eac379fedc7116bb401001dcdf05c5f,stop,0.24339817242089612,0.7566018275791039,0.04512062889671997,0.7700921017159695,hybrid_rrf_pgvector
99,424a5434267c76eec85fa294183a61aaba69ed6e1f50f134a26db117083466ae,Java shortcuts do not appear for .jar files,3,4214,c44d4bd68b59d209258d9cc8cd3e40e03af59f89865f0185568f6aa7df70fd4b,play,0.24339817242089612,0.7566018275791039,0.04547574626865672,0.7200921017159695,hybrid_rrf_pgvector
99,424a5434267c76eec85fa294183a61aaba69ed6e1f50f134a26db117083466ae,Java shortcuts do not appear for .jar files,4,2557,0c51d81d425ba6dd07e4e12531bce90c8528ea7aa0ebf75ec1d192d2f073497a,play,0.24339817242089612,0.7566018275791039,0.04435015112764473,0.7200921017159695,hybrid_rrf_pgvector
99,424a5434267c76eec85fa294183a61aaba69ed6e1f50f134a26db117083466ae,Java shortcuts do not appear for .jar files,5,1118,366d04e27fbf7f466f23f4e9ebe63b278cb793a57a662fa04993769afa3be954,pausa,0.2468196402057895,0.7531803597942105,0.04537894986932763,0.7161574137633421,hybrid_rrf_pgvector
100,8b3ca72ec21a09322ffdc1d6578994edb8748e0b86f0b8cb845fcf4d77a4faf3,Clean up toolbarbutton CSS,1,4773,dce206eba4ff673428c05af42ba339a5ca9d41787abdffa2d55032c240d36119,pausa,-4.440892098500626e-16,1.0000000000000004,0.048915917503966164,1.0500000000000005,hybrid_rrf_pgvector
100,8b3ca72ec21a09322ffdc1d6578994edb8748e0b86f0b8cb845fcf4d77a4faf3,Clean up toolbarbutton CSS,2,4395,fcf5d40eed4d14b4fdd9756c7adbd977fb250c4611fa62465dc79cac5bae6b0f,pausa,-4.440892098500626e-16,1.0000000000000004,0.048131080389144903,1.0500000000000005,hybrid_rrf_pgvector
100,8b3ca72ec21a09322ffdc1d6578994edb8748e0b86f0b8cb845fcf4d77a4faf3,Clean up toolbarbutton CSS,3,2473,d33d37e435e823f206e0b6d7e1861c5aebd453ca0f2c8437928095b082a0009f,play,-4.440892098500626e-16,1.0000000000000004,0.047891458495966696,1.0000000000000004,hybrid_rrf_pgvector
100,8b3ca72ec21a09322ffdc1d6578994edb8748e0b86f0b8cb845fcf4d77a4faf3,Clean up toolbarbutton CSS,4,1626,d8a3f91240caec43acbdaa5703a87f7ab2907098d95ec3286f5a60e790c84cbe,play,-4.440892098500626e-16,1.0000000000000004,0.04688263125763126,1.0000000000000004,hybrid_rrf_pgvector
100,8b3ca72ec21a09322ffdc1d6578994edb8748e0b86f0b8cb845fcf4d77a4faf3,Clean up toolbarbutton CSS,5,263,c8d82fce264fa53b997a445bfe5520f8bda1ddf663732e3de4d6cb5f694ad4c2,play,-4.440892098500626e-16,1.0000000000000004,0.04639423076923077,1.0000000000000004,hybrid_rrf_pgvector
101,606ff878553e608a6f821f8157121b3e54130dc91433d72cf20bf22121ce3cf9,RIL: call state on SGS2 has extra uint32,1,4904,ad6e7e95e88d805ef5c9ab1f6cef891a0dd34a5d50d8e7e788b9667b637d8792,play,0.027620469161797723,0.9723795308382023,0.04839549075403121,1.0182364604639327,hybrid_rrf_pgvector
101,606ff878553e608a6f821f8157121b3e54130dc91433d72cf20bf22121ce3cf9,RIL: call state on SGS2 has extra uint32,2,2620,fa0f7e2c00cee8ab97f186a41c389a650c3fe8720c7f94b5d753b619e3c05dfb,play,0.027620469161797723,0.9723795308382023,0.04738666351569577,1.0182364604639327,hybrid_rrf_pgvector
101,606ff878553e608a6f821f8157121b3e54130dc91433d72cf20bf22121ce3cf9,RIL: call state on SGS2 has extra uint32,3,256,a6eeec88eb08fe54102a765cbd0883e22f0f3702d4e7a4e72e6b938dd274809a,play,0.027620469161797723,0.9723795308382023,0.04603771139765438,1.0182364604639327,hybrid_rrf_pgvector
101,606ff878553e608a6f821f8157121b3e54130dc91433d72cf20bf22121ce3cf9,RIL: call state on SGS2 has extra uint32,4,934,5e9b35ec59f60796906389e5f40329715c21399b1718a36fcde5e1c710b6a0db,play,0.027620469161797723,0.9723795308382023,0.04596351361057244,1.0182364604639327,hybrid_rrf_pgvector
101,606ff878553e608a6f821f8157121b3e54130dc91433d72cf20bf22121ce3cf9,RIL: call state on SGS2 has extra uint32,5,4951,bb2801a642f3e2b09a42e738e27fac336ecc2caa4b11b97f705482bf9a17dd62,pausa,0.04982752252528533,0.9501724774747147,0.045592078599080404,0.9426983490959219,hybrid_rrf_pgvector
102,a65ba2f69cbf36ec623f09cdee5bbb045f67d4dab1ef656c3db36b8e571e8481,DVT33:TCT822: el - CDT - Broken link to cdt_t_show_proj_files.htm & cdt_t_prvw_hide_files.htm,1,4054,e26ed682bc6a0160ad212c410ccd1065ffdb2ce11e384327eba205c92ef0939e,pausa,0.0776273342640641,0.9223726657359359,0.03278688524590164,0.9607285655963264,hybrid_rrf_pgvector
102,a65ba2f69cbf36ec623f09cdee5bbb045f67d4dab1ef656c3db36b8e571e8481,DVT33:TCT822: el - CDT - Broken link to cdt_t_show_proj_files.htm & cdt_t_prvw_hide_files.htm,2,4788,0be64fe56b3f2c679c66a4353e1f82ed9c99b72399e4cda1ded407c66ca13f59,pausa,0.08056457106928128,0.9194354289307187,0.0471386476426799,0.9573507432703265,hybrid_rrf_pgvector
102,a65ba2f69cbf36ec623f09cdee5bbb045f67d4dab1ef656c3db36b8e571e8481,DVT33:TCT822: el - CDT - Broken link to cdt_t_show_proj_files.htm & cdt_t_prvw_hide_files.htm,3,34,c5c6e55257bd987bcfa2d1045f5b30e7f8d9e1469b7e2c0cad36f50500f6edfe,pausa,0.08056457106928128,0.9194354289307187,0.031024531024531024,0.9573507432703265,hybrid_rrf_pgvector
102,a65ba2f69cbf36ec623f09cdee5bbb045f67d4dab1ef656c3db36b8e571e8481,DVT33:TCT822: el - CDT - Broken link to cdt_t_show_proj_files.htm & cdt_t_prvw_hide_files.htm,4,41,6a749cd95a790b52b77883e133d9920f0dc090180d140b15cd1346137db3de62,play,0.08056457106928128,0.9194354289307187,0.04554079696394687,0.9073507432703265,hybrid_rrf_pgvector
102,a65ba2f69cbf36ec623f09cdee5bbb045f67d4dab1ef656c3db36b8e571e8481,DVT33:TCT822: el - CDT - Broken link to cdt_t_show_proj_files.htm & cdt_t_prvw_hide_files.htm,5,4618,7bae71704fc1f5c2139300bad4a9040a2c9d16af030b38c2de561930e42be0ee,stop,0.08056457106928128,0.9194354289307187,0.03036576949620428,0.9073507432703265,hybrid_rrf_pgvector
103,6bee8ab2b30d7982ca3b263e1edc31f3da5ae7aee1ebccf940d823c605ba5eff,MouseDown not delivered until drag started if a DragDetect listener is attached,1,3318,7d4e5a1b0436588aaa27cb325426416c1bec6b3000035de9add7dbcb5d30ae38,pausa,0.20284408870289194,0.797155911297108,0.047712258380229994,0.7667292979916742,hybrid_rrf_pgvector
103,6bee8ab2b30d7982ca3b263e1edc31f3da5ae7aee1ebccf940d823c605ba5eff,MouseDown not delivered until drag started if a DragDetect listener is attached,2,5036,ca904d065a3f641ed8907b80f280348744206e494e169d3bc28f11423522053a,play,0.29606548973761004,0.70393451026239,0.04670793048402157,0.7095246868017485,hybrid_rrf_pgvector
103,6bee8ab2b30d7982ca3b263e1edc31f3da5ae7aee1ebccf940d823c605ba5eff,MouseDown not delivered until drag started if a DragDetect listener is attached,3,1459,7e570c50b64f71989de1da9eddf788584eb2d7bd354fb1312fbf5585ead3aedc,play,0.29606548973761004,0.70393451026239,0.04628776241679467,0.7095246868017485,hybrid_rrf_pgvector
103,6bee8ab2b30d7982ca3b263e1edc31f3da5ae7aee1ebccf940d823c605ba5eff,MouseDown not delivered until drag started if a DragDetect listener is attached,4,1408,7bf0ef12950b0f86ea9eccbee12a13acb91da6e9c3c03d8e3f2a0c941d3e421c,play,0.35790398592588935,0.6420960140741107,0.04537894986932763,0.6384104161852273,hybrid_rrf_pgvector
103,6bee8ab2b30d7982ca3b263e1edc31f3da5ae7aee1ebccf940d823c605ba5eff,MouseDown not delivered until drag started if a DragDetect listener is attached,5,1650,270cff08a6e7a6baab562b678c04d36931bd0eff78ea74a64db9eed1038b3616,pausa,0.39398691145159437,0.6060130885484056,0.04395604395604395,0.5469150518306665,hybrid_rrf_pgvector
104,7da04aeb5a244fc1aa830b6c75753cb3ac623255051a293a33124ad9a84bf3d7,Marker testResourceMappings failure in I20080604-2000 on linux java 5.0,1,5957,0979b00dedb7229abaa9fc3df2a4763060b533513a1251d3b83303e60dc2333e,pausa,0.08359634015263573,0.9164036598473643,0.04918032786885246,0.953864208824469,hybrid_rrf_pgvector
104,7da04aeb5a244fc1aa830b6c75753cb3ac623255051a293a33124ad9a84bf3d7,Marker testResourceMappings failure in I20080604-2000 on linux java 5.0,2,5180,c6fbe32122ed7d576d5728acf82914a92c5e7a6a5a82af1e37ef3df2fe987316,pausa,0.24353996637246234,0.7564600336275377,0.04838709677419355,0.7699290386716684,hybrid_rrf_pgvector
104,7da04aeb5a244fc1aa830b6c75753cb3ac623255051a293a33124ad9a84bf3d7,Marker testResourceMappings failure in I20080604-2000 on linux java 5.0,3,5321,176e8740e8841d9fdc474702dc3654c5158a998a4e5426ad81dcda4f8d1b0097,pausa,0.27706590564809175,0.7229340943519083,0.03149801587301587,0.7313742085046946,hybrid_rrf_pgvector
104,7da04aeb5a244fc1aa830b6c75753cb3ac623255051a293a33124ad9a84bf3d7,Marker testResourceMappings failure in I20080604-2000 on linux java 5.0,4,5571,c49969baf4e3458beadddecd77f566992fa49e971d2ed5409b8cb716a89a75e6,stop,0.27706590564809175,0.7229340943519083,0.031024531024531024,0.6813742085046945,hybrid_rrf_pgvector
104,7da04aeb5a244fc1aa830b6c75753cb3ac623255051a293a33124ad9a84bf3d7,Marker testResourceMappings failure in I20080604-2000 on linux java 5.0,5,5355,340e8645e53b692b622139dd39cfd00339c16db80a2835a59274afac1fe8f48f,play,0.3025106091268098,0.6974893908731902,0.04370384104323105,0.6521127995041687,hybrid_rrf_pgvector
105,be2800396329f45330e450079b9f45a364e0ef4bd5f839dbd674be4e013456ce,css font-size doesn't work in table in div with a too long comment before <!DOCTYPE ...>,1,1925,915eca9fb5f67c3a1a2bfce3080b644c3f3fb26e0be23f506c74fc336b08ed3d,play,0.19416833178102955,0.8058316682189705,0.03200204813108039,0.826706418451816,hybrid_rrf_pgvector
105,be2800396329f45330e450079b9f45a364e0ef4bd5f839dbd674be4e013456ce,css font-size doesn't work in table in div with a too long comment before <!DOCTYPE ...>,2,5342,ca2c9cce6655443ca246ca0b8920568af00221a8aa6b701bf2844b1d61ad2f93,stop,0.17462408879990188,0.8253759112000981,0.03278688524590164,0.7991822978801129,hybrid_rrf_pgvector
105,be2800396329f45330e450079b9f45a364e0ef4bd5f839dbd674be4e013456ce,css font-size doesn't work in table in div with a too long comment before <!DOCTYPE ...>,3,1835,17cc4eea46c6bab7c93e7aabec5646781068fbf8b5097af855e60b2835b24431,pausa,0.19416833178102955,0.8058316682189705,0.03200204813108039,0.776706418451816,hybrid_rrf_pgvector
105,be2800396329f45330e450079b9f45a364e0ef4bd5f839dbd674be4e013456ce,css font-size doesn't work in table in div with a too long comment before <!DOCTYPE ...>,4,1464,05f8b220a5354d600975976f2883c8f1a02d7120a1c400d38cc66a823d50749f,pausa,0.20784477631064768,0.7921552236893523,0.030776515151515152,0.7609785072427552,hybrid_rrf_pgvector
105,be2800396329f45330e450079b9f45a364e0ef4bd5f839dbd674be4e013456ce,css font-size doesn't work in table in div with a too long comment before <!DOCTYPE ...>,5,5585,03081f89cbd8a519e303dc41cc61a3e4b7e2e2d8557810f5990978efb41cd2a2,pausa,0.20784477631064768,0.7921552236893523,0.030776515151515152,0.7609785072427552,hybrid_rrf_pgvector
106,70d5f6e2b5a125d696c76d001effaeb47a7542176633854823a7bd60c7ef7648,Dead code in buildASN1ObjectFromDER (security/manager/ssl/src/nsNSSASN1Object.cpp),1,3775,b8731d9200eae5475dea3bc097b3e5a608c07cbcee6f534039c37cfd7c34df38,pausa,0.09360662333313563,0.9063933766668644,0.047492767598842814,0.9423523831668941,hybrid_rrf_pgvector
106,70d5f6e2b5a125d696c76d001effaeb47a7542176633854823a7bd60c7ef7648,Dead code in buildASN1ObjectFromDER (security/manager/ssl/src/nsNSSASN1Object.cpp),2,3174,6d8017520a3c120eab3b67c8b2afa005f84e764240a32274da29151076c6790e,pausa,0.09360662333313563,0.9063933766668644,0.04718343765045739,0.9423523831668941,hybrid_rrf_pgvector
106,70d5f6e2b5a125d696c76d001effaeb47a7542176633854823a7bd60c7ef7648,Dead code in buildASN1ObjectFromDER (security/manager/ssl/src/nsNSSASN1Object.cpp),3,3866,8211c901f2457470ef897e1a5d07b9fe37025431ff9599bebb7d1377dde2fb97,play,0.15137133274672532,0.8486286672532747,0.04787506400409626,0.8259229673412659,hybrid_rrf_pgvector
106,70d5f6e2b5a125d696c76d001effaeb47a7542176633854823a7bd60c7ef7648,Dead code in buildASN1ObjectFromDER (security/manager/ssl/src/nsNSSASN1Object.cpp),4,533,8d4a1551bfe9d7ab6eacc06602bbac89928581d4f4282575ddeb963e087d3ba6,play,0.15137133274672532,0.8486286672532747,0.04712301587301587,0.8259229673412659,hybrid_rrf_pgvector
106,70d5f6e2b5a125d696c76d001effaeb47a7542176633854823a7bd60c7ef7648,Dead code in buildASN1ObjectFromDER (security/manager/ssl/src/nsNSSASN1Object.cpp),5,5209,02f18d42d2e6fc6d65b3dec25f121a5e1054104b80481b3a38eebeeb6909a9ec,stop,0.15303712093490485,0.8469628790650952,0.044802742142132146,0.8240073109248595,hybrid_rrf_pgvector
107,97802e31db5b9870d66c4a859e3be949d075e11578b6b1e67c0ca2968f1230dc,Memory increase/leak when scrolling page rapidly,1,4439,4743158b82778a111d5711aca005478862e5bc9e096491433eeca196577c5709,stop,0.2002129159076711,0.7997870840923289,0.04643206256109482,0.8197551467061783,hybrid_rrf_pgvector
107,97802e31db5b9870d66c4a859e3be949d075e11578b6b1e67c0ca2968f1230dc,Memory increase/leak when scrolling page rapidly,2,5305,914198683e43616f980680c596c843ff5031b5ab88c081078a780f97d9d5412f,stop,0.2002129159076711,0.7997870840923289,0.04479638009049774,0.8197551467061783,hybrid_rrf_pgvector
107,97802e31db5b9870d66c4a859e3be949d075e11578b6b1e67c0ca2968f1230dc,Memory increase/leak when scrolling page rapidly,3,5479,0fd291c6d460d61d0dc640d32ddc57e5356849a4ae1c5ff7a0f4dce5cac7abdb,pausa,0.2002129159076711,0.7997870840923289,0.04534011967810716,0.7697551467061783,hybrid_rrf_pgvector
107,97802e31db5b9870d66c4a859e3be949d075e11578b6b1e67c0ca2968f1230dc,Memory increase/leak when scrolling page rapidly,4,5400,84854eb89328b99b5ea0013102157712cdc8bc7881c44c0349b2f52dd06ffe4a,play,0.2002129159076711,0.7997870840923289,0.045084103293058515,0.7697551467061783,hybrid_rrf_pgvector
107,97802e31db5b9870d66c4a859e3be949d075e11578b6b1e67c0ca2968f1230dc,Memory increase/leak when scrolling page rapidly,5,3691,b71b3b761aa7e2a42da1f1d1ac8523d081ed5d1edba32d98fd0458dcecc79cc1,play,0.2002129159076711,0.7997870840923289,0.04391088038070517,0.7697551467061783,hybrid_rrf_pgvector
108,0921d9615ddf476c65baf00b36b5f08f7e3338ce48884fdd2df88eb9186c2dec,[1.7][compiler] DisjunctiveTypeReference#resolveType(..) does not set the value for DisjunctiveTypeReference$resolvedType,1,2018,24cf04d104267c293f13c3da1b6c94c58c4d06b29c208a34f0839fd51123ab0d,play,0.11758213065342393,0.8824178693465761,0.048915917503966164,0.9147805497485625,hybrid_rrf_pgvector
108,0921d9615ddf476c65baf00b36b5f08f7e3338ce48884fdd2df88eb9186c2dec,[1.7][compiler] DisjunctiveTypeReference#resolveType(..) does not set the value for DisjunctiveTypeReference$resolvedType,2,4322,0b9d3c4c911094d70674abfc5430682c0bd1810b84cc0b2eaaf17ed5dc598388,play,0.12440990399545815,0.8755900960045419,0.03225806451612903,0.9069286104052232,hybrid_rrf_pgvector
108,0921d9615ddf476c65baf00b36b5f08f7e3338ce48884fdd2df88eb9186c2dec,[1.7][compiler] DisjunctiveTypeReference#resolveType(..) does not set the value for DisjunctiveTypeReference$resolvedType,3,264,17022ad0a313f0a3638fa5e21c218fe717209a76fc4487b5b2199f547b39f6b6,play,0.12523574695810524,0.8747642530418948,0.04813947436898257,0.905978890998179,hybrid_rrf_pgvector
108,0921d9615ddf476c65baf00b36b5f08f7e3338ce48884fdd2df88eb9186c2dec,[1.7][compiler] DisjunctiveTypeReference#resolveType(..) does not set the value for DisjunctiveTypeReference$resolvedType,4,5079,f75cdb8810e448669ef360aa406a83a3e1271d9f1327ad817ffea5cb6ef1eb70,pausa,0.1891410082730851,0.8108589917269149,0.04547511312217195,0.7824878404859521,hybrid_rrf_pgvector
108,0921d9615ddf476c65baf00b36b5f08f7e3338ce48884fdd2df88eb9186c2dec,[1.7][compiler] DisjunctiveTypeReference#resolveType(..) does not set the value for DisjunctiveTypeReference$resolvedType,5,1314,3b7e3d24d78e5dff0ea99155a346e0ad1c4ccee875cdd566b2015a5947be1200,pausa,0.1891410082730851,0.8108589917269149,0.04413702239789197,0.7824878404859521,hybrid_rrf_pgvector
109,d7c0bde7bd2d5027c392d0ae1ce53a9e40b7c111d07f3477d4940c9365048f52,Flaws in download cancellation checks when switching the private browsing mode,1,1958,0a2cb5a0753d8cd23c40c96dd80c9e213c5657a4f9445c057c21f22e0f9984ce,play,-2.220446049250313e-16,1.0000000000000002,0.048131080389144903,1.0500000000000003,hybrid_rrf_pgvector
109,d7c0bde7bd2d5027c392d0ae1ce53a9e40b7c111d07f3477d4940c9365048f52,Flaws in download cancellation checks when switching the private browsing mode,2,3325,9ee8ddc13ff189a60e5374d3fd08452aefb5c5e812488b8e4f28e0620d6020e7,stop,-2.220446049250313e-16,1.0000000000000002,0.04865990111891752,1.0000000000000002,hybrid_rrf_pgvector
109,d7c0bde7bd2d5027c392d0ae1ce53a9e40b7c111d07f3477d4940c9365048f52,Flaws in download cancellation checks when switching the private browsing mode,3,2291,e41602e1d1f392718621a6f06929bd0bebcaeb76b1142cbadbd5b0771ffd52df,pausa,-2.220446049250313e-16,1.0000000000000002,0.04839549075403121,1.0000000000000002,hybrid_rrf_pgvector
109,d7c0bde7bd2d5027c392d0ae1ce53a9e40b7c111d07f3477d4940c9365048f52,Flaws in download cancellation checks when switching the private browsing mode,4,3430,2384241e6490dda84affd96f79d4929825e0a0be439b44e82d90aa93e3eb3acd,pausa,0.2944548603618351,0.7055451396381649,0.03076923076923077,0.6613769105838896,hybrid_rrf_pgvector
109,d7c0bde7bd2d5027c392d0ae1ce53a9e40b7c111d07f3477d4940c9365048f52,Flaws in download cancellation checks when switching the private browsing mode,5,1921,ac7f552277dc2b8ce115c2c1fd32b2183d8888a7deba839a570a50e57c77a327,pausa,0.2944548603618351,0.7055451396381649,0.030330882352941176,0.6613769105838896,hybrid_rrf_pgvector
110,b0565092ce936a2bba23e1dfc0a6ea0e18134417beb47610795a93da6767b2a7,combo.setItem dispatchs a ModifyListener event with empty text,1,2089,9df9ccb20fdf06268a48f2f1e120f1845e40eb70669bd3b68a769b0aa125f401,play,0.056496282643689444,0.9435037173563106,0.04529114263053263,0.9850292749597572,hybrid_rrf_pgvector
110,b0565092ce936a2bba23e1dfc0a6ea0e18134417beb47610795a93da6767b2a7,combo.setItem dispatchs a ModifyListener event with empty text,2,1760,0e50cb1065068a1d9c2e6a946f115a4fd232c4b2f516c31d69cf314dbb029f7f,play,0.056496282643689444,0.9435037173563106,0.031024531024531024,0.9850292749597572,hybrid_rrf_pgvector
110,b0565092ce936a2bba23e1dfc0a6ea0e18134417beb47610795a93da6767b2a7,combo.setItem dispatchs a ModifyListener event with empty text,3,531,73f9c73bbe93e7652544178c1944734c6b2f6f77be4bc0402285a646f753d08b,play,0.056496282643689444,0.9435037173563106,0.0304147465437788,0.9850292749597572,hybrid_rrf_pgvector
110,b0565092ce936a2bba23e1dfc0a6ea0e18134417beb47610795a93da6767b2a7,combo.setItem dispatchs a ModifyListener event with empty text,4,2458,efd00d0f98e465359288aaa55924709ac754f96b30bcb60efb0881c783e1cf3e,stop,0.056496282643689444,0.9435037173563106,0.03177805800756621,0.9350292749597572,hybrid_rrf_pgvector
110,b0565092ce936a2bba23e1dfc0a6ea0e18134417beb47610795a93da6767b2a7,combo.setItem dispatchs a ModifyListener event with empty text,5,1727,b7bb739c40faab1f858e02e3f0f0fe572597c04320797ae9093a8efc2bd872d9,pausa,0.056496282643689444,0.9435037173563106,0.03131881575727918,0.9350292749597572,hybrid_rrf_pgvector
111,a70e1fba59e0b67c8a5379fe0ac795ecd8d6259281143d0832f812a2dbb9181f,Thundirbird 3 AND Firefox freeze when you drag a mail attachment over a Firefox Window,1,3180,737eb2e73be1d6c03514f1cd46b992a99341d7ff475274db191865d400a4ccb1,play,0.1397599506448206,0.8602400493551794,0.04390451832907076,0.8892760567584563,hybrid_rrf_pgvector
111,a70e1fba59e0b67c8a5379fe0ac795ecd8d6259281143d0832f812a2dbb9181f,Thundirbird 3 AND Firefox freeze when you drag a mail attachment over a Firefox Window,2,2445,ed76554c2746a1f938762d4c3659ba5bb05931c5f24dae62340a83058808a619,pausa,0.1397599506448206,0.8602400493551794,0.04392998306041784,0.8392760567584563,hybrid_rrf_pgvector
111,a70e1fba59e0b67c8a5379fe0ac795ecd8d6259281143d0832f812a2dbb9181f,Thundirbird 3 AND Firefox freeze when you drag a mail attachment over a Firefox Window,3,2665,f5474436e9ad555e9a5a8ea7349dd52d42940182142e0704343e9d9c9cf5794d,pausa,0.1397599506448206,0.8602400493551794,0.04370384104323105,0.8392760567584563,hybrid_rrf_pgvector
111,a70e1fba59e0b67c8a5379fe0ac795ecd8d6259281143d0832f812a2dbb9181f,Thundirbird 3 AND Firefox freeze when you drag a mail attachment over a Firefox Window,4,5263,719dcdc532d98b239a08c9833253fd424954b7c90f8adbd63a5198d8effaa99f,pausa,0.1397599506448206,0.8602400493551794,0.032266458495966696,0.8392760567584563,hybrid_rrf_pgvector
111,a70e1fba59e0b67c8a5379fe0ac795ecd8d6259281143d0832f812a2dbb9181f,Thundirbird 3 AND Firefox freeze when you drag a mail attachment over a Firefox Window,5,5218,b8cf5b029fb462cddcb80fb815cb79a48c38cefe3e402bbc48ccbc251462fc3f,stop,0.1397599506448206,0.8602400493551794,0.03225806451612903,0.8392760567584563,hybrid_rrf_pgvector
112,e2e69148f4d375ce840b9fac3976fa3f7bb05601f33e9a70cd79b40cfaac9915,:-moz-lwtheme incorrectly depends on the lwthemetextcolor attribute,1,3551,176cb9b78e348250f05db3e8b50feb3fbe8c3fea45be5e04d4b8a26fb9d0d2cc,play,0.029763193682859068,0.9702368063171409,0.04817150063051703,1.0157723272647121,hybrid_rrf_pgvector
112,e2e69148f4d375ce840b9fac3976fa3f7bb05601f33e9a70cd79b40cfaac9915,:-moz-lwtheme incorrectly depends on the lwthemetextcolor attribute,2,2946,9a27e888605da1273264eefbe2221fbfaa808a2588adcd30487d7365edaf3f27,pausa,0.029763193682859068,0.9702368063171409,0.04740957966764418,0.9657723272647121,hybrid_rrf_pgvector
112,e2e69148f4d375ce840b9fac3976fa3f7bb05601f33e9a70cd79b40cfaac9915,:-moz-lwtheme incorrectly depends on the lwthemetextcolor attribute,3,5249,bfac9bb06b960ad48b41e5aaea8f0b6fd9ed35ea76bf9480b4efe72785cea084,play,0.07925058567254961,0.9207494143274504,0.04741797364748185,0.958861826476568,hybrid_rrf_pgvector
112,e2e69148f4d375ce840b9fac3976fa3f7bb05601f33e9a70cd79b40cfaac9915,:-moz-lwtheme incorrectly depends on the lwthemetextcolor attribute,4,3369,def0fbccec5f5b7c966a1ddeb041f197d802012d92553bc3565af3596917e96d,play,0.07925058567254961,0.9207494143274504,0.04688263125763126,0.958861826476568,hybrid_rrf_pgvector
112,e2e69148f4d375ce840b9fac3976fa3f7bb05601f33e9a70cd79b40cfaac9915,:-moz-lwtheme incorrectly depends on the lwthemetextcolor attribute,5,3389,c1a0129b7bdbc5ecacc3e2550d910605279340a636377ecaac379e1124f6cc6d,pausa,0.07925058567254961,0.9207494143274504,0.047379032258064516,0.908861826476568,hybrid_rrf_pgvector
113,4316542bd62faf96c9ddc2570dcaa47aea78ef76afb99f56e6531818e9ca6aa2,"Thunderbird Bloat & Mozmill tests - Assertion failure: !connections[i]->ConnectionReady(), mozStorageService.cpp:852",1,3308,8670e5d77652f37767b617c652de59323a712059502f118ad4570c0e2f796601,stop,0.05284679398287062,0.9471532060171294,0.04583067206018026,0.9892261869196989,hybrid_rrf_pgvector
113,4316542bd62faf96c9ddc2570dcaa47aea78ef76afb99f56e6531818e9ca6aa2,"Thunderbird Bloat & Mozmill tests - Assertion failure: !connections[i]->ConnectionReady(), mozStorageService.cpp:852",2,3361,174543d50cdb760a1e967a3d572701863f4cc1ba0de04ea0a405aa35b53a0cfc,stop,0.05284679398287062,0.9471532060171294,0.04480274214213215,0.9892261869196989,hybrid_rrf_pgvector
113,4316542bd62faf96c9ddc2570dcaa47aea78ef76afb99f56e6531818e9ca6aa2,"Thunderbird Bloat & Mozmill tests - Assertion failure: !connections[i]->ConnectionReady(), mozStorageService.cpp:852",3,5336,d4f517fcfa984fa61234a78ac01e927d2a0aba3231ff12e050266e24e9e9b77f,stop,0.05284679398287062,0.9471532060171294,0.03149801587301587,0.9892261869196989,hybrid_rrf_pgvector
113,4316542bd62faf96c9ddc2570dcaa47aea78ef76afb99f56e6531818e9ca6aa2,"Thunderbird Bloat & Mozmill tests - Assertion failure: !connections[i]->ConnectionReady(), mozStorageService.cpp:852",4,3255,539982be0450190a5ccdf34077674bc03b27e464d53575ad92d21b2994e56980,stop,0.05284679398287062,0.9471532060171294,0.03125763125763126,0.9892261869196989,hybrid_rrf_pgvector
113,4316542bd62faf96c9ddc2570dcaa47aea78ef76afb99f56e6531818e9ca6aa2,"Thunderbird Bloat & Mozmill tests - Assertion failure: !connections[i]->ConnectionReady(), mozStorageService.cpp:852",5,4167,61b775cde089d7455aa699aff7a5127ff76a2c4486314cdce7669da5f51d0686,stop,0.05284679398287062,0.9471532060171294,0.031024531024531024,0.9892261869196989,hybrid_rrf_pgvector
114,257d58c855532aca2ac019b25c2cb7f3fc001aa2892caadbbf5586dcee02c4ea,Wrong reg key used in Installer shell icon handler code,1,3250,26466d4ca24db9e279df5bcd67b96c7257d17eee5124e623b948e8d7d35f2f6a,play,0.19645673671542307,0.8035432632845769,0.04715356328259554,0.8240747527772635,hybrid_rrf_pgvector
114,257d58c855532aca2ac019b25c2cb7f3fc001aa2892caadbbf5586dcee02c4ea,Wrong reg key used in Installer shell icon handler code,2,2231,1e3673fee8770b547edd89af1ce7c64c0ea962657e51fc86329b839a80da117a,play,0.19645673671542307,0.8035432632845769,0.04670793048402157,0.8240747527772635,hybrid_rrf_pgvector
114,257d58c855532aca2ac019b25c2cb7f3fc001aa2892caadbbf5586dcee02c4ea,Wrong reg key used in Installer shell icon handler code,3,5038,126dc8611fcdde578cad7c5ac60d4a0dc0eaf8106b2fdb41efeffa29edd950a5,pausa,0.19645673671542307,0.8035432632845769,0.04740305800756621,0.7740747527772635,hybrid_rrf_pgvector
114,257d58c855532aca2ac019b25c2cb7f3fc001aa2892caadbbf5586dcee02c4ea,Wrong reg key used in Installer shell icon handler code,4,524,973fd5efca2c196cf35bf510e339632682092cbf79f632ab7c75f9843971d69e,pausa,0.19645673671542307,0.8035432632845769,0.04694381575727918,0.7740747527772635,hybrid_rrf_pgvector
114,257d58c855532aca2ac019b25c2cb7f3fc001aa2892caadbbf5586dcee02c4ea,Wrong reg key used in Installer shell icon handler code,5,3424,68f621dffd503fa5c82c2dbe8392ec23e757c211e0d961fc5de5c2e72c1eba9f,pausa,0.27216913703282053,0.7278308629671795,0.046244188891607536,0.6870054924122564,hybrid_rrf_pgvector
115,94dfa339be0b8c69bd55cd2d9e34b4c394fd6b88e583a7ebb29dca5160a298ba,make deep abort danger more clear and present,1,5148,89289bec0401cbad698e80c7280ec0069ab94bd5dbd346b1f408f8fab5a2f79e,pausa,1.1102230246251565e-16,0.9999999999999999,0.047891458495966696,1.0499999999999998,hybrid_rrf_pgvector
115,94dfa339be0b8c69bd55cd2d9e34b4c394fd6b88e583a7ebb29dca5160a298ba,make deep abort danger more clear and present,2,4933,eb5cc3132aa3ba50b43cc3531fcc7aaf1b11ac8715256b68fb0bf5a0bd12f9b7,pausa,1.1102230246251565e-16,0.9999999999999999,0.04690554740957967,1.0499999999999998,hybrid_rrf_pgvector
115,94dfa339be0b8c69bd55cd2d9e34b4c394fd6b88e583a7ebb29dca5160a298ba,make deep abort danger more clear and present,3,2671,1e791b77a614e924442a96489d58b9934dc3c5a0292d78d70627570d77a65735,pausa,1.1102230246251565e-16,0.9999999999999999,0.04504312675751676,1.0499999999999998,hybrid_rrf_pgvector
115,94dfa339be0b8c69bd55cd2d9e34b4c394fd6b88e583a7ebb29dca5160a298ba,make deep abort danger more clear and present,4,4840,27d1daf18510986dbc6dbf8a385013e8bbb7569021ce5c750633e312c0126614,play,1.1102230246251565e-16,0.9999999999999999,0.04713064713064713,0.9999999999999999,hybrid_rrf_pgvector
115,94dfa339be0b8c69bd55cd2d9e34b4c394fd6b88e583a7ebb29dca5160a298ba,make deep abort danger more clear and present,5,2051,8919378efaba06d7d57bd136a589c980a202229c93e92e515338d8aa0696d1e2,stop,1.1102230246251565e-16,0.9999999999999999,0.045008912655971484,0.9999999999999999,hybrid_rrf_pgvector
116,5b385dbd4face4399e31322df5641e7e62a4b12795fdea1b163eb44e2129ca7d,Rerunning configure causes the world to be rebuilt,1,3957,6f167a8d4399abfe89f9b3c8091965bdd757984fbea045f8e48a6c4c5a8b13b3,play,0.01705222522129002,0.98294777477871,0.04814747488101534,1.0303899409955164,hybrid_rrf_pgvector
116,5b385dbd4face4399e31322df5641e7e62a4b12795fdea1b163eb44e2129ca7d,Rerunning configure causes the world to be rebuilt,2,3817,be5929c2244c00cfa976dbba316e42607ba2e3b99d70a041dd45cba3d0897a1e,play,0.01705222522129002,0.98294777477871,0.04738666351569577,1.0303899409955164,hybrid_rrf_pgvector
116,5b385dbd4face4399e31322df5641e7e62a4b12795fdea1b163eb44e2129ca7d,Rerunning configure causes the world to be rebuilt,3,13,4a7d2ef848358ac624cba6dfeec82833b4adca90f6b45475919e2af93f84b44c,play,0.01705222522129002,0.98294777477871,0.04625084012740715,1.0303899409955164,hybrid_rrf_pgvector
116,5b385dbd4face4399e31322df5641e7e62a4b12795fdea1b163eb44e2129ca7d,Rerunning configure causes the world to be rebuilt,4,2956,e8605ba9517e8ba8327a6b89545bf4cb98a80453c7c8646c05ce022364f6df41,stop,0.01705222522129002,0.98294777477871,0.04640914640914641,0.9803899409955165,hybrid_rrf_pgvector
116,5b385dbd4face4399e31322df5641e7e62a4b12795fdea1b163eb44e2129ca7d,Rerunning configure causes the world to be rebuilt,5,2435,38bef91d2a6799b73ff1522de6ff50fb6a74a790e908d10f91fd184751a0c113,pausa,0.01705222522129002,0.98294777477871,0.04640151515151515,0.9803899409955165,hybrid_rrf_pgvector
117,a7172dbe97ae9fca83c490d043bde1ebe789d5f3f5f2867e1d9090dbe32bcc83,TreeItem.getExpanded() does not work on Windows Mobile 2003,1,5595,8e035ff995d85987e8967ea1beae40993ec515f80909b34f5c7d18c7bf06f82e,pausa,0.013306650677532117,0.9866933493224679,0.04918032786885246,0.984697351720838,hybrid_rrf_pgvector
117,a7172dbe97ae9fca83c490d043bde1ebe789d5f3f5f2867e1d9090dbe32bcc83,TreeItem.getExpanded() does not work on Windows Mobile 2003,2,941,fa4195b94040e6ba8a51fc8ed2a4fa61c51ed33adf3cf2194c44936cd79295b9,play,0.09429094166627672,0.9057090583337233,0.046451914098972924,0.9415654170837818,hybrid_rrf_pgvector
117,a7172dbe97ae9fca83c490d043bde1ebe789d5f3f5f2867e1d9090dbe32bcc83,TreeItem.getExpanded() does not work on Windows Mobile 2003,3,3635,9f34275f6fee649df796e1e2d314d82e3109be185b003d316e4af8b24080ec4a,stop,0.07133952296073076,0.9286604770392692,0.04675081813931744,0.9179595485951596,hybrid_rrf_pgvector
117,a7172dbe97ae9fca83c490d043bde1ebe789d5f3f5f2867e1d9090dbe32bcc83,TreeItem.getExpanded() does not work on Windows Mobile 2003,4,4834,99c81cbd243da59b62ea29bbbb2d0484f1b4e79bc6fe34a1350d6766f5872f0a,stop,0.16584632844635783,0.8341536715536422,0.046875,0.8092767222866885,hybrid_rrf_pgvector
117,a7172dbe97ae9fca83c490d043bde1ebe789d5f3f5f2867e1d9090dbe32bcc83,TreeItem.getExpanded() does not work on Windows Mobile 2003,5,323,5782c9da5ae69ef8efdf1d7a4d9177ca6e67ff07d9d6101adbf8e8e2c58c359d,stop,0.16584632844635783,0.8341536715536422,0.04620592054390803,0.8092767222866885,hybrid_rrf_pgvector
118,83de58e4b79fa9d6807e9afc2ddcd5c9e1bc6fd2695a122a8a3040041e92b06a,Adding +DUP to quicksearch returns no results,1,1639,05c30167ea140520b073f2f4e633de1e450a70a5e0de7f9e2aa0deda405f1fd4,play,0.0815528491725167,0.9184471508274833,0.047907090265630725,0.9562142234516058,hybrid_rrf_pgvector
118,83de58e4b79fa9d6807e9afc2ddcd5c9e1bc6fd2695a122a8a3040041e92b06a,Adding +DUP to quicksearch returns no results,2,3536,31901182071500217ff71ba13c7a9486a3629cbe12dad2beac1abc958b41da3f,stop,0.0815528491725167,0.9184471508274833,0.04839549075403121,0.9062142234516057,hybrid_rrf_pgvector
118,83de58e4b79fa9d6807e9afc2ddcd5c9e1bc6fd2695a122a8a3040041e92b06a,Adding +DUP to quicksearch returns no results,3,5974,d25425de4549c7b18b382dc72996c6c3514d0b08dc730915f6c19b3f2a97fa36,stop,0.1157398747731978,0.8842601252268022,0.04762704813108039,0.8668991440108226,hybrid_rrf_pgvector
118,83de58e4b79fa9d6807e9afc2ddcd5c9e1bc6fd2695a122a8a3040041e92b06a,Adding +DUP to quicksearch returns no results,4,5094,35b49a214c9d48303b9bf52c452d7582916e340b449cb01a60b7b8d704adbe4c,pausa,0.1157398747731978,0.8842601252268022,0.04712301587301587,0.8668991440108226,hybrid_rrf_pgvector
118,83de58e4b79fa9d6807e9afc2ddcd5c9e1bc6fd2695a122a8a3040041e92b06a,Adding +DUP to quicksearch returns no results,5,3608,e89e4c77f058f91fd663f03b468c2ca0379401bdc731fe6e16ff8aecfc7d634b,pausa,0.11656394872227571,0.8834360512777243,0.047162673392181595,0.865951458969383,hybrid_rrf_pgvector
119,e126e26c714bfaf7663096006dcb8e513dfaa39806c468464af77cd431db7c3f,makefile.ref creates a C-incompatible spidermonkey lib(need more -fno-exceptions),1,3660,da3a269b94fbcc13ec34928d8cda5db552ee816ea8cf5865103834393e83807d,play,0.0,1.0,0.047891458495966696,1.05,hybrid_rrf_pgvector
119,e126e26c714bfaf7663096006dcb8e513dfaa39806c468464af77cd431db7c3f,makefile.ref creates a C-incompatible spidermonkey lib(need more -fno-exceptions),2,4104,e519c0a9becc89e72fdcf4ff63b47aef9a7287e153cf7638405f1445cdb37069,stop,0.0,1.0,0.04839549075403121,1.0,hybrid_rrf_pgvector
119,e126e26c714bfaf7663096006dcb8e513dfaa39806c468464af77cd431db7c3f,makefile.ref creates a C-incompatible spidermonkey lib(need more -fno-exceptions),3,4380,be8dff00b0d468b29d804886729be5b430163ad625b1b621d943c2f80005281a,pausa,0.0,1.0,0.04767399003253049,1.0,hybrid_rrf_pgvector
119,e126e26c714bfaf7663096006dcb8e513dfaa39806c468464af77cd431db7c3f,makefile.ref creates a C-incompatible spidermonkey lib(need more -fno-exceptions),4,3841,382a078fa6a48b0868411991686521c8238cbb0ca7e549c350f9489529929e55,pausa,0.0,1.0,0.04688263125763126,1.0,hybrid_rrf_pgvector
119,e126e26c714bfaf7663096006dcb8e513dfaa39806c468464af77cd431db7c3f,makefile.ref creates a C-incompatible spidermonkey lib(need more -fno-exceptions),5,978,270dc4cfacb922c908c2b668beaddcd856994eb88a1076c1bf423b145387798d,pausa,0.0,1.0,0.04643206256109482,1.0,hybrid_rrf_pgvector
120,2dc84e02ae71cac1a327a65fcecb414016b3ffd03e3c419c2d664aef608cd81c,Implement Object grip actor message handling,1,4235,7dee66f40a3537e1f5524ecdeb266b75de471f28a02efd180a4ba1ad39f044f5,pausa,0.22422800247438013,0.7757719975256199,0.04918032786885246,0.7921377971544629,hybrid_rrf_pgvector
120,2dc84e02ae71cac1a327a65fcecb414016b3ffd03e3c419c2d664aef608cd81c,Implement Object grip actor message handling,2,5797,81c7ebfc1962d50f24a0017d0752c14d852e2f446fad2adf1ba6f726fefc8a89,play,0.3168111773011766,0.6831888226988234,0.04838709677419355,0.6356671461036469,hybrid_rrf_pgvector
120,2dc84e02ae71cac1a327a65fcecb414016b3ffd03e3c419c2d664aef608cd81c,Implement Object grip actor message handling,3,1284,767a7ae7c59aa3e7c898c6001a6ebe7dbc19d05b901c6433e840393bbc898610,pausa,0.3634899059980259,0.6365100940019741,0.047371031746031744,0.6319866081022703,hybrid_rrf_pgvector
120,2dc84e02ae71cac1a327a65fcecb414016b3ffd03e3c419c2d664aef608cd81c,Implement Object grip actor message handling,4,273,940b141131955be7df25bf82d87bf390e70dba60abcda3c242b994a843700aec,stop,0.3634899059980259,0.6365100940019741,0.046634615384615385,0.5819866081022702,hybrid_rrf_pgvector
120,2dc84e02ae71cac1a327a65fcecb414016b3ffd03e3c419c2d664aef608cd81c,Implement Object grip actor message handling,5,3574,cf83ac229dc6bb51be93b3bf7dcc46436e15ad5a05f7bdf66eff597552cc24b5,play,0.39166206520136915,0.6083379347986309,0.04664224664224664,0.5495886250184254,hybrid_rrf_pgvector
121,92f773c386ee72241452256bf463fc1abbbb207514bfdae8e3fe0cbc5a3de900,make package fails with safe browsing disabled,1,4447,f66894333c422095025f4dc49d94ea13df16eaf3902cc1bb05f736521cd715ed,pausa,0.13993414795679793,0.8600658520432021,0.04918032786885246,0.8890757298496824,hybrid_rrf_pgvector
121,92f773c386ee72241452256bf463fc1abbbb207514bfdae8e3fe0cbc5a3de900,make package fails with safe browsing disabled,2,5929,aac847e07f389612d6347b36744da4f9f6f609a96dea01f13f69eaeb5e59e881,pausa,0.1718371961210936,0.8281628038789064,0.030798389007344232,0.8523872244607424,hybrid_rrf_pgvector
121,92f773c386ee72241452256bf463fc1abbbb207514bfdae8e3fe0cbc5a3de900,make package fails with safe browsing disabled,3,4146,cfaf5a8e9f517480acecbe6577df22490237bad5bcd0d1a72c662c7489e0d506,pausa,0.1718371961210936,0.8281628038789064,0.030303030303030304,0.8523872244607424,hybrid_rrf_pgvector
121,92f773c386ee72241452256bf463fc1abbbb207514bfdae8e3fe0cbc5a3de900,make package fails with safe browsing disabled,4,3391,535370081aea6c9e33dbf8c161f896d89021d587f579671837038735687f7506,stop,0.1705957010982111,0.8294042989017889,0.04838709677419355,0.8038149437370572,hybrid_rrf_pgvector
121,92f773c386ee72241452256bf463fc1abbbb207514bfdae8e3fe0cbc5a3de900,make package fails with safe browsing disabled,5,5018,d2f11ce7f3c2d4e78e04d3b4fbc778243437b15dcc8e2380ba753350f882a225,stop,0.1718371961210936,0.8281628038789064,0.030330882352941176,0.8023872244607424,hybrid_rrf_pgvector
122,1f0f4db9013f1eb6829aecba28dccba467e0057cf06dc8326dd29cd80af6b266,Most Visited item in Bookmarks Toolbar does not use a smart search icon,1,5785,0f6a5de9f290bb60cdb766f511e81ceb87c8809ab6602c8222cfd1be86d3a498,play,0.2692212166916087,0.7307787833083913,0.04718343765045739,0.7403956008046501,hybrid_rrf_pgvector
122,1f0f4db9013f1eb6829aecba28dccba467e0057cf06dc8326dd29cd80af6b266,Most Visited item in Bookmarks Toolbar does not use a smart search icon,2,5864,ad8a1d174fd91817c6097841a2e023e08f7c786c43ee78d414f0f56e26a68ddd,play,0.31160739085845224,0.6883926091415478,0.04639423076923077,0.69165150051278,hybrid_rrf_pgvector
122,1f0f4db9013f1eb6829aecba28dccba467e0057cf06dc8326dd29cd80af6b266,Most Visited item in Bookmarks Toolbar does not use a smart search icon,3,212,e06e9e5105397395ce7d362aad6552930efa8213dc98ee63350913fe541092ff,play,0.31631566075957696,0.683684339240423,0.04580520732883317,0.6862369901264865,hybrid_rrf_pgvector
122,1f0f4db9013f1eb6829aecba28dccba467e0057cf06dc8326dd29cd80af6b266,Most Visited item in Bookmarks Toolbar does not use a smart search icon,4,2247,b7f92cccb6420262750db68a14c25e5665b6d505f407b7344a5dc551292f3dfc,stop,0.31160739085845224,0.6883926091415478,0.046634615384615385,0.64165150051278,hybrid_rrf_pgvector
122,1f0f4db9013f1eb6829aecba28dccba467e0057cf06dc8326dd29cd80af6b266,Most Visited item in Bookmarks Toolbar does not use a smart search icon,5,398,29a52d85b8915432f83f8f621dc51c92b03902c243958547926ae1828147bb1b,pausa,0.3249362434607552,0.6750637565392448,0.04369138959931799,0.6263233200201315,hybrid_rrf_pgvector
123,c2e817d6f3c970b051b58b5747247166e5be85c66d0a145c6547e2006755ed97,"elfhack Makefile using order-only prerequisites, not compatible with PyMake",1,0,737a8c586e01a3db3f0e7f8cdf0146c83a33197e8d2e8f1ab813f7fbb5ddbbae,play,1.0,0.0,0.03278688524590164,-0.09999999999999999,hybrid_rrf_pgvector
123,c2e817d6f3c970b051b58b5747247166e5be85c66d0a145c6547e2006755ed97,"elfhack Makefile using order-only prerequisites, not compatible with PyMake",2,2,50f50c77354314a73686fd77a1e2c3b3b4b8a48d5bbfdc5391409e149234c098,play,1.0,0.0,0.031746031746031744,-0.09999999999999999,hybrid_rrf_pgvector
123,c2e817d6f3c970b051b58b5747247166e5be85c66d0a145c6547e2006755ed97,"elfhack Makefile using order-only prerequisites, not compatible with PyMake",3,1,7175846e309b39507fa4c4cfa3ee674c5626208653c00dcf439122eea5f9aec0,pausa,1.0,0.0,0.03225806451612903,-0.15,hybrid_rrf_pgvector
123,c2e817d6f3c970b051b58b5747247166e5be85c66d0a145c6547e2006755ed97,"elfhack Makefile using order-only prerequisites, not compatible with PyMake",4,3,08db3dc49103c8ccfff8b8dd59d2b8fa79ebca6f181aec85d18c2d9e440dc33f,pausa,1.0,0.0,0.03125,-0.15,hybrid_rrf_pgvector
123,c2e817d6f3c970b051b58b5747247166e5be85c66d0a145c6547e2006755ed97,"elfhack Makefile using order-only prerequisites, not compatible with PyMake",5,4,c020e3e61c72b8025cbdaa2c813ae36f00080d2900b13a19128931d6d15dd411,stop,1.0,0.0,0.03076923076923077,-0.15,hybrid_rrf_pgvector
124,aab65ec304751fdaf81faf289716c5b6fb98a600af8a97ad6b087a47a9b83a13,"JavaScript component does not have a method named: ""folderAdded""' when calling method: [nsIMsgFolderListener::folderAdded]",1,2639,784d41686a2b685797d7d52500c754d07e309336f35718e580997e3660301b28,play,0.0,1.0,0.04692742126540875,1.05,hybrid_rrf_pgvector
124,aab65ec304751fdaf81faf289716c5b6fb98a600af8a97ad6b087a47a9b83a13,"JavaScript component does not have a method named: ""folderAdded""' when calling method: [nsIMsgFolderListener::folderAdded]",2,2449,53d86835f8dbdc970a9ab902f84c8135d9c61a5b48ad74a6bd658b36337ba3a7,play,0.0,1.0,0.04617537313432836,1.05,hybrid_rrf_pgvector
124,aab65ec304751fdaf81faf289716c5b6fb98a600af8a97ad6b087a47a9b83a13,"JavaScript component does not have a method named: ""folderAdded""' when calling method: [nsIMsgFolderListener::folderAdded]",3,2923,e3bc01c8061509ca24dee41f5809185c71d75676fd13a5e7e1fbd86049239277,play,0.0,1.0,0.04580520732883317,1.05,hybrid_rrf_pgvector
124,aab65ec304751fdaf81faf289716c5b6fb98a600af8a97ad6b087a47a9b83a13,"JavaScript component does not have a method named: ""folderAdded""' when calling method: [nsIMsgFolderListener::folderAdded]",4,2682,4a00789f41cf83c2ca33a4158e632738c3d1a63f3f014fd640de0c53cbb94cae,stop,0.0,1.0,0.04643206256109482,1.0,hybrid_rrf_pgvector
124,aab65ec304751fdaf81faf289716c5b6fb98a600af8a97ad6b087a47a9b83a13,"JavaScript component does not have a method named: ""folderAdded""' when calling method: [nsIMsgFolderListener::folderAdded]",5,1194,a1b04a20f110e1864f35505e80b6553b407653d2dce17727582890108a76f857,stop,0.0,1.0,0.045811569380467584,1.0,hybrid_rrf_pgvector
125,5e27ea3824b4919896f5798742f07466b32826be9f153a960d43d00d0d7437c2,Implement PositionOptions::maximumAge,1,3599,dd888a0cf1f3698bbc8d2b6b38b1b539263f467442e7e2d0f8ee8c99c7771373,pausa,0.0,1.0,0.04767399003253049,1.05,hybrid_rrf_pgvector
125,5e27ea3824b4919896f5798742f07466b32826be9f153a960d43d00d0d7437c2,Implement PositionOptions::maximumAge,2,3477,90c743a4d003a4ff80820dc0f123af9d22442b4b55354c4c569fe0d734d06f58,pausa,0.0,1.0,0.0471386476426799,1.05,hybrid_rrf_pgvector
125,5e27ea3824b4919896f5798742f07466b32826be9f153a960d43d00d0d7437c2,Implement PositionOptions::maximumAge,3,1746,7676fec93b184c7fe958dd704d4e97a00e4a17d665f34e306ada29efad7c6da8,pausa,0.0,1.0,0.04669647292598113,1.05,hybrid_rrf_pgvector
125,5e27ea3824b4919896f5798742f07466b32826be9f153a960d43d00d0d7437c2,Implement PositionOptions::maximumAge,4,3172,d9bb7d677bfa94ecacb6e20096ba33a5bbf52bd563c538de8a0b3edc0ca1edcc,pausa,0.0,1.0,0.046451914098972924,1.05,hybrid_rrf_pgvector
125,5e27ea3824b4919896f5798742f07466b32826be9f153a960d43d00d0d7437c2,Implement PositionOptions::maximumAge,5,1804,6fedbfb266385b75d358b7499e676a8da3dc84c533e0ead5b450e2d0cb03da9e,play,0.0,1.0,0.04643902077700826,1.0,hybrid_rrf_pgvector
126,16f2160e72c9ebb3e8b89072fd90185e8a9aa06bdaa0e97073d3ff2b493bf0ec,"Drawing round rectangles, DND and antialias vows",1,5832,40e9842c6e93856576fc8c3b0950c95142b3652016ade7a058a1b574e9a8bb09,pausa,0.0,1.0,0.04918032786885246,1.05,hybrid_rrf_pgvector
126,16f2160e72c9ebb3e8b89072fd90185e8a9aa06bdaa0e97073d3ff2b493bf0ec,"Drawing round rectangles, DND and antialias vows",2,5514,914003629812dbea28220c4e87d6f22eaf15d814cf1e47c63760ffb26352c42a,pausa,0.0,1.0,0.048131080389144903,1.05,hybrid_rrf_pgvector
126,16f2160e72c9ebb3e8b89072fd90185e8a9aa06bdaa0e97073d3ff2b493bf0ec,"Drawing round rectangles, DND and antialias vows",3,2551,287ad85f5d57bc5c461c30f51cdc4b8dd8234ce035dbf7b68a99164a3fb9a798,stop,0.0,1.0,0.04787506400409626,1.0,hybrid_rrf_pgvector
126,16f2160e72c9ebb3e8b89072fd90185e8a9aa06bdaa0e97073d3ff2b493bf0ec,"Drawing round rectangles, DND and antialias vows",4,5675,56d20ac15269ada0befeee07cc53d00aca9a93c312e78c5ab18d0a69a997c593,stop,0.314174326019244,0.685825673980756,0.046875,0.6386995250778694,hybrid_rrf_pgvector
126,16f2160e72c9ebb3e8b89072fd90185e8a9aa06bdaa0e97073d3ff2b493bf0ec,"Drawing round rectangles, DND and antialias vows",5,5567,58165db94e4131554ead7a669cd6d59c05c8038983251c5172b3a6d4350ad17c,stop,0.3244719091576418,0.6755280908423582,0.03076923076923077,0.6268573044687119,hybrid_rrf_pgvector
127,b2d957f5eb92fb0773403a0efb4394b19269d8b1d0e79abbb7bcc0e335a2923c,Italics for UNCONFIRMED bug links are hardcoded in Bugzilla/Template.pm,1,5257,6c6923267e99279b9937663c3bed649e3612d5664239b1a4c63e97046ccbf103,play,0.0,1.0,0.04675081813931744,1.0,hybrid_rrf_pgvector
127,b2d957f5eb92fb0773403a0efb4394b19269d8b1d0e79abbb7bcc0e335a2923c,Italics for UNCONFIRMED bug links are hardcoded in Bugzilla/Template.pm,2,5121,3e748273594d46e30090f2476102e89bb1cf55f4924b156de85364d7d71963b5,play,0.0,1.0,0.046671404880360104,1.0,hybrid_rrf_pgvector
127,b2d957f5eb92fb0773403a0efb4394b19269d8b1d0e79abbb7bcc0e335a2923c,Italics for UNCONFIRMED bug links are hardcoded in Bugzilla/Template.pm,3,4315,c0dce16ba0e502dbb011e9a8c2480db90a651de4e0aeef11042944fd6a6e36a0,play,0.0,1.0,0.045928030303030304,1.0,hybrid_rrf_pgvector
127,b2d957f5eb92fb0773403a0efb4394b19269d8b1d0e79abbb7bcc0e335a2923c,Italics for UNCONFIRMED bug links are hardcoded in Bugzilla/Template.pm,4,4257,66ef9b659891a6fa4f29e71c4fce494115d93d8998959e07e60182ada337bf07,stop,0.0,1.0,0.04501587087188492,1.0,hybrid_rrf_pgvector
127,b2d957f5eb92fb0773403a0efb4394b19269d8b1d0e79abbb7bcc0e335a2923c,Italics for UNCONFIRMED bug links are hardcoded in Bugzilla/Template.pm,5,5943,c1d2cde977f9a5b91c6d6c3eed4199501861899d7b56f2e967fad305e95ab042,play,0.0,1.0,0.03278688524590164,1.0,hybrid_rrf_pgvector
128,9cc5035ad60603f6c3f30e49c7864410b78fb6bac15f0446d98554841950f20c,Missing spanning rows in print preview at page break.,1,4430,3b6191dc073f30464234df752a3a80dd272f36dd26bdf69af48949406faf172c,play,-2.220446049250313e-16,1.0000000000000002,0.04918032786885246,1.0500000000000003,hybrid_rrf_pgvector
128,9cc5035ad60603f6c3f30e49c7864410b78fb6bac15f0446d98554841950f20c,Missing spanning rows in print preview at page break.,2,1856,8f63966b2acabada248ad42b276fc53309b61165fdf07221077c86ae9a63bb40,play,0.026274401218473353,0.9737255987815266,0.048131080389144903,1.0197844385987556,hybrid_rrf_pgvector
128,9cc5035ad60603f6c3f30e49c7864410b78fb6bac15f0446d98554841950f20c,Missing spanning rows in print preview at page break.,3,2252,7ab81d9f2f0b540fd53b009b1475c1841a5eb177f551b5d01efc2edd30eefaa7,play,0.12578039298516752,0.8742196070148325,0.031746031746031744,0.9053525480670574,hybrid_rrf_pgvector
128,9cc5035ad60603f6c3f30e49c7864410b78fb6bac15f0446d98554841950f20c,Missing spanning rows in print preview at page break.,4,4544,c1cda050c90017bf60bccab2e65f89a0a6da433cd96d432a4706fdd52268b76c,play,0.15846194465985397,0.841538055340146,0.047379032258064516,0.867768763641168,hybrid_rrf_pgvector
128,9cc5035ad60603f6c3f30e49c7864410b78fb6bac15f0446d98554841950f20c,Missing spanning rows in print preview at page break.,5,3578,e581d238109d950bb0a61deca83660a9ddd70a09288e4ace687abec0be6f30b7,stop,0.2532947181644959,0.7467052818355041,0.04392998306041784,0.7087110741108297,hybrid_rrf_pgvector
129,1f464cfedc6c0995dc47aab142139a846c9c4d3424199cc208ff91cbae53e119,Remove dangerous uses of vanilla (throw-on-failure) |operator new|,1,3333,5ca5c569a0ad0421f0d9a8fb570b9483d7272500a52d6b1c3482bbcde436397d,pausa,0.25842660113669735,0.7415733988633026,0.045730413377472204,0.7528094086927981,hybrid_rrf_pgvector
129,1f464cfedc6c0995dc47aab142139a846c9c4d3424199cc208ff91cbae53e119,Remove dangerous uses of vanilla (throw-on-failure) |operator new|,2,2585,a59f3f2d458387689197e9f2fafaa315d3d7bde52be7abe583cfa3a2a6f1b5b4,pausa,0.25842660113669735,0.7415733988633026,0.04503676470588235,0.7528094086927981,hybrid_rrf_pgvector
129,1f464cfedc6c0995dc47aab142139a846c9c4d3424199cc208ff91cbae53e119,Remove dangerous uses of vanilla (throw-on-failure) |operator new|,3,1775,f2549c9eca5763701e460d2c49d0ca1704d4414b482fd6f47b245d7d3f350f0c,pausa,0.25842660113669735,0.7415733988633026,0.04416308329351808,0.7528094086927981,hybrid_rrf_pgvector
129,1f464cfedc6c0995dc47aab142139a846c9c4d3424199cc208ff91cbae53e119,Remove dangerous uses of vanilla (throw-on-failure) |operator new|,4,4222,b0f24ecdff6cf5dec23378e44c9148058b4fbc224e6ac12c19616bbfaf93b38b,play,0.25842660113669735,0.7415733988633026,0.04529532967032967,0.7028094086927981,hybrid_rrf_pgvector
129,1f464cfedc6c0995dc47aab142139a846c9c4d3424199cc208ff91cbae53e119,Remove dangerous uses of vanilla (throw-on-failure) |operator new|,5,4203,e7fdaf963cffbd47ffad6593d885f54d1a30e74117f59eef78c0799a366a6fb0,play,0.25842660113669735,0.7415733988633026,0.045028884159318945,0.7028094086927981,hybrid_rrf_pgvector
130,c1eb414f80c0371279b4da313a77cfd1eb400f9c7ca30d0a7db8ae1d49abea6b,nanojit: improve int32 and int64 constant generation in X64 backend,1,2420,6fe5fe90ea19758cf5fe088bceeb5b4840f4986e1341a8ca5a228e5c92453417,play,0.2803374440717197,0.7196625559282803,0.03252247488101534,0.7276119393175224,hybrid_rrf_pgvector
130,c1eb414f80c0371279b4da313a77cfd1eb400f9c7ca30d0a7db8ae1d49abea6b,nanojit: improve int32 and int64 constant generation in X64 backend,2,426,5b57e4e465dff360153be9f72c56b70a106d37268e8d7d865360a33c6b3491b4,pausa,0.2803374440717197,0.7196625559282803,0.03252247488101534,0.6776119393175224,hybrid_rrf_pgvector
130,c1eb414f80c0371279b4da313a77cfd1eb400f9c7ca30d0a7db8ae1d49abea6b,nanojit: improve int32 and int64 constant generation in X64 backend,3,2365,8eea25a112e56c8320da2d5836809a051e2130b4bad2dfa35bdd1d19d8192ec8,play,0.36761688661341907,0.6323831133865809,0.047371031746031744,0.6272405803945681,hybrid_rrf_pgvector
130,c1eb414f80c0371279b4da313a77cfd1eb400f9c7ca30d0a7db8ae1d49abea6b,nanojit: improve int32 and int64 constant generation in X64 backend,4,2827,d115fd81ab1aa4acac3316bba6a719a4a1facd1a718a9e0d937914523b927623,play,0.42447832570756217,0.5755216742924378,0.03076923076923077,0.5618499254363035,hybrid_rrf_pgvector
130,c1eb414f80c0371279b4da313a77cfd1eb400f9c7ca30d0a7db8ae1d49abea6b,nanojit: improve int32 and int64 constant generation in X64 backend,5,5812,6179eb39d8916376d6d2b305f68c38ca064c35928d606743242240ce327654ee,stop,0.4143498056753445,0.5856501943246555,0.03125,0.5234977234733538,hybrid_rrf_pgvector
131,3803e33027fbae562673bc69c1d54199a15d569afc0fd78f2259551329eb5c89,Location bar tooltip shows shortened URL when full location bar address is not visible,1,5139,feea9fdda9a709da0a7ed0a6c019d30764993df76404bbaa18ab4725876240df,stop,0.014044312082901689,0.9859556879170983,0.04918032786885246,0.9838490411046631,hybrid_rrf_pgvector
131,3803e33027fbae562673bc69c1d54199a15d569afc0fd78f2259551329eb5c89,Location bar tooltip shows shortened URL when full location bar address is not visible,2,4242,afa764d8f2c6d97d330eb9887778cc7e4aa46dc371907b5b37f3d907051214d0,play,0.08534941848401512,0.9146505815159849,0.04762704813108039,0.9518481687433826,hybrid_rrf_pgvector
131,3803e33027fbae562673bc69c1d54199a15d569afc0fd78f2259551329eb5c89,Location bar tooltip shows shortened URL when full location bar address is not visible,3,3732,fa95b29231df33b5b351bc95bb3fdcfb7dc0c78eb829181aa592a827bbd8480d,play,0.08534941848401512,0.9146505815159849,0.04639423076923077,0.9518481687433826,hybrid_rrf_pgvector
131,3803e33027fbae562673bc69c1d54199a15d569afc0fd78f2259551329eb5c89,Location bar tooltip shows shortened URL when full location bar address is not visible,4,5005,c23750dd89bf0f6d8eea2fc81c6ee7f3df7788e7eb15d19df293d471809cc176,pausa,0.08534941848401512,0.9146505815159849,0.048131080389144903,0.9018481687433826,hybrid_rrf_pgvector
131,3803e33027fbae562673bc69c1d54199a15d569afc0fd78f2259551329eb5c89,Location bar tooltip shows shortened URL when full location bar address is not visible,5,4583,135b5a0bed1b60e63f10e9e41cacd10c47b8eb48245c3044df6def5e6798ec14,pausa,0.08534941848401512,0.9146505815159849,0.04642338900734423,0.9018481687433826,hybrid_rrf_pgvector
132,4078eabccb8d2b09ebd92730aea2de548c5f29369d981360a5e9e0cae3e916e2,mochitest with extra whitespaces for nsIAccessibleText,1,4904,ad6e7e95e88d805ef5c9ab1f6cef891a0dd34a5d50d8e7e788b9667b637d8792,play,0.025859321829757698,0.9741406781702423,0.04918032786885246,1.0202617798957787,hybrid_rrf_pgvector
132,4078eabccb8d2b09ebd92730aea2de548c5f29369d981360a5e9e0cae3e916e2,mochitest with extra whitespaces for nsIAccessibleText,2,2620,fa0f7e2c00cee8ab97f186a41c389a650c3fe8720c7f94b5d753b619e3c05dfb,play,0.025859321829757698,0.9741406781702423,0.04764267990074442,1.0202617798957787,hybrid_rrf_pgvector
132,4078eabccb8d2b09ebd92730aea2de548c5f29369d981360a5e9e0cae3e916e2,mochitest with extra whitespaces for nsIAccessibleText,3,901,6a64545c3962c4025e0f3be2f2ef02ed566b94219e0c41d2ac2e0b10c181a959,play,0.025859321829757698,0.9741406781702423,0.0471386476426799,1.0202617798957787,hybrid_rrf_pgvector
132,4078eabccb8d2b09ebd92730aea2de548c5f29369d981360a5e9e0cae3e916e2,mochitest with extra whitespaces for nsIAccessibleText,4,256,a6eeec88eb08fe54102a765cbd0883e22f0f3702d4e7a4e72e6b938dd274809a,play,0.025859321829757698,0.9741406781702423,0.046897546897546896,1.0202617798957787,hybrid_rrf_pgvector
132,4078eabccb8d2b09ebd92730aea2de548c5f29369d981360a5e9e0cae3e916e2,mochitest with extra whitespaces for nsIAccessibleText,5,14,d74b37fc2626f7c908283c43989d7b1528a80a995725eaa508a3ffa4263ee16f,pausa,0.025859321829757698,0.9741406781702423,0.04617537313432836,0.9702617798957787,hybrid_rrf_pgvector
133,78be80d67f15765d18ea2070d4d24cf6c169bf7b9600962c9a3cb1f091e7d35e,TB-IM: conv-top-info unreadable with Ubuntu default theme,1,4921,7108d8b9cfb9a9ea074f0d849c65992b4f2929168b9ee331fbb3b8cfe15b6b15,pausa,0.05230707743170804,0.947692922568292,0.047072599531615925,0.9898468609535358,hybrid_rrf_pgvector
133,78be80d67f15765d18ea2070d4d24cf6c169bf7b9600962c9a3cb1f091e7d35e,TB-IM: conv-top-info unreadable with Ubuntu default theme,2,3000,8f562cafa1dccfede60dc4bb9c770b52bd03ede09b64e06b78fa7308e75222d3,pausa,0.09406394884802949,0.9059360511519705,0.04692742126540875,0.9418264588247661,hybrid_rrf_pgvector
133,78be80d67f15765d18ea2070d4d24cf6c169bf7b9600962c9a3cb1f091e7d35e,TB-IM: conv-top-info unreadable with Ubuntu default theme,3,5665,d99e0815af56ff0686a90d1df641122021d58d56b05a0679067d5ab0d0a7f0db,play,0.09406394884802949,0.9059360511519705,0.04740957966764418,0.8918264588247661,hybrid_rrf_pgvector
133,78be80d67f15765d18ea2070d4d24cf6c169bf7b9600962c9a3cb1f091e7d35e,TB-IM: conv-top-info unreadable with Ubuntu default theme,4,5195,5029d43cf79c8e84f86f8f53c372c7b3ec08bb8730e76904a9fafb6fe57a8c16,play,0.09406394884802949,0.9059360511519705,0.04655217278168098,0.8918264588247661,hybrid_rrf_pgvector
133,78be80d67f15765d18ea2070d4d24cf6c169bf7b9600962c9a3cb1f091e7d35e,TB-IM: conv-top-info unreadable with Ubuntu default theme,5,3535,03f926c8806d1eeac3e6cd8977040e2c84533d8eb3c4699674e4da6852896a2a,play,0.09406394884802949,0.9059360511519705,0.04639423076923077,0.8918264588247661,hybrid_rrf_pgvector
134,c4f8002b58a4a62b85a51cf813f762efaa240aa9d4acb476766804b29205909c,GCLI requirejs tests log when they shouldn't,1,5470,35162e8a58ed693c70acecca77902c01aa9868de5c5b76c40e0ae6dd381c79d9,play,0.19511576960818755,0.8048842303918124,0.048131080389144903,0.8256168649505844,hybrid_rrf_pgvector
134,c4f8002b58a4a62b85a51cf813f762efaa240aa9d4acb476766804b29205909c,GCLI requirejs tests log when they shouldn't,2,5474,cf097b5188613a0c20ee3e721878aa0cf6c88442e26b2bfe5b3158cef3808835,play,0.19511576960818755,0.8048842303918124,0.04767399003253049,0.8256168649505844,hybrid_rrf_pgvector
134,c4f8002b58a4a62b85a51cf813f762efaa240aa9d4acb476766804b29205909c,GCLI requirejs tests log when they shouldn't,3,4342,355af2221697412f232eb816d23f5558ba3492ec6f8b7fdd276c1cdc14603867,play,0.19511576960818755,0.8048842303918124,0.04617537313432836,0.8256168649505844,hybrid_rrf_pgvector
134,c4f8002b58a4a62b85a51cf813f762efaa240aa9d4acb476766804b29205909c,GCLI requirejs tests log when they shouldn't,4,5294,e7aa505db1a91a2032236568aec70e79a81f5ea5d8778363d054163f5735c12b,stop,0.19112314520717333,0.8088768547928267,0.04865990111891752,0.7802083830117507,hybrid_rrf_pgvector
134,c4f8002b58a4a62b85a51cf813f762efaa240aa9d4acb476766804b29205909c,GCLI requirejs tests log when they shouldn't,5,3533,4f8b056b73811ed68b76dc2a9f39565def35d585e70ae13f6e84360d500d1173,pausa,0.19511576960818755,0.8048842303918124,0.04640914640914641,0.7756168649505844,hybrid_rrf_pgvector
135,cf9f33f2901653672cdbdfd1d324332108a56ed4ed394f5b33ec9a113cd39e4a,Window loses focus on Growl notification in 10.6,1,1830,cd38abdf58062059c6622c89df68e5931443fa46befd77b8c256b3ed9b693b13,stop,0.05251128150247675,0.9474887184975233,0.04918032786885246,0.9396120262721518,hybrid_rrf_pgvector
135,cf9f33f2901653672cdbdfd1d324332108a56ed4ed394f5b33ec9a113cd39e4a,Window loses focus on Growl notification in 10.6,2,1176,871d11267dd15683f9d96d57d7dd85996e8e2377ef333a88404b0738a6524cc3,pausa,0.10294579271491544,0.8970542072850846,0.03225806451612903,0.8816123383778472,hybrid_rrf_pgvector
135,cf9f33f2901653672cdbdfd1d324332108a56ed4ed394f5b33ec9a113cd39e4a,Window loses focus on Growl notification in 10.6,3,1587,8cee08b1b1626d8b44a33f55abab9db78162498c1f791251d227ed903f698e5a,play,0.18363013206027456,0.8163698679397254,0.031746031746031744,0.8388253481306843,hybrid_rrf_pgvector
135,cf9f33f2901653672cdbdfd1d324332108a56ed4ed394f5b33ec9a113cd39e4a,Window loses focus on Growl notification in 10.6,4,2656,6b7b661d6ee36d481be646ad7d1ae622c692e9cb18126c103143b202e5b09c36,pausa,0.23214033707418724,0.7678596629258128,0.04370384104323105,0.7330386123646847,hybrid_rrf_pgvector
135,cf9f33f2901653672cdbdfd1d324332108a56ed4ed394f5b33ec9a113cd39e4a,Window loses focus on Growl notification in 10.6,5,3186,7d6a6911e6de973e93f230b092f0e6e3d8495ee6101277b160f64d0d497550df,stop,0.23214033707418724,0.7678596629258128,0.04348435026184387,0.7330386123646847,hybrid_rrf_pgvector
136,fc86a1b64068397448a81139f4b4954a724a2628531168932b4437f3a94dcc0b,problems view quick fix: dialog should check resource by default,1,3140,b1b27778d9d4d98a5d8d0ab87d6a296d0357ee2c5736e905d9ad6c359ee7883b,pausa,0.13486980602718623,0.8651301939728138,0.032018442622950824,0.8948997230687359,hybrid_rrf_pgvector
136,fc86a1b64068397448a81139f4b4954a724a2628531168932b4437f3a94dcc0b,problems view quick fix: dialog should check resource by default,2,5431,7445330d7e00282b55a529442c0874d79a34d323026e3282664c8b717bd2d031,pausa,0.13486980602718623,0.8651301939728138,0.03177805800756621,0.8948997230687359,hybrid_rrf_pgvector
136,fc86a1b64068397448a81139f4b4954a724a2628531168932b4437f3a94dcc0b,problems view quick fix: dialog should check resource by default,3,5872,8ee24c5434d8203203d0fb7a4b737e9d8cf7b38f3a9c84dfcabcd97f7b0f928b,pausa,0.2787047624408483,0.7212952375591517,0.044616596638655456,0.7294895231930245,hybrid_rrf_pgvector
136,fc86a1b64068397448a81139f4b4954a724a2628531168932b4437f3a94dcc0b,problems view quick fix: dialog should check resource by default,4,5093,46717c0a561e01b413c9c2d195ad56eb091092950ea34e1efe3e8c6f124406d4,play,0.2787047624408483,0.7212952375591517,0.04511453950444133,0.6794895231930245,hybrid_rrf_pgvector
136,fc86a1b64068397448a81139f4b4954a724a2628531168932b4437f3a94dcc0b,problems view quick fix: dialog should check resource by default,5,3875,77170293c45d1443e50fe9ded913a3eb50bea70fe687dd78739b4cf1a0e39823,stop,0.2787047624408483,0.7212952375591517,0.044864612511671335,0.6794895231930245,hybrid_rrf_pgvector
137,f09b4758af99925fba656e45185d3716cacb6742a4796107612836fda0332a0b,keybinding doesn't enable 'Use Step Filters/Step Debug' action,1,340,b7d49c9541f22596e0c6fb445b9215a0d933e3932284292e66a0fad09cc85510,play,0.14234274143134684,0.8576572585686532,0.048915917503966164,0.8863058473539511,hybrid_rrf_pgvector
137,f09b4758af99925fba656e45185d3716cacb6742a4796107612836fda0332a0b,keybinding doesn't enable 'Use Step Filters/Step Debug' action,2,1922,ff859c489e0f8981ba5df3322e4a4670de740ecc99fd44762cb5b1ca0231c3fa,play,0.28532819702043255,0.7146718029795674,0.047643442622950824,0.7218725734265026,hybrid_rrf_pgvector
137,f09b4758af99925fba656e45185d3716cacb6742a4796107612836fda0332a0b,keybinding doesn't enable 'Use Step Filters/Step Debug' action,3,1986,d7b9ba85f5f0b0ed929ff5d2147f811597dfe36a58b2a8daf445473b27838f3d,play,0.31999653939562545,0.6800034606043746,0.04569460390355913,0.6820039796950308,hybrid_rrf_pgvector
137,f09b4758af99925fba656e45185d3716cacb6742a4796107612836fda0332a0b,keybinding doesn't enable 'Use Step Filters/Step Debug' action,4,541,96b544aaf943582db1e5b0461f35b23ad73601ab149b2fd43069aa5d25cffbeb,play,0.32052099768565545,0.6794790023143445,0.04547574626865672,0.6814008526614963,hybrid_rrf_pgvector
137,f09b4758af99925fba656e45185d3716cacb6742a4796107612836fda0332a0b,keybinding doesn't enable 'Use Step Filters/Step Debug' action,5,4347,a5c8b1f2963b99579d52f1b5a0148a656f8e7d4e30b466d3bc314d9a9f208413,pausa,0.32052099768565545,0.6794790023143445,0.045454545454545456,0.6314008526614963,hybrid_rrf_pgvector
138,94e53428e5da95696b0e513e88383c0bb528416a1674c2e5982d249a6373b148,Javadoc and Manifest in org.eclipse.core.resources are not valid,1,1221,3d37558cdc12ab4aed6b7c9d1151dad4944bd4c8eea6eb152a143605acb091b5,play,0.18149955346731206,0.8185004465326879,0.04477611940298507,0.8412755135125912,hybrid_rrf_pgvector
138,94e53428e5da95696b0e513e88383c0bb528416a1674c2e5982d249a6373b148,Javadoc and Manifest in org.eclipse.core.resources are not valid,2,762,33411451c2dab614a84199023916f2565f9c98c04406510d1e6324ea4214138f,pausa,0.15243234921915283,0.8475676507808472,0.047619047619047616,0.8247027983979742,hybrid_rrf_pgvector
138,94e53428e5da95696b0e513e88383c0bb528416a1674c2e5982d249a6373b148,Javadoc and Manifest in org.eclipse.core.resources are not valid,3,1857,d3b61e08775b5bd269d260b150f6ae6892f47c93faf9f02fddc3977b84e13230,play,0.2041538952828993,0.7958461047171007,0.0443701226309922,0.8152230204246659,hybrid_rrf_pgvector
138,94e53428e5da95696b0e513e88383c0bb528416a1674c2e5982d249a6373b148,Javadoc and Manifest in org.eclipse.core.resources are not valid,4,4714,121ac2ef7603efcd223dd4dc01d4277a434d00fdb4c4a6d4f8b7ba8fd810748a,stop,0.17319234290692498,0.826807657093075,0.04639423076923077,0.8008288056570363,hybrid_rrf_pgvector
138,94e53428e5da95696b0e513e88383c0bb528416a1674c2e5982d249a6373b148,Javadoc and Manifest in org.eclipse.core.resources are not valid,5,2496,0aa091b6db6c4424083ad10644bc78ea22d61d02fb02ad7d36db922bd2688c65,stop,0.18149955346731206,0.8185004465326879,0.045008912655971484,0.7912755135125912,hybrid_rrf_pgvector
139,8befe2ebeaa8ef6ea89e140bc97bd3740f239fa4938ffb0e8cd57c0df204d639,[meta] Final theme work before RC1,1,5541,a9c1805441ede9bdf6b26b3b40a7de44046fe8386f2db5ac25a717b9ece0ce4e,pausa,0.1728860016177831,0.8271139983822169,0.048915917503966164,0.8511810981395495,hybrid_rrf_pgvector
139,8befe2ebeaa8ef6ea89e140bc97bd3740f239fa4938ffb0e8cd57c0df204d639,[meta] Final theme work before RC1,2,3602,d51b34529bf46c415d1deb85a54de678e8d83ec9d2c3db45238e3068bce0d288,pausa,0.1728860016177831,0.8271139983822169,0.048131080389144903,0.8511810981395495,hybrid_rrf_pgvector
139,8befe2ebeaa8ef6ea89e140bc97bd3740f239fa4938ffb0e8cd57c0df204d639,[meta] Final theme work before RC1,3,3137,72860c5cf88aa41b74a2a9ab487b76f3ee5445bfab23ab8e34091658d74dc933,pausa,0.18150766998396295,0.818492330016037,0.031746031746031744,0.8412661795184426,hybrid_rrf_pgvector
139,8befe2ebeaa8ef6ea89e140bc97bd3740f239fa4938ffb0e8cd57c0df204d639,[meta] Final theme work before RC1,4,32,5db8313f55e800e63d420edacd64f1bfeee98a04a04bd4b0c52e013ce3424338,stop,0.22494519232693277,0.7750548076730672,0.03125,0.7413130288240273,hybrid_rrf_pgvector
139,8befe2ebeaa8ef6ea89e140bc97bd3740f239fa4938ffb0e8cd57c0df204d639,[meta] Final theme work before RC1,5,1258,91fca9fe187e5bd6a42a4f9d5b0f500298303299d3fd82df62e547fa52f99c47,play,0.2260307912379509,0.7739692087620491,0.03076923076923077,0.7400645900763565,hybrid_rrf_pgvector
140,d661ea2c83d44d137f448421cb0a7e8403a7b0fc714f8f9c115b897b57123bf6,fix build warnings in nsNativeThemeGtk,1,1120,c450f4bb5f4dd9f2ac9605d2d4bb3e6043345d1579ad9cdba415a7bc3f546cdd,play,0.013589461831458038,0.986410538168542,0.04918032786885246,1.0343721188938233,hybrid_rrf_pgvector
140,d661ea2c83d44d137f448421cb0a7e8403a7b0fc714f8f9c115b897b57123bf6,fix build warnings in nsNativeThemeGtk,2,1683,65a91305bec81d045803bae67ab565c5fd1936d2473bdedddbe831fe972ddd6a,play,0.06260473056174776,0.9373952694382522,0.04764267990074442,0.9780045598539902,hybrid_rrf_pgvector
140,d661ea2c83d44d137f448421cb0a7e8403a7b0fc714f8f9c115b897b57123bf6,fix build warnings in nsNativeThemeGtk,3,3951,2acc00773075f297aa902a63923e81ea596f77b2fa69bde22c65bb4fc9dfb4bb,pausa,0.07677104872133689,0.9232289512786631,0.046451914098972924,0.9117132939704626,hybrid_rrf_pgvector
140,d661ea2c83d44d137f448421cb0a7e8403a7b0fc714f8f9c115b897b57123bf6,fix build warnings in nsNativeThemeGtk,4,1694,500c672f0cdea50f964ba37d6d23439a391fe877ab595fc8ac4b47c7acd08a2c,pausa,0.09603227945352466,0.9039677205464753,0.047379032258064516,0.8895628786284466,hybrid_rrf_pgvector
140,d661ea2c83d44d137f448421cb0a7e8403a7b0fc714f8f9c115b897b57123bf6,fix build warnings in nsNativeThemeGtk,5,3645,21bda4f261e94b26fce2b8eaee8ff5828c54c259ea6d48751648aadc3ab15f18,play,0.13954904562612702,0.860450954373873,0.04592074592074592,0.889518597529954,hybrid_rrf_pgvector
141,e0eb90c6938cc0213974812ab91a55871687ede0d62630da977e35a024ff4a84,White strips down left and right side of main mail window.,1,2776,cded3e221c8481f3fc684166515b91d3b5cf5377e2b4a13b1fd3b3585f43ca6f,play,0.12198855854764423,0.8780114414523558,0.04762704813108039,0.9097131576702092,hybrid_rrf_pgvector
141,e0eb90c6938cc0213974812ab91a55871687ede0d62630da977e35a024ff4a84,White strips down left and right side of main mail window.,2,2554,d3982951a90306f5e1401687865d8ebac5ad4e2e1574671851189ac10e264cde,play,0.12198855854764423,0.8780114414523558,0.04738666351569577,0.9097131576702092,hybrid_rrf_pgvector
141,e0eb90c6938cc0213974812ab91a55871687ede0d62630da977e35a024ff4a84,White strips down left and right side of main mail window.,3,1740,c67e42a1d80911fb3e20533c4e34f20256ddc242d8d842cc5cb3cb0e80a5a5d1,play,0.1501678738418737,0.8498321261581263,0.04479578392621871,0.8773069450818453,hybrid_rrf_pgvector
141,e0eb90c6938cc0213974812ab91a55871687ede0d62630da977e35a024ff4a84,White strips down left and right side of main mail window.,4,5671,634f9edb1bd911417db9efd7784d9008dbaea851156d6e67f4e88b16493cf31d,pausa,0.12085022120404543,0.8791497787959546,0.048915917503966164,0.8610222456153478,hybrid_rrf_pgvector
141,e0eb90c6938cc0213974812ab91a55871687ede0d62630da977e35a024ff4a84,White strips down left and right side of main mail window.,5,305,99e4831578dce31052dc947aa5bd322d4e027164ee45719481f3e771a500f08f,pausa,0.1263045951184989,0.8736954048815011,0.047643442622950824,0.8547497156137263,hybrid_rrf_pgvector
142,4b3e5959f588e29dc6a49bdae1d2462b1a257db837e835ce9a3854f076b509b2,Implement toast notification support,1,3316,fa0f26d23d323d462753581726439c2d28f7f3a4732c7e4c3a9cee8c1dded1e1,stop,0.0940888337078718,0.9059111662921282,0.04918032786885246,0.8917978412359474,hybrid_rrf_pgvector
142,4b3e5959f588e29dc6a49bdae1d2462b1a257db837e835ce9a3854f076b509b2,Implement toast notification support,2,3599,dd888a0cf1f3698bbc8d2b6b38b1b539263f467442e7e2d0f8ee8c99c7771373,pausa,0.14386291822037756,0.8561370817796224,0.045750384880819665,0.8845576440465659,hybrid_rrf_pgvector
142,4b3e5959f588e29dc6a49bdae1d2462b1a257db837e835ce9a3854f076b509b2,Implement toast notification support,3,3477,90c743a4d003a4ff80820dc0f123af9d22442b4b55354c4c569fe0d734d06f58,pausa,0.14386291822037756,0.8561370817796224,0.04483608742004264,0.8845576440465659,hybrid_rrf_pgvector
142,4b3e5959f588e29dc6a49bdae1d2462b1a257db837e835ce9a3854f076b509b2,Implement toast notification support,4,5238,2feff0b52aaf5fab424e5bfa813e25f4e6420d19e0264e43a3e2ed698ee04613,pausa,0.14386291822037756,0.8561370817796224,0.03225806451612903,0.8845576440465659,hybrid_rrf_pgvector
142,4b3e5959f588e29dc6a49bdae1d2462b1a257db837e835ce9a3854f076b509b2,Implement toast notification support,5,3172,d9bb7d677bfa94ecacb6e20096ba33a5bbf52bd563c538de8a0b3edc0ca1edcc,pausa,0.14386291822037756,0.8561370817796224,0.03125763125763126,0.8845576440465659,hybrid_rrf_pgvector
143,83dfc7b796f35e9f5c58c7fab8d126b656aea18eec6cb5a49e1fd42f70c8cd7b,deterministicgc() causes a leak,1,5305,914198683e43616f980680c596c843ff5031b5ab88c081078a780f97d9d5412f,stop,0.04303437666279353,0.9569656233372065,0.031754032258064516,1.0005104668377873,hybrid_rrf_pgvector
143,83dfc7b796f35e9f5c58c7fab8d126b656aea18eec6cb5a49e1fd42f70c8cd7b,deterministicgc() causes a leak,2,5343,f962852e0b07a711a416669b335d2e65d83043c5ce848350606f3d3255ffc53f,play,0.04303437666279353,0.9569656233372065,0.045730413377472204,0.9505104668377874,hybrid_rrf_pgvector
143,83dfc7b796f35e9f5c58c7fab8d126b656aea18eec6cb5a49e1fd42f70c8cd7b,deterministicgc() causes a leak,3,2339,fc1038c8039885a1deff5cac42fd274f6c21c25bcca6fe7e66cf232a4638e779,play,0.04303437666279353,0.9569656233372065,0.04483608742004264,0.9505104668377874,hybrid_rrf_pgvector
143,83dfc7b796f35e9f5c58c7fab8d126b656aea18eec6cb5a49e1fd42f70c8cd7b,deterministicgc() causes a leak,4,3691,b71b3b761aa7e2a42da1f1d1ac8523d081ed5d1edba32d98fd0458dcecc79cc1,play,0.04303437666279353,0.9569656233372065,0.04413702239789197,0.9505104668377874,hybrid_rrf_pgvector
143,83dfc7b796f35e9f5c58c7fab8d126b656aea18eec6cb5a49e1fd42f70c8cd7b,deterministicgc() causes a leak,5,5479,0fd291c6d460d61d0dc640d32ddc57e5356849a4ae1c5ff7a0f4dce5cac7abdb,pausa,0.04303437666279353,0.9569656233372065,0.03278688524590164,0.9505104668377874,hybrid_rrf_pgvector
144,4d61f383ee670a1b548759395ebde435c851d4683f2cb9451f23d96b758b7d47,fix JS_GetFrameScopeChain so that it doesn't GetScopeChain and leak scope objects to Firebug,1,4903,31760cc3659a0b69e55ebfcfd81afe8686c7cc82d9c8c4991f94fb673e47e209,pausa,0.26865891734224756,0.7313410826577524,0.03278688524590164,0.7410422450564154,hybrid_rrf_pgvector
144,4d61f383ee670a1b548759395ebde435c851d4683f2cb9451f23d96b758b7d47,fix JS_GetFrameScopeChain so that it doesn't GetScopeChain and leak scope objects to Firebug,2,5468,263acc03c212fa22406f3252502895f6bb929ad05beece288196859807511200,pausa,0.28486184929706604,0.715138150702934,0.03225806451612903,0.7224088733083741,hybrid_rrf_pgvector
144,4d61f383ee670a1b548759395ebde435c851d4683f2cb9451f23d96b758b7d47,fix JS_GetFrameScopeChain so that it doesn't GetScopeChain and leak scope objects to Firebug,3,4204,662a2af4918fcce770e59635faccbd9dcd3412b72c2913908d6b881f6d848744,pausa,0.2994638837312399,0.7005361162687601,0.04839549075403121,0.7056165337090742,hybrid_rrf_pgvector
144,4d61f383ee670a1b548759395ebde435c851d4683f2cb9451f23d96b758b7d47,fix JS_GetFrameScopeChain so that it doesn't GetScopeChain and leak scope objects to Firebug,4,1124,c7d31b1f067029f469070fc524f7210f23208ea8d53df8e03058c2831c73a3ae,pausa,0.3247269081206561,0.6752730918793439,0.03149801587301587,0.6765640556612456,hybrid_rrf_pgvector
144,4d61f383ee670a1b548759395ebde435c851d4683f2cb9451f23d96b758b7d47,fix JS_GetFrameScopeChain so that it doesn't GetScopeChain and leak scope objects to Firebug,5,5538,3c1549d95a4cc7fe8ecd8e72e9d659d3a1633ab6f0c09be61dad2aa7b309a342,pausa,0.36342011977730715,0.6365798802226929,0.031009615384615385,0.6320668622560969,hybrid_rrf_pgvector
145,c55f661ede9428b6aaf28e214362c7f181576a4bed26057fdafa9ac058c116fa,Should not be able to open the same draft multiple times,1,195,06f67dcbbd9ef875dde83a5b5a01e7fc280647f83811c70bbebae33dbe05b661,play,0.05460928360556627,0.9453907163944337,0.04713064713064713,0.9871993238535989,hybrid_rrf_pgvector
145,c55f661ede9428b6aaf28e214362c7f181576a4bed26057fdafa9ac058c116fa,Should not be able to open the same draft multiple times,2,4619,7d0c7a2b0b8e0ddcbf013f645f60d600a13b85726be13a4b1256f4d89b2da0d6,stop,0.05460928360556627,0.9453907163944337,0.04865990111891752,0.9371993238535988,hybrid_rrf_pgvector
145,c55f661ede9428b6aaf28e214362c7f181576a4bed26057fdafa9ac058c116fa,Should not be able to open the same draft multiple times,3,850,8cc7882e69c59159053eb995ea506b2433ef37a0db01acf41de09138df4552b5,pausa,0.05460928360556627,0.9453907163944337,0.04788306451612903,0.9371993238535988,hybrid_rrf_pgvector
145,c55f661ede9428b6aaf28e214362c7f181576a4bed26057fdafa9ac058c116fa,Should not be able to open the same draft multiple times,4,3275,d69df1238652b2c84f23b037ce013da0de2a7448db2b9fe82555a68d392d6e43,play,0.10581663792638851,0.8941833620736115,0.047643442622950824,0.9283108663846532,hybrid_rrf_pgvector
145,c55f661ede9428b6aaf28e214362c7f181576a4bed26057fdafa9ac058c116fa,Should not be able to open the same draft multiple times,5,2261,31689dd7ecc0a1b011c1b054ae89ed93acbe9c66b594cc63900cffce096a1265,play,0.12042516034889084,0.8795748396511092,0.03076923076923077,0.9115110655987756,hybrid_rrf_pgvector
146,790d2fc54f352590b0233038db0cd18ed4376b415ee12e2d0e88be477abd4ce6,nsSVGElement::ParseAttribute doesn't return PR_TRUE for new style SVG strings,1,5508,2ae038fca41b9c2c860f6f4143714e7234ee8103040756dbe7a9e5719a9e705c,play,0.25420685525763187,0.7457931447423681,0.03278688524590164,0.7076621164537233,hybrid_rrf_pgvector
146,790d2fc54f352590b0233038db0cd18ed4376b415ee12e2d0e88be477abd4ce6,nsSVGElement::ParseAttribute doesn't return PR_TRUE for new style SVG strings,2,3563,5612e735fcd1fc3a95efcc1b1cc1508aa48a20a0cba54057c1f88fbc0f2bb95f,pausa,0.3498120383536022,0.6501879616463978,0.03225806451612903,0.6477161558933575,hybrid_rrf_pgvector
146,790d2fc54f352590b0233038db0cd18ed4376b415ee12e2d0e88be477abd4ce6,nsSVGElement::ParseAttribute doesn't return PR_TRUE for new style SVG strings,3,3985,4972af5862c8c66cbc5502146818715753b0881ef36b8519eead23098502301d,pausa,0.37906694348795944,0.6209330565120406,0.031746031746031744,0.6140730149888467,hybrid_rrf_pgvector
146,790d2fc54f352590b0233038db0cd18ed4376b415ee12e2d0e88be477abd4ce6,nsSVGElement::ParseAttribute doesn't return PR_TRUE for new style SVG strings,4,5338,8ce16f5c9f53ba41d1efc5f04d27e6cbe1bbef6f62efc040dac3251ba2207ce1,pausa,0.3891505064156514,0.6108494935843486,0.03055037313432836,0.602476917622001,hybrid_rrf_pgvector
146,790d2fc54f352590b0233038db0cd18ed4376b415ee12e2d0e88be477abd4ce6,nsSVGElement::ParseAttribute doesn't return PR_TRUE for new style SVG strings,5,2735,5c3f883c1fb6b702fd128d37c4e6b9096fa419c10dc04db3f59f2fb013061898,play,0.3891505064156514,0.6108494935843486,0.03055037313432836,0.5524769176220009,hybrid_rrf_pgvector
147,0d5d9daaaa2c9e6fe697fef7990fac2bd22c073f2df820b348380589550df033,web-based protocol handler defaulting in mimeTypes.rdf,1,3919,ded805ac1fb0e3402b27c33d9a7941349112d6dab37892b2e4adf8abadff98ea,pausa,0.038145574174661356,0.9618544258253386,0.04865990111891752,1.0061325896991393,hybrid_rrf_pgvector
147,0d5d9daaaa2c9e6fe697fef7990fac2bd22c073f2df820b348380589550df033,web-based protocol handler defaulting in mimeTypes.rdf,2,4861,4f35fba0953af158306c34dcc7b7a6823a0bf7b653bc50056b075aa7d03164f8,pausa,0.048434556205233514,0.9515654437947665,0.048131080389144903,0.9943002603639814,hybrid_rrf_pgvector
147,0d5d9daaaa2c9e6fe697fef7990fac2bd22c073f2df820b348380589550df033,web-based protocol handler defaulting in mimeTypes.rdf,3,2617,298ddc164b418b60c7919769fa04097f8955fcd6f1d9b8eeaf1cf94cb0bb542e,pausa,0.048434556205233514,0.9515654437947665,0.046634615384615385,0.9943002603639814,hybrid_rrf_pgvector
147,0d5d9daaaa2c9e6fe697fef7990fac2bd22c073f2df820b348380589550df033,web-based protocol handler defaulting in mimeTypes.rdf,4,3003,eb232c5cf9917e7ac52f93318f2a096e430e27c689784154f1120e2e759091a1,pausa,0.048434556205233514,0.9515654437947665,0.04639423076923077,0.9943002603639814,hybrid_rrf_pgvector
147,0d5d9daaaa2c9e6fe697fef7990fac2bd22c073f2df820b348380589550df033,web-based protocol handler defaulting in mimeTypes.rdf,5,5836,677756a435f6a828a52092a46cec118b64dcd8646bced0b031a35070c97c1430,play,0.048434556205233514,0.9515654437947665,0.04839549075403121,0.9443002603639814,hybrid_rrf_pgvector
148,3c4e8450147df5f1fddc0d5af0b04e38e041f0517f851e759da177f6d48276c3,Closing a hidden editor,1,1434,935c3c033fff4c8faf75e166c7a5978dbcce83ce30617872471fdce15d49c70b,play,0.005945515593436257,0.9940544844065637,0.04918032786885246,1.0431626570675483,hybrid_rrf_pgvector
148,3c4e8450147df5f1fddc0d5af0b04e38e041f0517f851e759da177f6d48276c3,Closing a hidden editor,2,1157,5a03ba72adf59e744e0203a127e7af3d651eb18fc4427aa825d74c446a4e9ab7,play,0.024956408902789273,0.9750435910972107,0.04838709677419355,1.0213001297617923,hybrid_rrf_pgvector
148,3c4e8450147df5f1fddc0d5af0b04e38e041f0517f851e759da177f6d48276c3,Closing a hidden editor,3,2440,5908c68136686caf732b141a282734e32951ecd930687eebf83b9d9e5978cba9,pausa,0.1273124097643179,0.8726875902356821,0.04569460390355913,0.8535907287710344,hybrid_rrf_pgvector
148,3c4e8450147df5f1fddc0d5af0b04e38e041f0517f851e759da177f6d48276c3,Closing a hidden editor,4,5882,e9184e835dbb77fd1e2a552e4f7ab3a28c2befdeeb5f26654aa396c7efaad843,pausa,0.1273124097643179,0.8726875902356821,0.04529532967032967,0.8535907287710344,hybrid_rrf_pgvector
148,3c4e8450147df5f1fddc0d5af0b04e38e041f0517f851e759da177f6d48276c3,Closing a hidden editor,5,5522,7ad0043139936eca05132b0aa204d29e7eeee586a61c57a37b2af914677ae19c,pausa,0.1273124097643179,0.8726875902356821,0.045008912655971484,0.8535907287710344,hybrid_rrf_pgvector
149,c75e4e29b1ac053fce58bb8d8c06a0ec422b4387901cae92f6abf642792ae228,IndexedDB: Don't put windows with active transactions into the bfcache,1,5850,b0f880a6769990e02bc039fc80e382b0ec8b998f0fbfafba753fb595d57c03c8,pausa,0.17731926478914117,0.8226807352108588,0.048915917503966164,0.8460828454924877,hybrid_rrf_pgvector
149,c75e4e29b1ac053fce58bb8d8c06a0ec422b4387901cae92f6abf642792ae228,IndexedDB: Don't put windows with active transactions into the bfcache,2,4087,6865fbedda87102f16f3f72eae15ab35951cee80b594a7f3f2918a52c98f84de,pausa,0.17731926478914117,0.8226807352108588,0.047891458495966696,0.8460828454924877,hybrid_rrf_pgvector
149,c75e4e29b1ac053fce58bb8d8c06a0ec422b4387901cae92f6abf642792ae228,IndexedDB: Don't put windows with active transactions into the bfcache,3,4424,5868ced002e40e2eca3b5530db885a442601f1153ea74c85f090e42ca287b901,pausa,0.17731926478914117,0.8226807352108588,0.04718343765045739,0.8460828454924877,hybrid_rrf_pgvector
149,c75e4e29b1ac053fce58bb8d8c06a0ec422b4387901cae92f6abf642792ae228,IndexedDB: Don't put windows with active transactions into the bfcache,4,3496,a618c5abf6a11a0ed2d42c4b670a1183635662cb9ed4ca812d02634bfbdf60b1,pausa,0.17731926478914117,0.8226807352108588,0.046649531024531024,0.8460828454924877,hybrid_rrf_pgvector
149,c75e4e29b1ac053fce58bb8d8c06a0ec422b4387901cae92f6abf642792ae228,IndexedDB: Don't put windows with active transactions into the bfcache,5,1377,45a0dd906a05cde0e0c918fe3487b4ea26258e67f67116393387419ce76259d2,stop,0.17731926478914117,0.8226807352108588,0.04592074592074592,0.7960828454924876,hybrid_rrf_pgvector
150,bf23019e3f0f0389498472c1b560d71c732de4bd034b54affa61745490c59540,"Bookmark and History sidebar ""titles"" have too much padding and is not aligned with ""Search:"" below each",1,4410,d5b65fe6f7c8ead72be7a549e7ca0cb89859732c4744339ffba928f8943e4ade,pausa,0.029324618299373606,0.9706753817006264,0.048915917503966164,1.0162766889557204,hybrid_rrf_pgvector
150,bf23019e3f0f0389498472c1b560d71c732de4bd034b54affa61745490c59540,"Bookmark and History sidebar ""titles"" have too much padding and is not aligned with ""Search:"" below each",2,801,00495570060d5bd78cb7a5d2e1c505ca3191d58f1c28e952fa4e6e6cd66ed9e9,pausa,0.029324618299373606,0.9706753817006264,0.04713064713064713,1.0162766889557204,hybrid_rrf_pgvector
150,bf23019e3f0f0389498472c1b560d71c732de4bd034b54affa61745490c59540,"Bookmark and History sidebar ""titles"" have too much padding and is not aligned with ""Search:"" below each",3,1055,cc4e5200bba17b8d5a95d60a1236214a831ebcfed24cc00812a92a7fd28de5a8,stop,0.029324618299373606,0.9706753817006264,0.04740957966764418,0.9662766889557204,hybrid_rrf_pgvector
150,bf23019e3f0f0389498472c1b560d71c732de4bd034b54affa61745490c59540,"Bookmark and History sidebar ""titles"" have too much padding and is not aligned with ""Search:"" below each",4,5870,16835b3ff282a53fe8ee4fcdb92d292820f7be54593df9cc6361b46d28f8931a,play,0.13782727818177598,0.862172721818224,0.03125,0.8414986300909576,hybrid_rrf_pgvector
150,bf23019e3f0f0389498472c1b560d71c732de4bd034b54affa61745490c59540,"Bookmark and History sidebar ""titles"" have too much padding and is not aligned with ""Search:"" below each",5,2453,5e7b41f036754b53b43fcb597f8545235759b720968b1fcda0b13c348bcd74f5,play,0.14846223718600282,0.8515377628139972,0.04413702239789197,0.8292684272360967,hybrid_rrf_pgvector
151,20768a24094fea993dca6801e66f07294023eeb30a7a5829f69be5177c1c2930,"""No such debugger"" pop-up window appears when attempting to debug a C program",1,3430,2384241e6490dda84affd96f79d4929825e0a0be439b44e82d90aa93e3eb3acd,pausa,0.0929224852069106,0.9070775147930894,0.04738666351569577,0.9431391420120528,hybrid_rrf_pgvector
151,20768a24094fea993dca6801e66f07294023eeb30a7a5829f69be5177c1c2930,"""No such debugger"" pop-up window appears when attempting to debug a C program",2,1921,ac7f552277dc2b8ce115c2c1fd32b2183d8888a7deba839a570a50e57c77a327,pausa,0.0929224852069106,0.9070775147930894,0.04689826302729529,0.9431391420120528,hybrid_rrf_pgvector
151,20768a24094fea993dca6801e66f07294023eeb30a7a5829f69be5177c1c2930,"""No such debugger"" pop-up window appears when attempting to debug a C program",3,3117,b666d5763690c47d32413516c9918ce2ff88e499244af1e32ccc547a95384972,pausa,0.0929224852069106,0.9070775147930894,0.046724324975892,0.9431391420120528,hybrid_rrf_pgvector
151,20768a24094fea993dca6801e66f07294023eeb30a7a5829f69be5177c1c2930,"""No such debugger"" pop-up window appears when attempting to debug a C program",4,5710,9dff7cbaac389eafe57e73718b800ccb2eb8f84b7cee4ba9920454a1ba99e444,play,0.0929224852069106,0.9070775147930894,0.04767399003253049,0.8931391420120528,hybrid_rrf_pgvector
151,20768a24094fea993dca6801e66f07294023eeb30a7a5829f69be5177c1c2930,"""No such debugger"" pop-up window appears when attempting to debug a C program",5,3350,f1421fcce89fa3935577c646b9123ebcc6e12bd7f8909e1feb015fadc3038af4,play,0.0929224852069106,0.9070775147930894,0.04712301587301587,0.8931391420120528,hybrid_rrf_pgvector
152,43bc9e7111b85663bb7d0d52dfbff497b1d2cb67366e39974980406a8689fade,The textarea element is sometimes rendered improperly after page scroll,1,5007,bfabf5db4b0895e240c9ae1c57bde082b41d2a35d5fb4771feec84e7f7d4da3b,play,0.08605423902382103,0.913945760976179,0.045504271360285405,0.9510376251226058,hybrid_rrf_pgvector
152,43bc9e7111b85663bb7d0d52dfbff497b1d2cb67366e39974980406a8689fade,The textarea element is sometimes rendered improperly after page scroll,2,2904,24d86cd6fe507138d222d66b2fbe49e1e38f92c901a74ceae11032657519b882,play,0.08605423902382103,0.913945760976179,0.04348435026184387,0.9510376251226058,hybrid_rrf_pgvector
152,43bc9e7111b85663bb7d0d52dfbff497b1d2cb67366e39974980406a8689fade,The textarea element is sometimes rendered improperly after page scroll,3,5241,4ebf2370c62889ac9a3bffe6af6c91350fbed926fb2ae7b343ea850ac5ccfd0d,play,0.08605423902382103,0.913945760976179,0.03200204813108039,0.9510376251226058,hybrid_rrf_pgvector
152,43bc9e7111b85663bb7d0d52dfbff497b1d2cb67366e39974980406a8689fade,The textarea element is sometimes rendered improperly after page scroll,4,5691,adf187154044ccca902b2aedbaaa682cc1cafcaaf56a33ce7a1946f60146711a,play,0.08605423902382103,0.913945760976179,0.030886196246139225,0.9510376251226058,hybrid_rrf_pgvector
152,43bc9e7111b85663bb7d0d52dfbff497b1d2cb67366e39974980406a8689fade,The textarea element is sometimes rendered improperly after page scroll,5,4665,a13ab194299f6712a375d9172a8fb90bee682e1ba3ea9acba6f7f1a7ed198bc5,pausa,0.08605423902382103,0.913945760976179,0.04595588235294118,0.9010376251226058,hybrid_rrf_pgvector
153,078a25e5184a253f3c12eb35f0bfd6686483cf48bc0d52bfa52cf76c0e8ebfa2,Replace deprecated bookmarks dialogs methods from the codebase,1,2973,1bf90788b83200197b52178733cdfbca3b2bbb01d151af93a7053102c32bb684,stop,0.0,1.0,0.048131080389144903,1.05,hybrid_rrf_pgvector
153,078a25e5184a253f3c12eb35f0bfd6686483cf48bc0d52bfa52cf76c0e8ebfa2,Replace deprecated bookmarks dialogs methods from the codebase,2,738,14c5ba3ca1901714e7dd673bc9d65c6578e0597f16a2dbf635eb9ef562bf2a12,stop,0.0,1.0,0.047891458495966696,1.05,hybrid_rrf_pgvector
153,078a25e5184a253f3c12eb35f0bfd6686483cf48bc0d52bfa52cf76c0e8ebfa2,Replace deprecated bookmarks dialogs methods from the codebase,3,595,394114d671d63ff852b694829de5b6d71c8649d1fa3ff775506edb40dd6544a6,stop,0.0,1.0,0.04712301587301587,1.05,hybrid_rrf_pgvector
153,078a25e5184a253f3c12eb35f0bfd6686483cf48bc0d52bfa52cf76c0e8ebfa2,Replace deprecated bookmarks dialogs methods from the codebase,4,5792,ab648de25d596efe51e02766a49a9290091ea929d468490477f19f94cc090ee2,play,0.0,1.0,0.048915917503966164,1.0,hybrid_rrf_pgvector
153,078a25e5184a253f3c12eb35f0bfd6686483cf48bc0d52bfa52cf76c0e8ebfa2,Replace deprecated bookmarks dialogs methods from the codebase,5,5864,ad8a1d174fd91817c6097841a2e023e08f7c786c43ee78d414f0f56e26a68ddd,play,0.0368185632627136,0.9631814367372864,0.04547511312217195,0.9576586522478794,hybrid_rrf_pgvector
154,a8864f87f512dc4256f20efd6ce9f91dbf083ec3032c8a5f0e5da33b60b7dd81,"[Change Sets] Enablement of the ""Add to > No Set"" action",1,2928,f8fb54dd2a6798d32a74033725edc5265a95b9b3260a4c9e3e14a2f14cd67652,play,0.03541345054540401,0.964586549454596,0.04918032786885246,0.9592745318727853,hybrid_rrf_pgvector
154,a8864f87f512dc4256f20efd6ce9f91dbf083ec3032c8a5f0e5da33b60b7dd81,"[Change Sets] Enablement of the ""Add to > No Set"" action",2,5109,5557540e8a4f05ed588a0fd39271980be94407b7fd7ca3bb1fe99884ce579fa3,pausa,0.29969776773938084,0.7003022322606192,0.03225806451612903,0.705347567099712,hybrid_rrf_pgvector
154,a8864f87f512dc4256f20efd6ce9f91dbf083ec3032c8a5f0e5da33b60b7dd81,"[Change Sets] Enablement of the ""Add to > No Set"" action",3,1815,d5994c22979e1c9120282c445ca93bc11fd343ff88ef717284d66d41a36057ab,pausa,0.300463646328626,0.699536353671374,0.030536130536130537,0.7044668067220802,hybrid_rrf_pgvector
154,a8864f87f512dc4256f20efd6ce9f91dbf083ec3032c8a5f0e5da33b60b7dd81,"[Change Sets] Enablement of the ""Add to > No Set"" action",4,1842,03c90e2b54313f9152722ff398a60f2cc272865771059886d1fd5afc3e5156f9,pausa,0.300463646328626,0.699536353671374,0.02967032967032967,0.7044668067220802,hybrid_rrf_pgvector
154,a8864f87f512dc4256f20efd6ce9f91dbf083ec3032c8a5f0e5da33b60b7dd81,"[Change Sets] Enablement of the ""Add to > No Set"" action",5,3396,acccd89347ee36707a36411a9c2bfbfbe533046c97a07cc4210e1aaf3e7b48c3,play,0.33744575335841853,0.6625542466415815,0.016129032258064516,0.6119373836378187,hybrid_rrf_pgvector
155,df91360fe4199fab490893652b27d79889b1059840985512014877f0047cad60,DMD: cache calls to NS_DescribeCodeAddress,1,4706,1f96e5d2dbec9ae7d398906c643396c98359fa0c5ced8b53bfcde437f4980244,pausa,0.09783308516727973,0.9021669148327203,0.04865990111891752,0.9374919520576284,hybrid_rrf_pgvector
155,df91360fe4199fab490893652b27d79889b1059840985512014877f0047cad60,DMD: cache calls to NS_DescribeCodeAddress,2,4923,b1c730e1b9bf99b447bf68536730e236270c595f3e9922b445aa92cd083ba480,pausa,0.11027785250369004,0.88972214749631,0.04788306451612903,0.9231804696207565,hybrid_rrf_pgvector
155,df91360fe4199fab490893652b27d79889b1059840985512014877f0047cad60,DMD: cache calls to NS_DescribeCodeAddress,3,5113,04b4b487fd77a4e445636da80a476715bd1de5aab717cc1475435b96e66446eb,pausa,0.1385365819693002,0.8614634180306998,0.04813947436898257,0.8906829307353048,hybrid_rrf_pgvector
155,df91360fe4199fab490893652b27d79889b1059840985512014877f0047cad60,DMD: cache calls to NS_DescribeCodeAddress,4,3003,eb232c5cf9917e7ac52f93318f2a096e430e27c689784154f1120e2e759091a1,pausa,0.15278213376711547,0.8472178662328845,0.030776515151515152,0.8743005461678173,hybrid_rrf_pgvector
155,df91360fe4199fab490893652b27d79889b1059840985512014877f0047cad60,DMD: cache calls to NS_DescribeCodeAddress,5,4861,4f35fba0953af158306c34dcc7b7a6823a0bf7b653bc50056b075aa7d03164f8,pausa,0.15278213376711547,0.8472178662328845,0.03076923076923077,0.8743005461678173,hybrid_rrf_pgvector
156,a1ba00ed858e4d9f8e8ba2bee484bd065794c38a694ff99e9e5ac42ba1bb89ba,"with -moz-resize:horizontal (or vertical), no resize grip is visible",1,4070,f306feb591aa841155405b1bab2e983c4b02435cf035425e6567223ce28c2c89,play,0.11878427178198026,0.8812157282180197,0.04918032786885246,0.9133980874507227,hybrid_rrf_pgvector
156,a1ba00ed858e4d9f8e8ba2bee484bd065794c38a694ff99e9e5ac42ba1bb89ba,"with -moz-resize:horizontal (or vertical), no resize grip is visible",2,3551,176cb9b78e348250f05db3e8b50feb3fbe8c3fea45be5e04d4b8a26fb9d0d2cc,play,0.12651219593068008,0.8734878040693199,0.04715356328259554,0.904510974679718,hybrid_rrf_pgvector
156,a1ba00ed858e4d9f8e8ba2bee484bd065794c38a694ff99e9e5ac42ba1bb89ba,"with -moz-resize:horizontal (or vertical), no resize grip is visible",3,5390,6c529b976632ca3453e36e233cc764a15d2a63fb4a007e7be83c3da9f5dac47e,play,0.14755503571210327,0.8524449642878967,0.030536130536130537,0.8803117089310812,hybrid_rrf_pgvector
156,a1ba00ed858e4d9f8e8ba2bee484bd065794c38a694ff99e9e5ac42ba1bb89ba,"with -moz-resize:horizontal (or vertical), no resize grip is visible",4,2946,9a27e888605da1273264eefbe2221fbfaa808a2588adcd30487d7365edaf3f27,pausa,0.12651219593068008,0.8734878040693199,0.04738666351569577,0.8545109746797179,hybrid_rrf_pgvector
156,a1ba00ed858e4d9f8e8ba2bee484bd065794c38a694ff99e9e5ac42ba1bb89ba,"with -moz-resize:horizontal (or vertical), no resize grip is visible",5,266,c8086aca1e710bc25c7a846bfe04286dbd5b3a4efbf6a81d7b2bec777fe0f2ab,stop,0.14208312628597797,0.857916873714022,0.045535714285714284,0.8366044047711253,hybrid_rrf_pgvector
157,bff1b2cb06bd9a5d2a2aaccb0a8d80f286ead842c0fc8a600d9a2c1fb4515509,[preferences] Add options for new FORMATTER_INSERT_NEW_LINE_AFTER_ANNOTATION_ON_* constants,1,4514,184459a32804105df61fc603f290e332c42540ac88e97faa414be4c5d269c978,pausa,0.06960335763760406,0.9303966423623959,0.04696394686907021,0.9699561387167553,hybrid_rrf_pgvector
157,bff1b2cb06bd9a5d2a2aaccb0a8d80f286ead842c0fc8a600d9a2c1fb4515509,[preferences] Add options for new FORMATTER_INSERT_NEW_LINE_AFTER_ANNOTATION_ON_* constants,2,2647,07632f879dd62865cf62045b4f89f72f21da4bc44820349f1c45c23d98b913b6,stop,0.05501932056971737,0.9449806794302826,0.04918032786885246,0.936727781344825,hybrid_rrf_pgvector
157,bff1b2cb06bd9a5d2a2aaccb0a8d80f286ead842c0fc8a600d9a2c1fb4515509,[preferences] Add options for new FORMATTER_INSERT_NEW_LINE_AFTER_ANNOTATION_ON_* constants,3,2953,1824ea126e804ca0aa0de80d448b23e090863d784bb3ac294c64809bd7789cee,pausa,0.15287978653887113,0.8471202134611289,0.04787506400409626,0.8741882454802983,hybrid_rrf_pgvector
157,bff1b2cb06bd9a5d2a2aaccb0a8d80f286ead842c0fc8a600d9a2c1fb4515509,[preferences] Add options for new FORMATTER_INSERT_NEW_LINE_AFTER_ANNOTATION_ON_* constants,4,2162,809d97409b5e3fe089e9e6402f78d65a00a7694daec72eb2eb5882b77e2483a6,pausa,0.16851467800925735,0.8314853219907427,0.03125,0.8562081202893541,hybrid_rrf_pgvector
157,bff1b2cb06bd9a5d2a2aaccb0a8d80f286ead842c0fc8a600d9a2c1fb4515509,[preferences] Add options for new FORMATTER_INSERT_NEW_LINE_AFTER_ANNOTATION_ON_* constants,5,2737,b125c421dd755a7f6fb14516799edd84548d8c1236d4d425bec28c7d6f9a1ed6,pausa,0.2480127575628498,0.7519872424371502,0.030536130536130537,0.7647853288027228,hybrid_rrf_pgvector
158,c7c6867d1bd1295fbec5aed1325ca155487dd865f9b9c109892be8d38d3e901a,Allow SessionStore to save/restore referrer field,1,833,f34068af60503aae75e48057bac7917e2a17e6698b69efe9aa1983bf6e726f86,play,0.11583416540873737,0.8841658345912626,0.04688263125763126,0.916790709779952,hybrid_rrf_pgvector
158,c7c6867d1bd1295fbec5aed1325ca155487dd865f9b9c109892be8d38d3e901a,Allow SessionStore to save/restore referrer field,2,1400,cb641df7dd5f49bc5cf5cdb4e6f9ce04f551accd28958204c3fb02071db082c9,play,0.11583416540873737,0.8841658345912626,0.04670793048402157,0.916790709779952,hybrid_rrf_pgvector
158,c7c6867d1bd1295fbec5aed1325ca155487dd865f9b9c109892be8d38d3e901a,Allow SessionStore to save/restore referrer field,3,5316,96ae06f812684feec6d633d0c0705ba906f2a45644c4513951a68961fd77b9b2,play,0.1431153449320144,0.8568846550679856,0.04664224664224664,0.8854173533281835,hybrid_rrf_pgvector
158,c7c6867d1bd1295fbec5aed1325ca155487dd865f9b9c109892be8d38d3e901a,Allow SessionStore to save/restore referrer field,4,3688,f02218944748ac8fa5469d273ed2f96f4e83009c7369124065cc303c4f548c07,pausa,0.11583416540873737,0.8841658345912626,0.04841188524590165,0.866790709779952,hybrid_rrf_pgvector
158,c7c6867d1bd1295fbec5aed1325ca155487dd865f9b9c109892be8d38d3e901a,Allow SessionStore to save/restore referrer field,5,2323,b7dfe24963f68eddb7ca35d04fa4ebf9cac9b32cb61b9bc6ef1fed6308c46dda,pausa,0.11583416540873737,0.8841658345912626,0.04690554740957967,0.866790709779952,hybrid_rrf_pgvector
159,2fa31ca7fb4abb0c94a521eace7a87775d46c4d008ea453b1ae2a3cad6facef6,"JM: ""Assertion failure: -int32(uint8(-distance)) == distance,""",1,847,5acdb0f40d758253596208d048e23ebd2d58d36589b2abc6084d7e68654fb050,stop,0.0061718971610476014,0.9938281028389524,0.01639344262295082,1.0429023182647952,hybrid_rrf_pgvector
159,2fa31ca7fb4abb0c94a521eace7a87775d46c4d008ea453b1ae2a3cad6facef6,"JM: ""Assertion failure: -int32(uint8(-distance)) == distance,""",2,27,3fd474b5ee4e734c37eb1c3bd5938d91b47cef97e17262215d58e4ea5ab76504,stop,0.0061718971610476014,0.9938281028389524,0.01639344262295082,1.0429023182647952,hybrid_rrf_pgvector
159,2fa31ca7fb4abb0c94a521eace7a87775d46c4d008ea453b1ae2a3cad6facef6,"JM: ""Assertion failure: -int32(uint8(-distance)) == distance,""",3,2486,be93239cc3b3500e62fb782608de49518d7290e48dde93c4633eb1d938060e3a,stop,0.0061718971610476014,0.9938281028389524,0.01639344262295082,1.0429023182647952,hybrid_rrf_pgvector
159,2fa31ca7fb4abb0c94a521eace7a87775d46c4d008ea453b1ae2a3cad6facef6,"JM: ""Assertion failure: -int32(uint8(-distance)) == distance,""",4,787,bd69d599ea26489177659ac73ca4e28babda342232722db4a6acb27478176d27,stop,0.0061718971610476014,0.9938281028389524,0.016129032258064516,1.0429023182647952,hybrid_rrf_pgvector
159,2fa31ca7fb4abb0c94a521eace7a87775d46c4d008ea453b1ae2a3cad6facef6,"JM: ""Assertion failure: -int32(uint8(-distance)) == distance,""",5,5213,ee2bf9e85af8ed6b494d6845f85d4e20032234384d6ed16b744f832a51b0b57f,stop,0.0061718971610476014,0.9938281028389524,0.016129032258064516,1.0429023182647952,hybrid_rrf_pgvector
160,8964f187b2713616966c1f37532dadf07389ab5e07de6e1567afa554b5e96cec,conflicting dependencies between jdt.ui and eclipse.platform,1,4248,6dee989160c969273e641170e456d2dbba1e045b2f9f595974e1c98913f3652f,pausa,0.02608051568745806,0.9739194843125419,0.04918032786885246,1.0200074069594232,hybrid_rrf_pgvector
160,8964f187b2713616966c1f37532dadf07389ab5e07de6e1567afa554b5e96cec,conflicting dependencies between jdt.ui and eclipse.platform,2,5803,3abf8bf34c51591bc6825100855b779ffca47fcab42090b4ecfba394fee8bdf9,pausa,0.035239008577333975,0.964760991422666,0.04762704813108039,1.009475140136066,hybrid_rrf_pgvector
160,8964f187b2713616966c1f37532dadf07389ab5e07de6e1567afa554b5e96cec,conflicting dependencies between jdt.ui and eclipse.platform,3,1037,6caebe3ceed21af2036f9baab1b4fafb67e9853b86faa9910327969d03ea787a,pausa,0.035239008577333975,0.964760991422666,0.044583251360744966,1.009475140136066,hybrid_rrf_pgvector
160,8964f187b2713616966c1f37532dadf07389ab5e07de6e1567afa554b5e96cec,conflicting dependencies between jdt.ui and eclipse.platform,4,3622,32a95d4be8c8bb4bdbe3e3cf658f2682559d48be64461ea7aeac8e759136dcdf,stop,0.035239008577333975,0.964760991422666,0.04643206256109482,0.9594751401360659,hybrid_rrf_pgvector
160,8964f187b2713616966c1f37532dadf07389ab5e07de6e1567afa554b5e96cec,conflicting dependencies between jdt.ui and eclipse.platform,5,5360,51794c742917fe2c52aee0b0006a5ef987661b2579d62e8aa81d62b4e1834c22,play,0.035239008577333975,0.964760991422666,0.045504271360285405,0.9594751401360659,hybrid_rrf_pgvector
161,af5351f6169d7313470537750bb49c9a571dfaf8d92f59dab5d02057bca389d6,Leading spaces are not preserved when pasting comments,1,2960,c24fc14f4a420c7c1107f8665393b507e3de71dfd6a4d42b7390cf3a352c810d,pausa,0.0,1.0,0.04838709677419355,1.05,hybrid_rrf_pgvector
161,af5351f6169d7313470537750bb49c9a571dfaf8d92f59dab5d02057bca389d6,Leading spaces are not preserved when pasting comments,2,2710,9b120bda5068875740e0c8bbb3ac01c9b0e87684452823690f0a74bb953b9b4b,pausa,0.0,1.0,0.047619047619047616,1.05,hybrid_rrf_pgvector
161,af5351f6169d7313470537750bb49c9a571dfaf8d92f59dab5d02057bca389d6,Leading spaces are not preserved when pasting comments,3,5562,41248a9f80d7f9bff250a966366407856dc4921b5d8c4e7ed3cd47c8ce5c2a16,play,0.0,1.0,0.04841188524590165,1.0,hybrid_rrf_pgvector
161,af5351f6169d7313470537750bb49c9a571dfaf8d92f59dab5d02057bca389d6,Leading spaces are not preserved when pasting comments,4,1116,30d4811dbd6aaf4ecb686ea3db875e11c984b7446e49cc1db710c5c83a6b9937,play,0.0,1.0,0.047643442622950824,1.0,hybrid_rrf_pgvector
161,af5351f6169d7313470537750bb49c9a571dfaf8d92f59dab5d02057bca389d6,Leading spaces are not preserved when pasting comments,5,5549,e47abcb1128e2eb1a15b72ce1f11c39fd0ee0cb3cfa75114c396143bf962dd52,stop,0.15545173658829847,0.8445482634117015,0.043064182194616975,0.8212305029234568,hybrid_rrf_pgvector
162,8e2aac88c2bf2c9268af13319e6532998c9610b08cc5d2b911d1a34c10d73ad6,libfishsound should check return values of vorbis header decode functions,1,3829,0b865d91cde4d6c0e6b4525c4ecea85a83ea93d5c270aaf5451c96dc2ce76ba4,pausa,0.0603431519213643,0.9396568480786357,0.048915917503966164,0.9806053752904311,hybrid_rrf_pgvector
162,8e2aac88c2bf2c9268af13319e6532998c9610b08cc5d2b911d1a34c10d73ad6,libfishsound should check return values of vorbis header decode functions,2,123,54716363ca8da4b86027620496bce05ac07dd0b14df07057640fb19070770fa6,pausa,0.0603431519213643,0.9396568480786357,0.0471386476426799,0.9806053752904311,hybrid_rrf_pgvector
162,8e2aac88c2bf2c9268af13319e6532998c9610b08cc5d2b911d1a34c10d73ad6,libfishsound should check return values of vorbis header decode functions,3,3051,ff9f73a8ae8b06be4b57e86b295942054e3780dbd91bb855bf9406ba4b9cea06,play,0.0603431519213643,0.9396568480786357,0.04762704813108039,0.9306053752904311,hybrid_rrf_pgvector
162,8e2aac88c2bf2c9268af13319e6532998c9610b08cc5d2b911d1a34c10d73ad6,libfishsound should check return values of vorbis header decode functions,4,926,f5bf258b2477c6378b09887e73d468451e7fea3187c948c5ec984f3308b395f7,play,0.0603431519213643,0.9396568480786357,0.047371031746031744,0.9306053752904311,hybrid_rrf_pgvector
162,8e2aac88c2bf2c9268af13319e6532998c9610b08cc5d2b911d1a34c10d73ad6,libfishsound should check return values of vorbis header decode functions,5,4575,d535cf1cc64934faa6677a432d635eb8cf9e94063729fdc7ca7c25c5ea62d9eb,play,0.06623702651110341,0.9337629734888966,0.045235361653272105,0.9238274195122311,hybrid_rrf_pgvector
163,5c7f8840cd640516902647cd74d35380e2d139f6447c5ca84c2d331f4d74c0b2,"""ASSERTION: NS_BLOCK_FRAME_HAS_OUTSIDE_BULLET flag set and no mBullet"" leaving page with list item split across columns",1,2870,fbb419aa24260fbba135f830a5b7ffd5d0272f64ba7cf2e5baaee87551181454,pausa,0.1694721795766132,0.8305278204233868,0.04841188524590165,0.8051069934868949,hybrid_rrf_pgvector
163,5c7f8840cd640516902647cd74d35380e2d139f6447c5ca84c2d331f4d74c0b2,"""ASSERTION: NS_BLOCK_FRAME_HAS_OUTSIDE_BULLET flag set and no mBullet"" leaving page with list item split across columns",2,452,59badc4c5a2da732bbf996ef64ba7c8e2a12bcf39361f849db4d0f569ab16b47,play,0.26795806775987374,0.7320419322401263,0.047891458495966696,0.7418482220761452,hybrid_rrf_pgvector
163,5c7f8840cd640516902647cd74d35380e2d139f6447c5ca84c2d331f4d74c0b2,"""ASSERTION: NS_BLOCK_FRAME_HAS_OUTSIDE_BULLET flag set and no mBullet"" leaving page with list item split across columns",3,5289,16b20b2292a4b1b8744eafc7c468a5515e9d338451da08b0f083fbaefc64614c,play,0.27631393751124156,0.7236860624887584,0.043697478991596636,0.7322389718620722,hybrid_rrf_pgvector
163,5c7f8840cd640516902647cd74d35380e2d139f6447c5ca84c2d331f4d74c0b2,"""ASSERTION: NS_BLOCK_FRAME_HAS_OUTSIDE_BULLET flag set and no mBullet"" leaving page with list item split across columns",4,479,cd7b2b02e0a31f01743bc4aac00d2c5b0bbe4cdde2b187cc64b0e132c65105ca,pausa,0.26795806775987374,0.7320419322401263,0.04762704813108039,0.6918482220761452,hybrid_rrf_pgvector
163,5c7f8840cd640516902647cd74d35380e2d139f6447c5ca84c2d331f4d74c0b2,"""ASSERTION: NS_BLOCK_FRAME_HAS_OUTSIDE_BULLET flag set and no mBullet"" leaving page with list item split across columns",5,5448,09ab31e0fcc0de9425da72374a575af05ef4cc881a05a06d13494f987ae9d4e3,stop,0.27631393751124156,0.7236860624887584,0.045028884159318945,0.6822389718620722,hybrid_rrf_pgvector
164,f2db3eb5077966ab9c32185a3cfe901da90f3c93c668731033ad1d9cce5aaab7,Implement Security UI Telemetry,1,5238,2feff0b52aaf5fab424e5bfa813e25f4e6420d19e0264e43a3e2ed698ee04613,pausa,0.14398943403727593,0.8560105659627241,0.032018442622950824,0.8844121508571328,hybrid_rrf_pgvector
164,f2db3eb5077966ab9c32185a3cfe901da90f3c93c668731033ad1d9cce5aaab7,Implement Security UI Telemetry,2,3477,90c743a4d003a4ff80820dc0f123af9d22442b4b55354c4c569fe0d734d06f58,pausa,0.14398943403727593,0.8560105659627241,0.03125763125763126,0.8844121508571328,hybrid_rrf_pgvector
164,f2db3eb5077966ab9c32185a3cfe901da90f3c93c668731033ad1d9cce5aaab7,Implement Security UI Telemetry,3,855,d62b637bebbe1aa05716c02bdf839a6d24c6d9794b8031e100aeb2a3c46b5121,pausa,0.14398943403727593,0.8560105659627241,0.031099324975891997,0.8844121508571328,hybrid_rrf_pgvector
164,f2db3eb5077966ab9c32185a3cfe901da90f3c93c668731033ad1d9cce5aaab7,Implement Security UI Telemetry,4,401,0865cbf119577475b560938ef14f91c35a482c1638341fc63f02d7b7845bfa44,pausa,0.14398943403727593,0.8560105659627241,0.030621785881252923,0.8844121508571328,hybrid_rrf_pgvector
164,f2db3eb5077966ab9c32185a3cfe901da90f3c93c668731033ad1d9cce5aaab7,Implement Security UI Telemetry,5,3599,dd888a0cf1f3698bbc8d2b6b38b1b539263f467442e7e2d0f8ee8c99c7771373,pausa,0.14398943403727593,0.8560105659627241,0.0304147465437788,0.8844121508571328,hybrid_rrf_pgvector
165,eaac27faa5dc9a64612c86569ed7fa7bf1d9e9cba474fafe39cd88d93c36bbbc,ProjectionViewer.deleteTextRange (cut operation) replaces text range with null,1,2189,6276a5adbbd1e296402b7891feb6d95dba618faad1d38f6d2121531d28ae4315,play,0.2533116079068697,0.7466883920931303,0.045949904158859384,0.7586916509070999,hybrid_rrf_pgvector
165,eaac27faa5dc9a64612c86569ed7fa7bf1d9e9cba474fafe39cd88d93c36bbbc,ProjectionViewer.deleteTextRange (cut operation) replaces text range with null,2,4819,3dbcca7e7feeb7138bb39ddf4eace92eafaee56ca2635463bb4fbf76b88765ba,play,0.2533116079068697,0.7466883920931303,0.03149801587301587,0.7586916509070999,hybrid_rrf_pgvector
165,eaac27faa5dc9a64612c86569ed7fa7bf1d9e9cba474fafe39cd88d93c36bbbc,ProjectionViewer.deleteTextRange (cut operation) replaces text range with null,3,4749,e599488970a7cd035e0391d79afde86d120da574b1c5843548e1ada1455b8bc3,pausa,0.22378092672623662,0.7762190732737634,0.04918032786885246,0.7426519342648279,hybrid_rrf_pgvector
165,eaac27faa5dc9a64612c86569ed7fa7bf1d9e9cba474fafe39cd88d93c36bbbc,ProjectionViewer.deleteTextRange (cut operation) replaces text range with null,4,2458,efd00d0f98e465359288aaa55924709ac754f96b30bcb60efb0881c783e1cf3e,stop,0.2533116079068697,0.7466883920931303,0.04764267990074442,0.7086916509070998,hybrid_rrf_pgvector
165,eaac27faa5dc9a64612c86569ed7fa7bf1d9e9cba474fafe39cd88d93c36bbbc,ProjectionViewer.deleteTextRange (cut operation) replaces text range with null,5,1727,b7bb739c40faab1f858e02e3f0f0fe572597c04320797ae9093a8efc2bd872d9,pausa,0.2533116079068697,0.7466883920931303,0.04327731092436975,0.7086916509070998,hybrid_rrf_pgvector
166,2189040f771a50d85e4b8b8185ef5211a64d452db8ae66dab59f3cb42156c5c5,"Memory corruption with <tr style=""display: inherit"">",1,5624,b99094f2aff085bd2f063c573bee3d4000c92b367de3d60c0350f594d0528a83,play,0.0,1.0,0.04918032786885246,1.05,hybrid_rrf_pgvector
166,2189040f771a50d85e4b8b8185ef5211a64d452db8ae66dab59f3cb42156c5c5,"Memory corruption with <tr style=""display: inherit"">",2,4579,81b223dd71f7eb87944767c090e046f04bcfaf7813d2599d80b2edf8fac127e5,play,0.0,1.0,0.04623878536922015,1.05,hybrid_rrf_pgvector
166,2189040f771a50d85e4b8b8185ef5211a64d452db8ae66dab59f3cb42156c5c5,"Memory corruption with <tr style=""display: inherit"">",3,4634,de10460f2dbd702bdf7688f2b8f3022107f980479e0f7c7da237b15105254f86,pausa,0.0,1.0,0.0471386476426799,1.0,hybrid_rrf_pgvector
166,2189040f771a50d85e4b8b8185ef5211a64d452db8ae66dab59f3cb42156c5c5,"Memory corruption with <tr style=""display: inherit"">",4,4159,a135caf239179c1da281ad088655a20223471b113daf8c5649e2683099d17344,pausa,0.0,1.0,0.04690554740957967,1.0,hybrid_rrf_pgvector
166,2189040f771a50d85e4b8b8185ef5211a64d452db8ae66dab59f3cb42156c5c5,"Memory corruption with <tr style=""display: inherit"">",5,2841,d1bf5a6ef4f11c6b4dddb4c6db55ba7cb6ff66a18c395c02d4ed7c374ca07c9a,stop,0.0,1.0,0.04639423076923077,1.0,hybrid_rrf_pgvector
167,312bfbfe1acc6b2c3ff39cb55adc03a69090d76adf0e1599d7327f44df15588c,Support alternate source attachment layout for JRE detection,1,5594,5d6225b129b74d7983add57069b6c0630b11aea72f767274d609bec344ef985c,play,0.16474336943823464,0.8352566305617654,0.032018442622950824,0.8605451251460302,hybrid_rrf_pgvector
167,312bfbfe1acc6b2c3ff39cb55adc03a69090d76adf0e1599d7327f44df15588c,Support alternate source attachment layout for JRE detection,2,4587,250cb1fa537c3355f78d3433f2acc1984135f1bfa5df21faacaf0e0dcdf4ad94,play,0.16474336943823464,0.8352566305617654,0.03200204813108039,0.8605451251460302,hybrid_rrf_pgvector
167,312bfbfe1acc6b2c3ff39cb55adc03a69090d76adf0e1599d7327f44df15588c,Support alternate source attachment layout for JRE detection,3,4270,8f7eac44aeb14ac79b61e69d033fb095496460097d8a6fae50d7cb2aab91607a,play,0.1715466230114171,0.8284533769885829,0.04669647292598113,0.8527213835368703,hybrid_rrf_pgvector
167,312bfbfe1acc6b2c3ff39cb55adc03a69090d76adf0e1599d7327f44df15588c,Support alternate source attachment layout for JRE detection,4,2504,cafb1fd87961276634e0f3380e0777e902e1e092fe93ece227619b6c5c0fd9e8,stop,0.16474336943823464,0.8352566305617654,0.032266458495966696,0.8105451251460302,hybrid_rrf_pgvector
167,312bfbfe1acc6b2c3ff39cb55adc03a69090d76adf0e1599d7327f44df15588c,Support alternate source attachment layout for JRE detection,5,124,2feb4b057613950c78c069ddb02839a7fc4b4001dc307251c6775d667774dea4,pausa,0.16474336943823464,0.8352566305617654,0.031754032258064516,0.8105451251460302,hybrid_rrf_pgvector
168,f780bd02a2874ac5384ed1137dae5f528c6877fd5672e83c3340277d4fcd442b,Remove support for Irix,1,3342,53c1e33289e84aba383be19b2723567752d8537b5fb393bd09840ce85db04e11,play,0.0,1.0,0.04891591750396616,1.05,hybrid_rrf_pgvector
168,f780bd02a2874ac5384ed1137dae5f528c6877fd5672e83c3340277d4fcd442b,Remove support for Irix,2,2117,1486533c7fd3518dff172feae3d82b873b70f6a7dd682380aeda30a7488107f2,play,0.0,1.0,0.0471386476426799,1.05,hybrid_rrf_pgvector
168,f780bd02a2874ac5384ed1137dae5f528c6877fd5672e83c3340277d4fcd442b,Remove support for Irix,3,4275,ab16fa988a6f9885f1dc95ec09a12cbecc8404aedb0b418b25dcbede7b1dfcef,pausa,0.0,1.0,0.047891458495966696,1.0,hybrid_rrf_pgvector
168,f780bd02a2874ac5384ed1137dae5f528c6877fd5672e83c3340277d4fcd442b,Remove support for Irix,4,1802,d10f5156a6277b6e1309db8e2fbaacb1fe8c7c498df9bbf494441248916b8fcd,pausa,0.0,1.0,0.0471386476426799,1.0,hybrid_rrf_pgvector
168,f780bd02a2874ac5384ed1137dae5f528c6877fd5672e83c3340277d4fcd442b,Remove support for Irix,5,3089,55c6044e5c8a3dc839d1b34524eb108b446dfc5c7c6a034943a64dc3c332b372,pausa,0.0,1.0,0.04713064713064713,1.0,hybrid_rrf_pgvector
169,e98a772a1e0df357911c12d41b3d9e6f19e6369219ba67d44ad0e274ae082358,"New ATK: expose new action for images, to open long description in a new tab",1,4540,e30f6f8423a454e6edb792799533677fe8a9b18f77bd969ba3dcb296f9f7b41a,pausa,0.0578566176936518,0.9421433823063482,0.03278688524590164,0.9834648896523005,hybrid_rrf_pgvector
169,e98a772a1e0df357911c12d41b3d9e6f19e6369219ba67d44ad0e274ae082358,"New ATK: expose new action for images, to open long description in a new tab",2,5022,8d2983d39c9dd71fa7da4d609b26af867b3402830ef5c18c0f8d5f66fb06af36,pausa,0.08241006157522612,0.9175899384247739,0.048651507139079855,0.95522842918849,hybrid_rrf_pgvector
169,e98a772a1e0df357911c12d41b3d9e6f19e6369219ba67d44ad0e274ae082358,"New ATK: expose new action for images, to open long description in a new tab",3,4001,04b7c8057666ca32984b1cd89b27743e370b7bf5849f5afa4ae3574a02404a62,play,0.11874809256515895,0.881251907434841,0.04507165184914545,0.8634396935500672,hybrid_rrf_pgvector
169,e98a772a1e0df357911c12d41b3d9e6f19e6369219ba67d44ad0e274ae082358,"New ATK: expose new action for images, to open long description in a new tab",4,1224,b7a635043d495b333badb10986fc49f5a4d6e54a3153d8b9120330865229cbe6,play,0.11874809256515895,0.881251907434841,0.04369138959931799,0.8634396935500672,hybrid_rrf_pgvector
169,e98a772a1e0df357911c12d41b3d9e6f19e6369219ba67d44ad0e274ae082358,"New ATK: expose new action for images, to open long description in a new tab",5,2938,d8c6df33e8b91b28d4ca8125cf7aea56250377fc64e0a62f9c92b84f3f2b915d,play,0.11874809256515895,0.881251907434841,0.030798389007344232,0.8634396935500672,hybrid_rrf_pgvector
170,fb68b66c15d7eb6e34cd4a8175ca357dc738990ee62ac7f77c848d5ee8d07f1e,remove ellipses from reply and forward in message reader,1,5378,f5b1ebdc50ca3131b0741962fd6b446ee3fbb5d76424693e94f852666f971c7f,play,0.14932849226324052,0.8506715077367595,0.03278688524590164,0.8782722338972735,hybrid_rrf_pgvector
170,fb68b66c15d7eb6e34cd4a8175ca357dc738990ee62ac7f77c848d5ee8d07f1e,remove ellipses from reply and forward in message reader,2,986,84678ff8f553ff69809ba05b50f33c69506b4c635dffbeab538dd50e9f7ab199,play,0.15357510673478825,0.8464248932652118,0.03200204813108039,0.8733886272549936,hybrid_rrf_pgvector
170,fb68b66c15d7eb6e34cd4a8175ca357dc738990ee62ac7f77c848d5ee8d07f1e,remove ellipses from reply and forward in message reader,3,4263,99dcd17e069fcd902f590dcc2d40564d74b332b22b7aed63ea70db0c02313cf2,play,0.15357510673478825,0.8464248932652118,0.03200204813108039,0.8733886272549936,hybrid_rrf_pgvector
170,fb68b66c15d7eb6e34cd4a8175ca357dc738990ee62ac7f77c848d5ee8d07f1e,remove ellipses from reply and forward in message reader,4,4103,a7187191f3df6b9e3e83b9f5974dc6fef88a2133225f1af25d2a2e9703693971,play,0.15650245420081643,0.8434975457991836,0.03125,0.8700221776690611,hybrid_rrf_pgvector
170,fb68b66c15d7eb6e34cd4a8175ca357dc738990ee62ac7f77c848d5ee8d07f1e,remove ellipses from reply and forward in message reader,5,2959,d8ba00ca201301f9d153bf375952842ba18af12833c504aff1e5bceab596dd13,play,0.1599280186011185,0.8400719813988815,0.029857397504456328,0.8660827786087137,hybrid_rrf_pgvector
171,95100536e9cc3399a2f22fa1a1c5e18a69ba139f870fbe3de7ced1f01ec718fd,"moz-do-not-send=""true"" in HTML signature gets ignored when composing emails",1,5542,d7a449d555eebbe0988f706bf2c20ce3a3a806d081cf9071096b5e3a291440ac,pausa,0.028331191708429793,0.9716688082915702,0.048915917503966164,1.0174191295353057,hybrid_rrf_pgvector
171,95100536e9cc3399a2f22fa1a1c5e18a69ba139f870fbe3de7ced1f01ec718fd,"moz-do-not-send=""true"" in HTML signature gets ignored when composing emails",2,3395,aa35bb8889bb8325d853ffa9cffa950afe1ae1519365d2366ea532eaf150adcf,pausa,0.028331191708429793,0.9716688082915702,0.04740957966764418,1.0174191295353057,hybrid_rrf_pgvector
171,95100536e9cc3399a2f22fa1a1c5e18a69ba139f870fbe3de7ced1f01ec718fd,"moz-do-not-send=""true"" in HTML signature gets ignored when composing emails",3,4154,cc9b09ea0ae31fa797cb75a8d9f38d710bf2cf1ca847ece17c319fd276817c27,play,0.07691184559571751,0.9230881544042825,0.047619047619047616,0.9115513775649249,hybrid_rrf_pgvector
171,95100536e9cc3399a2f22fa1a1c5e18a69ba139f870fbe3de7ced1f01ec718fd,"moz-do-not-send=""true"" in HTML signature gets ignored when composing emails",4,2284,91c245e24859e9e2fded7096137755e5b79ca95c23d0e50ab1f49a9602dfe378,play,0.07691184559571751,0.9230881544042825,0.046634615384615385,0.9115513775649249,hybrid_rrf_pgvector
171,95100536e9cc3399a2f22fa1a1c5e18a69ba139f870fbe3de7ced1f01ec718fd,"moz-do-not-send=""true"" in HTML signature gets ignored when composing emails",5,4610,71e83494c2214be3f280bfb41945a46d770b3ff8e4d1ddb7e9ec217deb6dc45b,play,0.07987941900991191,0.9201205809900881,0.04639423076923077,0.9081386681386013,hybrid_rrf_pgvector
172,11ef8f3300ff8768163a9d38f8f02d9317296c0e79564da834a6a55926d9a857,egg-info directories checked in the source tree,1,3610,98ca8bc37db41f976dc97eff723266c370c82c9d06af9ebd7f9f865fbc844c02,pausa,1.1102230246251565e-16,0.9999999999999999,0.04918032786885246,1.0499999999999998,hybrid_rrf_pgvector
172,11ef8f3300ff8768163a9d38f8f02d9317296c0e79564da834a6a55926d9a857,egg-info directories checked in the source tree,2,4921,7108d8b9cfb9a9ea074f0d849c65992b4f2929168b9ee331fbb3b8cfe15b6b15,pausa,0.09540624704430578,0.9045937529556942,0.04787506400409626,0.9402828158990484,hybrid_rrf_pgvector
172,11ef8f3300ff8768163a9d38f8f02d9317296c0e79564da834a6a55926d9a857,egg-info directories checked in the source tree,3,124,2feb4b057613950c78c069ddb02839a7fc4b4001dc307251c6775d667774dea4,pausa,0.1155139888468103,0.8844860111531897,0.04570188828584351,0.9171589128261682,hybrid_rrf_pgvector
172,11ef8f3300ff8768163a9d38f8f02d9317296c0e79564da834a6a55926d9a857,egg-info directories checked in the source tree,4,4587,250cb1fa537c3355f78d3433f2acc1984135f1bfa5df21faacaf0e0dcdf4ad94,play,0.1155139888468103,0.8844860111531897,0.04664224664224664,0.8671589128261682,hybrid_rrf_pgvector
172,11ef8f3300ff8768163a9d38f8f02d9317296c0e79564da834a6a55926d9a857,egg-info directories checked in the source tree,5,5594,5d6225b129b74d7983add57069b6c0630b11aea72f767274d609bec344ef985c,play,0.1155139888468103,0.8844860111531897,0.04640151515151515,0.8671589128261682,hybrid_rrf_pgvector
173,6f077b5176e8dabc622a4c6a7d24588b8f89556d70b4a046c95f65052dd20815,Linkify the tag name in the confirmation message when tagging bugs,1,2341,24d51fe343ccfa8212ed83da4cfdf6abde056522727f25aa99a404047596187d,play,0.031050866591994186,0.9689491334080058,0.04722835723395651,1.0142915034192066,hybrid_rrf_pgvector
173,6f077b5176e8dabc622a4c6a7d24588b8f89556d70b4a046c95f65052dd20815,Linkify the tag name in the confirmation message when tagging bugs,2,2096,2e774f610cbd81bc46aa442499319388a182961142093d5f25354ea4cf08d12e,play,0.031050866591994186,0.9689491334080058,0.046897546897546896,1.0142915034192066,hybrid_rrf_pgvector
173,6f077b5176e8dabc622a4c6a7d24588b8f89556d70b4a046c95f65052dd20815,Linkify the tag name in the confirmation message when tagging bugs,3,5175,63cec41d224da71e8b6e429d3e39bdda42394345bc4e4da263efcd6657861f4d,play,0.05541590140492725,0.9445840985950728,0.0471386476426799,0.9862717133843337,hybrid_rrf_pgvector
173,6f077b5176e8dabc622a4c6a7d24588b8f89556d70b4a046c95f65052dd20815,Linkify the tag name in the confirmation message when tagging bugs,4,5804,d83e34a27d9c3e0764e210ab65536d4641c98b188469e8a9696f11a9a06168db,play,0.05541590140492725,0.9445840985950728,0.046511196246139225,0.9862717133843337,hybrid_rrf_pgvector
173,6f077b5176e8dabc622a4c6a7d24588b8f89556d70b4a046c95f65052dd20815,Linkify the tag name in the confirmation message when tagging bugs,5,2346,45801ea891eab791a56bc064fb125504abc442a9b76888375fb31358b2a7c264,stop,0.031050866591994186,0.9689491334080058,0.0474478480153437,0.9642915034192067,hybrid_rrf_pgvector
174,0882e3d4dc3a214640501eec7159a8cc5b55c48aac4f11d80aa0900707daacd8,[TSF] nsTextFrame has to draw composition string by TIP specified style,1,5624,b99094f2aff085bd2f063c573bee3d4000c92b367de3d60c0350f594d0528a83,play,0.11419860012876937,0.8858013998712306,0.0479384003974168,0.9186716098519153,hybrid_rrf_pgvector
174,0882e3d4dc3a214640501eec7159a8cc5b55c48aac4f11d80aa0900707daacd8,[TSF] nsTextFrame has to draw composition string by TIP specified style,2,4579,81b223dd71f7eb87944767c090e046f04bcfaf7813d2599d80b2edf8fac127e5,play,0.11419860012876937,0.8858013998712306,0.04712301587301587,0.9186716098519153,hybrid_rrf_pgvector
174,0882e3d4dc3a214640501eec7159a8cc5b55c48aac4f11d80aa0900707daacd8,[TSF] nsTextFrame has to draw composition string by TIP specified style,3,4159,a135caf239179c1da281ad088655a20223471b113daf8c5649e2683099d17344,pausa,0.11419860012876937,0.8858013998712306,0.04814747488101534,0.8686716098519153,hybrid_rrf_pgvector
174,0882e3d4dc3a214640501eec7159a8cc5b55c48aac4f11d80aa0900707daacd8,[TSF] nsTextFrame has to draw composition string by TIP specified style,4,4634,de10460f2dbd702bdf7688f2b8f3022107f980479e0f7c7da237b15105254f86,pausa,0.11419860012876937,0.8858013998712306,0.04738666351569577,0.8686716098519153,hybrid_rrf_pgvector
174,0882e3d4dc3a214640501eec7159a8cc5b55c48aac4f11d80aa0900707daacd8,[TSF] nsTextFrame has to draw composition string by TIP specified style,5,2841,d1bf5a6ef4f11c6b4dddb4c6db55ba7cb6ff66a18c395c02d4ed7c374ca07c9a,stop,0.11419860012876937,0.8858013998712306,0.04664224664224664,0.8686716098519153,hybrid_rrf_pgvector
175,1af8cedd0b4c7e282755e2bda9702387c802c40a9e709361817bcbed1fb88e30,Mac scrollbar rendering extremely broken under complex transformations,1,565,00a475644f444bc63355a067b51e5b4599d6aae144cc12cb7046dceefca78297,pausa,0.034490665358710926,0.9655093346412891,0.04838709677419355,1.0103357348374824,hybrid_rrf_pgvector
175,1af8cedd0b4c7e282755e2bda9702387c802c40a9e709361817bcbed1fb88e30,Mac scrollbar rendering extremely broken under complex transformations,2,4892,4f3deb4f15798f985223f83e022fc28fc222b86f653b033a1c746e2d81d0ec24,stop,-6.661338147750939e-16,1.0000000000000007,0.04918032786885246,1.0000000000000007,hybrid_rrf_pgvector
175,1af8cedd0b4c7e282755e2bda9702387c802c40a9e709361817bcbed1fb88e30,Mac scrollbar rendering extremely broken under complex transformations,3,1749,9b20aad268f07007a7c1c47f36b742dedfcccbc0d309f2cf732fe91d82a18b13,pausa,0.1405885811020703,0.8594114188979297,0.031746031746031744,0.8883231317326192,hybrid_rrf_pgvector
175,1af8cedd0b4c7e282755e2bda9702387c802c40a9e709361817bcbed1fb88e30,Mac scrollbar rendering extremely broken under complex transformations,4,1685,1f3e6e060c3e7687f7e4795aa5343578761ef28325495f270005344cc3ed1bb5,pausa,0.15547851912876598,0.844521480871234,0.029877369007803793,0.8711997030019192,hybrid_rrf_pgvector
175,1af8cedd0b4c7e282755e2bda9702387c802c40a9e709361817bcbed1fb88e30,Mac scrollbar rendering extremely broken under complex transformations,5,1181,6060bf8c1931f9dab8a468f5c818ad842cc511129f00a6bc755e93f234bb22c7,play,0.148487897868254,0.851512102131746,0.03125,0.8292389174515079,hybrid_rrf_pgvector
176,ab1d026695d075009da5d80f893df53ed1350b3357157da5bbd9767a5d9c1f70,Exception in Combo.dragDetect(),1,3143,9b51fabc26649ba7e81902f91b50e1712e430e571c2d40b24a4fa37722836523,pausa,0.04325534923087471,0.9567446507691253,0.04814747488101534,1.0002563483844942,hybrid_rrf_pgvector
176,ab1d026695d075009da5d80f893df53ed1350b3357157da5bbd9767a5d9c1f70,Exception in Combo.dragDetect(),2,3363,7426c8075ba4fd0eee57c91d289d2d61b404b5e343e9bd1e6cc7936730e2870c,pausa,0.04325534923087471,0.9567446507691253,0.04787506400409626,1.0002563483844942,hybrid_rrf_pgvector
176,ab1d026695d075009da5d80f893df53ed1350b3357157da5bbd9767a5d9c1f70,Exception in Combo.dragDetect(),3,2957,8c4c65317b80235cc249cfb7f3ff043cbc3d6d2810f12dcd0a2be5adb1714e2a,pausa,0.04325534923087471,0.9567446507691253,0.04689826302729529,1.0002563483844942,hybrid_rrf_pgvector
176,ab1d026695d075009da5d80f893df53ed1350b3357157da5bbd9767a5d9c1f70,Exception in Combo.dragDetect(),4,3848,c4989c02fa5d34821c7e6046c0b53c51d99b4ac15d3f6421724c6e1e73503bb0,stop,0.04325534923087471,0.9567446507691253,0.04817150063051703,0.9502563483844941,hybrid_rrf_pgvector
176,ab1d026695d075009da5d80f893df53ed1350b3357157da5bbd9767a5d9c1f70,Exception in Combo.dragDetect(),5,3178,30637327a1bf50ac5afd623c91e9db412f825b455c441e0e2122b94186172309,stop,0.04325534923087471,0.9567446507691253,0.04712301587301587,0.9502563483844941,hybrid_rrf_pgvector
177,24be95bbad0c65ef58a4fee89696cc629e0feb1302cda210938ed94ba1ea2c62,"Intermittent failure in test_tags.js | [Exception... ""Component returned failure code: 0x80004005 (NS_ERROR_FAILURE) [nsINavBookmarksService.insertBookmark]""",1,360,316a6cc68b422034e468d1f1c3f2147eb33bb3d824d7c4430684e4929a81c578,pausa,0.17596791239176102,0.824032087608239,0.04918032786885246,0.8476369007494748,hybrid_rrf_pgvector
177,24be95bbad0c65ef58a4fee89696cc629e0feb1302cda210938ed94ba1ea2c62,"Intermittent failure in test_tags.js | [Exception... ""Component returned failure code: 0x80004005 (NS_ERROR_FAILURE) [nsINavBookmarksService.insertBookmark]""",2,4183,4ae60da907b9be83f79829fc6373fb5b7721c4f663ccdcec2ca5a4c2a6baf132,pausa,0.20522885478688724,0.7947711452131128,0.04718343765045739,0.8139868169950797,hybrid_rrf_pgvector
177,24be95bbad0c65ef58a4fee89696cc629e0feb1302cda210938ed94ba1ea2c62,"Intermittent failure in test_tags.js | [Exception... ""Component returned failure code: 0x80004005 (NS_ERROR_FAILURE) [nsINavBookmarksService.insertBookmark]""",3,2515,c51bdb40508f646a9ad2d78d5e2bef14264a7e222b2c4f279c25ef6fb826b5e2,pausa,0.23909574557100632,0.7609042544289937,0.04458874458874459,0.7750398925933428,hybrid_rrf_pgvector
177,24be95bbad0c65ef58a4fee89696cc629e0feb1302cda210938ed94ba1ea2c62,"Intermittent failure in test_tags.js | [Exception... ""Component returned failure code: 0x80004005 (NS_ERROR_FAILURE) [nsINavBookmarksService.insertBookmark]""",4,2097,f4dbe975afedf7b9b90b0101ba80f6ae9f8671be7dc9ba9edc0b55d166fb3ece,play,0.20777511148140704,0.792224888518593,0.031746031746031744,0.761058621796382,hybrid_rrf_pgvector
177,24be95bbad0c65ef58a4fee89696cc629e0feb1302cda210938ed94ba1ea2c62,"Intermittent failure in test_tags.js | [Exception... ""Component returned failure code: 0x80004005 (NS_ERROR_FAILURE) [nsINavBookmarksService.insertBookmark]""",5,447,ea5e162a68435e3b6cc125442477cc1b71d274b0921d4369abbfa21a1bc47ea7,play,0.2526666265775739,0.7473333734224261,0.043478260869565216,0.70943337943579,hybrid_rrf_pgvector
178,79fe8fed852b1c27af8e0efc3e5f8938e81780684d07669a917193f252688733,address list won't resize smaller once made bigger,1,5390,6c529b976632ca3453e36e233cc764a15d2a63fb4a007e7be83c3da9f5dac47e,play,0.0315495935612119,0.9684504064387881,0.04817150063051703,1.0137179674046064,hybrid_rrf_pgvector
178,79fe8fed852b1c27af8e0efc3e5f8938e81780684d07669a917193f252688733,address list won't resize smaller once made bigger,2,2598,b44d23a2fe9cb03ff2336b485354b9cc53f91be703d569e3d68070c587996621,play,0.0315495935612119,0.9684504064387881,0.047371031746031744,1.0137179674046064,hybrid_rrf_pgvector
178,79fe8fed852b1c27af8e0efc3e5f8938e81780684d07669a917193f252688733,address list won't resize smaller once made bigger,3,2964,f88d3de78c054a84b5fac457b8dc32a9542a22363aa78e3d186ab6d9883474a7,play,0.0315495935612119,0.9684504064387881,0.04719183163029505,1.0137179674046064,hybrid_rrf_pgvector
178,79fe8fed852b1c27af8e0efc3e5f8938e81780684d07669a917193f252688733,address list won't resize smaller once made bigger,4,5223,12514867dbd711250aa4c4592133850fd136521ac62074e7ff95b095e5fe1490,play,0.0315495935612119,0.9684504064387881,0.04718343765045739,1.0137179674046064,hybrid_rrf_pgvector
178,79fe8fed852b1c27af8e0efc3e5f8938e81780684d07669a917193f252688733,address list won't resize smaller once made bigger,5,1693,eaa81119e89ae96bc991b9ccf783cdd2040c6be5c47381a9ce1337fc8ba8f9d8,play,0.0315495935612119,0.9684504064387881,0.04666516279419505,1.0137179674046064,hybrid_rrf_pgvector
179,30f2f38e693f571970ca7eec8c85d902ddffd655cf98d57673f3173a0ab1c604,"nag-screen ""multiple errors have occured""",1,4900,05aac3f658d4e51e741f769982a4aec6d16fe03b70e83b00228628a82762b82d,play,0.06364125423960731,0.9363587457603927,0.04767399003253049,0.9768125576244516,hybrid_rrf_pgvector
179,30f2f38e693f571970ca7eec8c85d902ddffd655cf98d57673f3173a0ab1c604,"nag-screen ""multiple errors have occured""",2,2998,18cce8f67808319a5bfb6135f57f5e25e7f60a539ed874642a7586f57144a333,play,0.06364125423960731,0.9363587457603927,0.04744784801534369,0.9768125576244516,hybrid_rrf_pgvector
179,30f2f38e693f571970ca7eec8c85d902ddffd655cf98d57673f3173a0ab1c604,"nag-screen ""multiple errors have occured""",3,5968,b08cda3db5265221563b6e77396ad8a7ec968bdf69c1d8fa27a2ad0ff86bd355,pausa,0.06750869933422443,0.9324913006657756,0.04738666351569577,0.9223649957656419,hybrid_rrf_pgvector
179,30f2f38e693f571970ca7eec8c85d902ddffd655cf98d57673f3173a0ab1c604,"nag-screen ""multiple errors have occured""",4,1304,15276c45ea691840a1104d9b6a898d2bfbf2702f94d8a881f5c9caa11f6b50fa,pausa,0.06750869933422443,0.9324913006657756,0.046875,0.9223649957656419,hybrid_rrf_pgvector
179,30f2f38e693f571970ca7eec8c85d902ddffd655cf98d57673f3173a0ab1c604,"nag-screen ""multiple errors have occured""",5,155,8a81039900fcf785b222e1bd312d62c4f64da7c480274ab4d44f9f66bcffb4d6,pausa,0.06750869933422443,0.9324913006657756,0.04664224664224664,0.9223649957656419,hybrid_rrf_pgvector
180,054a02c0458463c056eae1a13c6afed93ebdf275acd2f9341b33b4cb1678637a,IndexedDB: unopened sqlite databases don't count towards the quota,1,5004,284b7828868e1d5b1b4362189f70f09530b7fa734cc87dc6e9b6a8c0d291e0c4,pausa,1.1102230246251565e-16,0.9999999999999999,0.04787506400409626,1.0499999999999998,hybrid_rrf_pgvector
180,054a02c0458463c056eae1a13c6afed93ebdf275acd2f9341b33b4cb1678637a,IndexedDB: unopened sqlite databases don't count towards the quota,2,5167,9da71aa0dee45290e14c88da19b2f9b128cef22d887172e5cc7c8bfa6c34624c,pausa,1.1102230246251565e-16,0.9999999999999999,0.046494801754268796,1.0499999999999998,hybrid_rrf_pgvector
180,054a02c0458463c056eae1a13c6afed93ebdf275acd2f9341b33b4cb1678637a,IndexedDB: unopened sqlite databases don't count towards the quota,3,2608,8dc02b287620366380a4d99f6c438e4ad159fe4cd38a09e6b1ae4c2ac6e97e67,pausa,1.1102230246251565e-16,0.9999999999999999,0.045934988518943745,1.0499999999999998,hybrid_rrf_pgvector
180,054a02c0458463c056eae1a13c6afed93ebdf275acd2f9341b33b4cb1678637a,IndexedDB: unopened sqlite databases don't count towards the quota,4,2741,6c201ffb8c2acb1eb48a9e7d050eec7008731d30aacd5a0bc14d5e790cb90e5c,pausa,1.1102230246251565e-16,0.9999999999999999,0.04547511312217195,1.0499999999999998,hybrid_rrf_pgvector
180,054a02c0458463c056eae1a13c6afed93ebdf275acd2f9341b33b4cb1678637a,IndexedDB: unopened sqlite databases don't count towards the quota,5,5679,c6bc2afae67e7d969d65d54f6723473ea70fb9fa9d56a90da3d2fbda9cbfbe12,play,1.1102230246251565e-16,0.9999999999999999,0.048915917503966164,0.9999999999999999,hybrid_rrf_pgvector
181,7ea7e774e68d31b9aa24f5ef3f538bf4ef72dd01a5612662df55605bd50e0fb4,ActionMonkey: remove gcPoke from js/src,1,3338,7d03dcaa01c93d72b9e5437b2a8239d0916840584a35da369364a500552a7f63,pausa,0.05770193106786059,0.9422980689321394,0.03225806451612903,0.9836427792719604,hybrid_rrf_pgvector
181,7ea7e774e68d31b9aa24f5ef3f538bf4ef72dd01a5612662df55605bd50e0fb4,ActionMonkey: remove gcPoke from js/src,2,2374,10454618785218b33c44fbf47953198e0cecd22ed992c9e64ca3fa173a97d61f,play,0.024611780930288596,0.9753882190697114,0.04918032786885246,0.9716964519301681,hybrid_rrf_pgvector
181,7ea7e774e68d31b9aa24f5ef3f538bf4ef72dd01a5612662df55605bd50e0fb4,ActionMonkey: remove gcPoke from js/src,3,5283,7aa2e7063390a09eabcfe19432f553b437404873bbf7d4c2920a3da8ba29d4c2,pausa,0.08960962668443007,0.9103903733155699,0.047371031746031744,0.9469489293129054,hybrid_rrf_pgvector
181,7ea7e774e68d31b9aa24f5ef3f538bf4ef72dd01a5612662df55605bd50e0fb4,ActionMonkey: remove gcPoke from js/src,4,2043,d4b314ad5c1b51789889746b635d2b159988d73bd7d03da506f865735c2534cd,pausa,0.09829192656722874,0.9017080734327713,0.031009615384615385,0.936964284447687,hybrid_rrf_pgvector
181,7ea7e774e68d31b9aa24f5ef3f538bf4ef72dd01a5612662df55605bd50e0fb4,ActionMonkey: remove gcPoke from js/src,5,2105,139a70be10ff92c068ff1b662193b4729b6aa316b1ce5931733f3e8b306d84ff,play,0.09829192656722874,0.9017080734327713,0.031009615384615385,0.8869642844476869,hybrid_rrf_pgvector
182,7d2457318732ecac6a1e3bfce38f1ab2d11d495f381176874a73ee2a3390aa1d,Two failures in the BatchCompilerTests on MacOS,1,0,737a8c586e01a3db3f0e7f8cdf0146c83a33197e8d2e8f1ab813f7fbb5ddbbae,play,1.0,0.0,0.03278688524590164,-0.09999999999999999,hybrid_rrf_pgvector
182,7d2457318732ecac6a1e3bfce38f1ab2d11d495f381176874a73ee2a3390aa1d,Two failures in the BatchCompilerTests on MacOS,2,2,50f50c77354314a73686fd77a1e2c3b3b4b8a48d5bbfdc5391409e149234c098,play,1.0,0.0,0.031746031746031744,-0.09999999999999999,hybrid_rrf_pgvector
182,7d2457318732ecac6a1e3bfce38f1ab2d11d495f381176874a73ee2a3390aa1d,Two failures in the BatchCompilerTests on MacOS,3,1,7175846e309b39507fa4c4cfa3ee674c5626208653c00dcf439122eea5f9aec0,pausa,1.0,0.0,0.03225806451612903,-0.15,hybrid_rrf_pgvector
182,7d2457318732ecac6a1e3bfce38f1ab2d11d495f381176874a73ee2a3390aa1d,Two failures in the BatchCompilerTests on MacOS,4,3,08db3dc49103c8ccfff8b8dd59d2b8fa79ebca6f181aec85d18c2d9e440dc33f,pausa,1.0,0.0,0.03125,-0.15,hybrid_rrf_pgvector
182,7d2457318732ecac6a1e3bfce38f1ab2d11d495f381176874a73ee2a3390aa1d,Two failures in the BatchCompilerTests on MacOS,5,4,c020e3e61c72b8025cbdaa2c813ae36f00080d2900b13a19128931d6d15dd411,stop,1.0,0.0,0.03076923076923077,-0.15,hybrid_rrf_pgvector
183,41fe57eedde9120aa6a906e899c6e7aef9c55cbfda7000aaa48b0f041c629323,Source Editor should automatically set up Undo/Redo key bindings,1,234,75d67a01a3fb916aebb3a7ac4d7dce45fc3c4d6d0f9dca244a62e79a92c5c560,play,0.23878730794723357,0.7612126920527664,0.03278688524590164,0.7753945958606814,hybrid_rrf_pgvector
183,41fe57eedde9120aa6a906e899c6e7aef9c55cbfda7000aaa48b0f041c629323,Source Editor should automatically set up Undo/Redo key bindings,2,4208,5ec0511c0f12491a231be95f49a27f1910d1ef10abf262c638ad26aa63cfd071,play,0.267756294677711,0.732243705322289,0.04416308329351808,0.7420802611206324,hybrid_rrf_pgvector
183,41fe57eedde9120aa6a906e899c6e7aef9c55cbfda7000aaa48b0f041c629323,Source Editor should automatically set up Undo/Redo key bindings,3,5289,16b20b2292a4b1b8744eafc7c468a5515e9d338451da08b0f083fbaefc64614c,play,0.267756294677711,0.732243705322289,0.031009615384615385,0.7420802611206324,hybrid_rrf_pgvector
183,41fe57eedde9120aa6a906e899c6e7aef9c55cbfda7000aaa48b0f041c629323,Source Editor should automatically set up Undo/Redo key bindings,4,5924,5d85c794c8227499c029c0b7135641485435154ea6628a481839af2f56b69ebd,stop,0.267756294677711,0.732243705322289,0.03225806451612903,0.6920802611206324,hybrid_rrf_pgvector
183,41fe57eedde9120aa6a906e899c6e7aef9c55cbfda7000aaa48b0f041c629323,Source Editor should automatically set up Undo/Redo key bindings,5,2806,468dc635ebff167bd687965a294d130dd494a794b74ef63b8ec9139d7e9964cd,pausa,0.267756294677711,0.732243705322289,0.030158730158730156,0.6920802611206324,hybrid_rrf_pgvector
184,76849d9c9767d1941f66a158f8f92e0d4a0db8ddbfc077a340ebfa6f813b7285,"""ASSERTION: Unexpected left/right/top/bottom unit"" with getComputedStyle on ""position: relative; left: 3ch;"" element",1,2554,d3982951a90306f5e1401687865d8ebac5ad4e2e1574671851189ac10e264cde,play,0.04580096671320055,0.9541990332867994,0.048651507139079855,0.9973288882798194,hybrid_rrf_pgvector
184,76849d9c9767d1941f66a158f8f92e0d4a0db8ddbfc077a340ebfa6f813b7285,"""ASSERTION: Unexpected left/right/top/bottom unit"" with getComputedStyle on ""position: relative; left: 3ch;"" element",2,2776,cded3e221c8481f3fc684166515b91d3b5cf5377e2b4a13b1fd3b3585f43ca6f,play,0.04580096671320055,0.9541990332867994,0.04839549075403121,0.9973288882798194,hybrid_rrf_pgvector
184,76849d9c9767d1941f66a158f8f92e0d4a0db8ddbfc077a340ebfa6f813b7285,"""ASSERTION: Unexpected left/right/top/bottom unit"" with getComputedStyle on ""position: relative; left: 3ch;"" element",3,305,99e4831578dce31052dc947aa5bd322d4e027164ee45719481f3e771a500f08f,pausa,0.07405277442813496,0.925947225571865,0.04813947436898257,0.9148393094076448,hybrid_rrf_pgvector
184,76849d9c9767d1941f66a158f8f92e0d4a0db8ddbfc077a340ebfa6f813b7285,"""ASSERTION: Unexpected left/right/top/bottom unit"" with getComputedStyle on ""position: relative; left: 3ch;"" element",4,5671,634f9edb1bd911417db9efd7784d9008dbaea851156d6e67f4e88b16493cf31d,pausa,0.10973376722998873,0.8902662327700113,0.046875,0.873806167685513,hybrid_rrf_pgvector
184,76849d9c9767d1941f66a158f8f92e0d4a0db8ddbfc077a340ebfa6f813b7285,"""ASSERTION: Unexpected left/right/top/bottom unit"" with getComputedStyle on ""position: relative; left: 3ch;"" element",5,3729,7a60aff4aec866788e3f1345ca4a2ffc0de6101e62c786388d810ad42152e02c,play,0.17065075404577068,0.8293492459542293,0.04395604395604395,0.8537516328473638,hybrid_rrf_pgvector
185,9968a6914f1ac3f7bd3bd86a3e22037806fa24e771224d0c68a2a68a4485e333,TM: Global Object created in xpcthreadcontext needs its own compartment,1,2765,b833e60c95b1b9f03b351f48e6174093ca9cd60de97bbab3e2f5338475fe1d3c,pausa,0.030704992024572997,0.969295007975427,0.04744784801534369,1.0146892591717411,hybrid_rrf_pgvector
185,9968a6914f1ac3f7bd3bd86a3e22037806fa24e771224d0c68a2a68a4485e333,TM: Global Object created in xpcthreadcontext needs its own compartment,2,5281,1acc347d300881739db7bf9932a5583b2409006ca555806b1af98da7503f228e,play,0.030704992024572997,0.969295007975427,0.04767399003253049,0.9646892591717411,hybrid_rrf_pgvector
185,9968a6914f1ac3f7bd3bd86a3e22037806fa24e771224d0c68a2a68a4485e333,TM: Global Object created in xpcthreadcontext needs its own compartment,3,4321,fac37093e670301cbcf16253eaf77cff94854a7ea2a503f547efe2c49d7384cd,pausa,0.07510375158145832,0.9248962484185417,0.047619047619047616,0.9636306856813229,hybrid_rrf_pgvector
185,9968a6914f1ac3f7bd3bd86a3e22037806fa24e771224d0c68a2a68a4485e333,TM: Global Object created in xpcthreadcontext needs its own compartment,4,5597,ea696680d77bf2e45b0ec077b45862f406e37af438db1de6605361643b523eb1,pausa,0.11730685974194421,0.8826931402580558,0.047379032258064516,0.9150971112967642,hybrid_rrf_pgvector
185,9968a6914f1ac3f7bd3bd86a3e22037806fa24e771224d0c68a2a68a4485e333,TM: Global Object created in xpcthreadcontext needs its own compartment,5,5358,208e78f9b8a121b617cf82b46388f5b5862d50fdc69a572a0c9733e8eaf6cc92,pausa,0.12771816781507372,0.8722818321849263,0.047162673392181595,0.9031241070126652,hybrid_rrf_pgvector
186,9b7531747f2c67fbcc42c2558a2ebb37d25caa210b32e831b4f76e9f479619bc,"Intermittent test_cached_messages.html | number of cached page errors - got 1, expected 2 | Test timed out and a leak",1,4363,8a28d849e0d0f0d8b75a7d4d996492b051962e8033d81f6941997910b0e2ecc0,pausa,0.14523515477027138,0.8547648452297286,0.04918032786885246,0.882979572014188,hybrid_rrf_pgvector
186,9b7531747f2c67fbcc42c2558a2ebb37d25caa210b32e831b4f76e9f479619bc,"Intermittent test_cached_messages.html | number of cached page errors - got 1, expected 2 | Test timed out and a leak",2,225,fefdf9dcc1b7f7b909808ff8311add794da958c5da560245d5abbd779f71b7a6,pausa,0.17272428358044412,0.8272757164195559,0.04838709677419355,0.8513670738824893,hybrid_rrf_pgvector
186,9b7531747f2c67fbcc42c2558a2ebb37d25caa210b32e831b4f76e9f479619bc,"Intermittent test_cached_messages.html | number of cached page errors - got 1, expected 2 | Test timed out and a leak",3,2936,38089756de755eb3befcfe4c180fa499bbfafcc8ce613d744bdff0ae72b8dea7,stop,0.17495515343860302,0.825044846561397,0.047619047619047616,0.7988015735456065,hybrid_rrf_pgvector
186,9b7531747f2c67fbcc42c2558a2ebb37d25caa210b32e831b4f76e9f479619bc,"Intermittent test_cached_messages.html | number of cached page errors - got 1, expected 2 | Test timed out and a leak",4,5930,f4be5aeb435da2865cb81a93616ce3b21ba40b539f828ffff7fac7a4c168cd48,pausa,0.23328769630857193,0.7667123036914281,0.04550236900780379,0.7817191492451423,hybrid_rrf_pgvector
186,9b7531747f2c67fbcc42c2558a2ebb37d25caa210b32e831b4f76e9f479619bc,"Intermittent test_cached_messages.html | number of cached page errors - got 1, expected 2 | Test timed out and a leak",5,4704,d6584c629eaf5d06f6c71cde67e66c1e76cc8a54a9e711af166ba864f852723b,pausa,0.23328769630857193,0.7667123036914281,0.04482184482184482,0.7817191492451423,hybrid_rrf_pgvector
187,8700e20ad910014504582e0b3b5a6849d0168a2460723b274b962ea9da84eb51,removal of cx parameter from IsAboutToBeFinalized,1,0,737a8c586e01a3db3f0e7f8cdf0146c83a33197e8d2e8f1ab813f7fbb5ddbbae,play,1.0,0.0,0.03278688524590164,-0.09999999999999999,hybrid_rrf_pgvector
187,8700e20ad910014504582e0b3b5a6849d0168a2460723b274b962ea9da84eb51,removal of cx parameter from IsAboutToBeFinalized,2,2,50f50c77354314a73686fd77a1e2c3b3b4b8a48d5bbfdc5391409e149234c098,play,1.0,0.0,0.031746031746031744,-0.09999999999999999,hybrid_rrf_pgvector
187,8700e20ad910014504582e0b3b5a6849d0168a2460723b274b962ea9da84eb51,removal of cx parameter from IsAboutToBeFinalized,3,1,7175846e309b39507fa4c4cfa3ee674c5626208653c00dcf439122eea5f9aec0,pausa,1.0,0.0,0.03225806451612903,-0.15,hybrid_rrf_pgvector
187,8700e20ad910014504582e0b3b5a6849d0168a2460723b274b962ea9da84eb51,removal of cx parameter from IsAboutToBeFinalized,4,3,08db3dc49103c8ccfff8b8dd59d2b8fa79ebca6f181aec85d18c2d9e440dc33f,pausa,1.0,0.0,0.03125,-0.15,hybrid_rrf_pgvector
187,8700e20ad910014504582e0b3b5a6849d0168a2460723b274b962ea9da84eb51,removal of cx parameter from IsAboutToBeFinalized,5,4,c020e3e61c72b8025cbdaa2c813ae36f00080d2900b13a19128931d6d15dd411,stop,1.0,0.0,0.03076923076923077,-0.15,hybrid_rrf_pgvector
188,a688f5425c26a6fb4e7ba1a5e2c7883626070f0ffb2467f46386957a3221ac6e,GetCellDataAt callers that expect an error if no cell is found are wrong,1,3652,2b503acb5f655243bc5977337f4b4f605df11fdc165dcbe5d431dd10b23919a3,play,-2.220446049250313e-16,1.0000000000000002,0.04918032786885246,1.0500000000000003,hybrid_rrf_pgvector
188,a688f5425c26a6fb4e7ba1a5e2c7883626070f0ffb2467f46386957a3221ac6e,GetCellDataAt callers that expect an error if no cell is found are wrong,2,4910,329444ddaa71da5ef056dec592020775d9f6a8e24d2628dbb081c837fee3f4ea,play,0.10539208713950776,0.8946079128604922,0.03055037313432836,0.9287990997895661,hybrid_rrf_pgvector
188,a688f5425c26a6fb4e7ba1a5e2c7883626070f0ffb2467f46386957a3221ac6e,GetCellDataAt callers that expect an error if no cell is found are wrong,3,900,9e7fe0aba858f97d5fa93f851795f10bfc984c88892e393cbf864929f797bb61,stop,0.0811840203078319,0.9188159796921681,0.03225806451612903,0.9066383766459933,hybrid_rrf_pgvector
188,a688f5425c26a6fb4e7ba1a5e2c7883626070f0ffb2467f46386957a3221ac6e,GetCellDataAt callers that expect an error if no cell is found are wrong,4,5243,1525b093b9c21b051de9f14165cf7b4dd7d278f82931b51e9bc26f456ce3d7e0,stop,0.10539208713950776,0.8946079128604922,0.03125763125763126,0.878799099789566,hybrid_rrf_pgvector
188,a688f5425c26a6fb4e7ba1a5e2c7883626070f0ffb2467f46386957a3221ac6e,GetCellDataAt callers that expect an error if no cell is found are wrong,5,3836,7be7037b89a2c962b8ba55f551d58b1c5fe70c02bd02e3e3daf67bcdff60911a,stop,0.10539208713950776,0.8946079128604922,0.030536130536130537,0.878799099789566,hybrid_rrf_pgvector
189,2eed7068a10aad6f74b05cf3756cfaf4e15176358853d177acdcf40b1094af08,Panning feedback crash [@ CWindowFeedBackAnimation::RestoreDisplacedWindow() ],1,4474,7aff7b08cf4ec14680e5c7d813c2d47515b9f3080a495a3c5698d6e18d19b3e2,stop,1.1102230246251565e-16,0.9999999999999999,0.03125,1.0499999999999998,hybrid_rrf_pgvector
189,2eed7068a10aad6f74b05cf3756cfaf4e15176358853d177acdcf40b1094af08,Panning feedback crash [@ CWindowFeedBackAnimation::RestoreDisplacedWindow() ],2,4495,d641dd1b95fe23500981178e0b7283359ebff7fdc09e832a666008afb7a5d959,stop,1.1102230246251565e-16,0.9999999999999999,0.03076923076923077,1.0499999999999998,hybrid_rrf_pgvector
189,2eed7068a10aad6f74b05cf3756cfaf4e15176358853d177acdcf40b1094af08,Panning feedback crash [@ CWindowFeedBackAnimation::RestoreDisplacedWindow() ],3,2859,57eef7c17ee51f9b17233a62cf7081ff50600657802a36ed47745858161a5dd5,stop,1.1102230246251565e-16,0.9999999999999999,0.01639344262295082,1.0499999999999998,hybrid_rrf_pgvector
189,2eed7068a10aad6f74b05cf3756cfaf4e15176358853d177acdcf40b1094af08,Panning feedback crash [@ CWindowFeedBackAnimation::RestoreDisplacedWindow() ],4,5557,60a2aab5c27d8c64bf97eea72f29a22e6aac0791f2ba6b2a5d8c1787c9f15121,stop,1.1102230246251565e-16,0.9999999999999999,0.01639344262295082,1.0499999999999998,hybrid_rrf_pgvector
189,2eed7068a10aad6f74b05cf3756cfaf4e15176358853d177acdcf40b1094af08,Panning feedback crash [@ CWindowFeedBackAnimation::RestoreDisplacedWindow() ],5,2431,6773ba3dd911c717000baf0aec6b2c7d6c540acf4c2d78aa437723cfad40ba90,stop,1.1102230246251565e-16,0.9999999999999999,0.01639344262295082,1.0499999999999998,hybrid_rrf_pgvector
190,9012cc4085bbe5c5cb4e7dd5688878dc303be06e233dfaece8235b7af022b90b,GC hazard during global object creation,1,4321,fac37093e670301cbcf16253eaf77cff94854a7ea2a503f547efe2c49d7384cd,pausa,0.0040127523853479286,0.9959872476146521,0.04865990111891752,1.0453853347568498,hybrid_rrf_pgvector
190,9012cc4085bbe5c5cb4e7dd5688878dc303be06e233dfaece8235b7af022b90b,GC hazard during global object creation,2,2765,b833e60c95b1b9f03b351f48e6174093ca9cd60de97bbab3e2f5338475fe1d3c,pausa,0.021214386647631533,0.9787856133523685,0.04692742126540875,1.0256034553552238,hybrid_rrf_pgvector
190,9012cc4085bbe5c5cb4e7dd5688878dc303be06e233dfaece8235b7af022b90b,GC hazard during global object creation,3,5597,ea696680d77bf2e45b0ec077b45862f406e37af438db1de6605361643b523eb1,pausa,0.05976329264793512,0.9402367073520649,0.04470046082949308,0.9812722134548747,hybrid_rrf_pgvector
190,9012cc4085bbe5c5cb4e7dd5688878dc303be06e233dfaece8235b7af022b90b,GC hazard during global object creation,4,5281,1acc347d300881739db7bf9932a5583b2409006ca555806b1af98da7503f228e,play,0.021214386647631533,0.9787856133523685,0.04715356328259554,0.9756034553552237,hybrid_rrf_pgvector
190,9012cc4085bbe5c5cb4e7dd5688878dc303be06e233dfaece8235b7af022b90b,GC hazard during global object creation,5,4252,5e75ae30f93f4ee80766ff9aac21444a206270c0416d9b7443d302ece90b6958,stop,0.04616697695608962,0.9538330230439104,0.04479638009049774,0.946907976500497,hybrid_rrf_pgvector
191,ebca99b4e45a0ec70fb730bacafcd10031e6517b9b89ff021bb4b7a9cb19766a,Log the id and classes of an element in cycle collector dumps,1,5170,6a28304938086b5e1d72254c6a872a502a71ca142412213c99566da29f074bd1,play,0.2087986981469656,0.7912013018530344,0.04918032786885246,0.8098814971309896,hybrid_rrf_pgvector
191,ebca99b4e45a0ec70fb730bacafcd10031e6517b9b89ff021bb4b7a9cb19766a,Log the id and classes of an element in cycle collector dumps,2,498,a5a1d206edd5a12c569dfe1ae7bdcc34ad638cda421397866c7e54931fbe44f4,play,0.2912271020042524,0.7087728979957476,0.031746031746031744,0.7150888326951098,hybrid_rrf_pgvector
191,ebca99b4e45a0ec70fb730bacafcd10031e6517b9b89ff021bb4b7a9cb19766a,Log the id and classes of an element in cycle collector dumps,3,3042,9f20a401c7dbadae5c8b25a1f38d96b118fd4e2b603273ec3ebdfe335a83e336,pausa,0.2608987549509737,0.7391012450490263,0.03225806451612903,0.6999664318063803,hybrid_rrf_pgvector
191,ebca99b4e45a0ec70fb730bacafcd10031e6517b9b89ff021bb4b7a9cb19766a,Log the id and classes of an element in cycle collector dumps,4,5294,e7aa505db1a91a2032236568aec70e79a81f5ea5d8778363d054163f5735c12b,stop,0.30197043198823725,0.6980295680117627,0.047379032258064516,0.6527340032135271,hybrid_rrf_pgvector
191,ebca99b4e45a0ec70fb730bacafcd10031e6517b9b89ff021bb4b7a9cb19766a,Log the id and classes of an element in cycle collector dumps,5,928,095ace107722fdaffb3a5d687053742b8cedc25bffd0d2e66cd7d206724136ef,play,0.40959533870267784,0.5904046612973222,0.043478260869565216,0.5789653604919205,hybrid_rrf_pgvector
192,76d0e4b44fbd50287c58f93991cf22c8bf75ffacc641c4917e488eb6ac6dfabd,crash in NS_strlen with SEO Toolbar 2.4,1,820,d8fe688ac460f3b7478f60f5faee5d9820179efadf69fcca7ed1b8c8b1518ce6,stop,0.03256388557650758,0.9674361144234924,0.01639344262295082,1.0125515315870164,hybrid_rrf_pgvector
192,76d0e4b44fbd50287c58f93991cf22c8bf75ffacc641c4917e488eb6ac6dfabd,crash in NS_strlen with SEO Toolbar 2.4,2,2431,6773ba3dd911c717000baf0aec6b2c7d6c540acf4c2d78aa437723cfad40ba90,stop,0.03256388557650758,0.9674361144234924,0.01639344262295082,1.0125515315870164,hybrid_rrf_pgvector
192,76d0e4b44fbd50287c58f93991cf22c8bf75ffacc641c4917e488eb6ac6dfabd,crash in NS_strlen with SEO Toolbar 2.4,3,5673,3695670daa013197106c08048881613b668b3d0574b719214a933bbdd22dd255,stop,0.03256388557650758,0.9674361144234924,0.016129032258064516,1.0125515315870164,hybrid_rrf_pgvector
192,76d0e4b44fbd50287c58f93991cf22c8bf75ffacc641c4917e488eb6ac6dfabd,crash in NS_strlen with SEO Toolbar 2.4,4,2404,913854921b752c50aa73c9c326444e917f1479a2402d0ff377076330fc6cf17f,stop,0.14618644669430492,0.8538135533056951,0.016129032258064516,0.8818855863015493,hybrid_rrf_pgvector
192,76d0e4b44fbd50287c58f93991cf22c8bf75ffacc641c4917e488eb6ac6dfabd,crash in NS_strlen with SEO Toolbar 2.4,5,1825,c0738b1ec934d56ad019322ae4265e95ce0b646215c9951ffcbebd56b03bf07b,stop,0.1692410649406132,0.8307589350593868,0.01639344262295082,0.8553727753182949,hybrid_rrf_pgvector
193,fb3a020fc6d534aabdeee9bef42129e9355eeee66f2ab3a180749cc58701807b,canDrop isn't called when just the drag and drop action changes,1,5480,20c03877aeb056db8366e611bdccfe91fe8f0bc00ebd50954eecffb515743a45,play,0.35917328142780636,0.6408267185721936,0.04664224664224664,0.6369507263580227,hybrid_rrf_pgvector
193,fb3a020fc6d534aabdeee9bef42129e9355eeee66f2ab3a180749cc58701807b,canDrop isn't called when just the drag and drop action changes,2,5886,70680037cfdda2fe7ccedc60b3408ae831715b72fa1909f3d628eefb7a1e5c7d,play,0.35917328142780636,0.6408267185721936,0.04617537313432836,0.6369507263580227,hybrid_rrf_pgvector
193,fb3a020fc6d534aabdeee9bef42129e9355eeee66f2ab3a180749cc58701807b,canDrop isn't called when just the drag and drop action changes,3,3736,b8b6d96af63a66d882361965f20ddb975415d068b935e799b97cf689bfda44b9,pausa,0.35917328142780636,0.6408267185721936,0.045928030303030304,0.5869507263580227,hybrid_rrf_pgvector
193,fb3a020fc6d534aabdeee9bef42129e9355eeee66f2ab3a180749cc58701807b,canDrop isn't called when just the drag and drop action changes,4,1819,43c5c7ea77345fcff30defaeae8446b35197c7906f3d1a8b0aa5d66485827faf,pausa,0.35917328142780636,0.6408267185721936,0.04501587087188492,0.5869507263580227,hybrid_rrf_pgvector
193,fb3a020fc6d534aabdeee9bef42129e9355eeee66f2ab3a180749cc58701807b,canDrop isn't called when just the drag and drop action changes,5,16,34da2008bee8cd53a45d61d2b4272fc7c0df51f489da91adece1b9b68888ebfb,pausa,0.35917328142780636,0.6408267185721936,0.04490750016696721,0.5869507263580227,hybrid_rrf_pgvector
194,b601d8fb65cb053920c3e134f3de149011a59f15a966f639435603c8343f378e,Add drag and dragend events,1,4975,d23a120ed21a0bbd58852996436e672ccc21a624c5c7317d7c3080cfd8ad6ccc,play,0.0792010211214369,0.9207989788785631,0.032266458495966696,0.9589188257103476,hybrid_rrf_pgvector
194,b601d8fb65cb053920c3e134f3de149011a59f15a966f639435603c8343f378e,Add drag and dragend events,2,4925,7564da71ed5ec8088767dc606889071ce2eef3f6be1686c0bf2fed70d594f30d,pausa,0.0792010211214369,0.9207989788785631,0.045730413377472204,0.9089188257103475,hybrid_rrf_pgvector
194,b601d8fb65cb053920c3e134f3de149011a59f15a966f639435603c8343f378e,Add drag and dragend events,3,4767,ebef766f4b31bc554ef2673dea0d5405537af8a8f679a7a718dc3cc311ac5d34,pausa,0.0792010211214369,0.9207989788785631,0.04459570280465803,0.9089188257103475,hybrid_rrf_pgvector
194,b601d8fb65cb053920c3e134f3de149011a59f15a966f639435603c8343f378e,Add drag and dragend events,4,4276,8a841f74a10d5ab26a78afb2c1ebc9c899915092af8a1ae3469dd87b953917da,pausa,0.0792010211214369,0.9207989788785631,0.04434349989184512,0.9089188257103475,hybrid_rrf_pgvector
194,b601d8fb65cb053920c3e134f3de149011a59f15a966f639435603c8343f378e,Add drag and dragend events,5,5401,a111a699ba8246f1291e7d0e5040ac711f95ffa9024997198a3e0e6ed71eb543,pausa,0.0792010211214369,0.9207989788785631,0.032266458495966696,0.9089188257103475,hybrid_rrf_pgvector
195,c6a735cb809dcd4a6462dada289ed44ea04fd984e9df1c81e2bd5e812ea66e7b,Kill navigator.securityPolicy,1,0,737a8c586e01a3db3f0e7f8cdf0146c83a33197e8d2e8f1ab813f7fbb5ddbbae,play,1.0,0.0,0.03278688524590164,-0.09999999999999999,hybrid_rrf_pgvector
195,c6a735cb809dcd4a6462dada289ed44ea04fd984e9df1c81e2bd5e812ea66e7b,Kill navigator.securityPolicy,2,2,50f50c77354314a73686fd77a1e2c3b3b4b8a48d5bbfdc5391409e149234c098,play,1.0,0.0,0.031746031746031744,-0.09999999999999999,hybrid_rrf_pgvector
195,c6a735cb809dcd4a6462dada289ed44ea04fd984e9df1c81e2bd5e812ea66e7b,Kill navigator.securityPolicy,3,1,7175846e309b39507fa4c4cfa3ee674c5626208653c00dcf439122eea5f9aec0,pausa,1.0,0.0,0.03225806451612903,-0.15,hybrid_rrf_pgvector
195,c6a735cb809dcd4a6462dada289ed44ea04fd984e9df1c81e2bd5e812ea66e7b,Kill navigator.securityPolicy,4,3,08db3dc49103c8ccfff8b8dd59d2b8fa79ebca6f181aec85d18c2d9e440dc33f,pausa,1.0,0.0,0.03125,-0.15,hybrid_rrf_pgvector
195,c6a735cb809dcd4a6462dada289ed44ea04fd984e9df1c81e2bd5e812ea66e7b,Kill navigator.securityPolicy,5,4,c020e3e61c72b8025cbdaa2c813ae36f00080d2900b13a19128931d6d15dd411,stop,1.0,0.0,0.03076923076923077,-0.15,hybrid_rrf_pgvector
196,abb1771a66f85cc3ff7e68deef6abf96b0f6427f5e1569aee4893103af8c3982,"""ASSERTION: unexpected disconnected nodes"" with full screen, selectAllChildren",1,2720,0f962fe0cb530c1535d79e2bd211164b12b5ef04640585043e35d172f1ce562b,pausa,0.10040487489840355,0.8995951251015964,0.04841188524590165,0.934534393866836,hybrid_rrf_pgvector
196,abb1771a66f85cc3ff7e68deef6abf96b0f6427f5e1569aee4893103af8c3982,"""ASSERTION: unexpected disconnected nodes"" with full screen, selectAllChildren",2,2171,7149ebc8a3d5fbd888740c75adebb4721c1b61960eb88db96fe0f5d84c7c1cec,pausa,0.10040487489840355,0.8995951251015964,0.048131080389144903,0.934534393866836,hybrid_rrf_pgvector
196,abb1771a66f85cc3ff7e68deef6abf96b0f6427f5e1569aee4893103af8c3982,"""ASSERTION: unexpected disconnected nodes"" with full screen, selectAllChildren",3,536,10f2963e93c2d918f80264daacb0377cf6a88fbf264a30d95c4e74b3a3ca5c31,play,0.1554814600320591,0.8445185399679409,0.04813947436898257,0.821196320963132,hybrid_rrf_pgvector
196,abb1771a66f85cc3ff7e68deef6abf96b0f6427f5e1569aee4893103af8c3982,"""ASSERTION: unexpected disconnected nodes"" with full screen, selectAllChildren",4,5625,c463c399b62e11c83e6bbb5bf050184c95753d2ebf98c342777317a634e988ef,stop,0.21100429721357572,0.7889957027864243,0.04617537313432836,0.7573450582043879,hybrid_rrf_pgvector
196,abb1771a66f85cc3ff7e68deef6abf96b0f6427f5e1569aee4893103af8c3982,"""ASSERTION: unexpected disconnected nodes"" with full screen, selectAllChildren",5,4900,05aac3f658d4e51e741f769982a4aec6d16fe03b70e83b00228628a82762b82d,play,0.21582744503369955,0.7841725549663005,0.046153846153846156,0.7517984382112455,hybrid_rrf_pgvector
197,b2c5114ea9bc86274267f1a83162701b9b40041ec12d1de78a6102ffee1e4385,Occurrences in File does not work in class files,1,106,32e99f11f1ca8f0c4af1a5d0f6c1d57d064423fc4be78cb708f2b947dd8186be,pausa,0.12907279941993788,0.8709272005800621,0.04670793048402157,0.9015662806670715,hybrid_rrf_pgvector
197,b2c5114ea9bc86274267f1a83162701b9b40041ec12d1de78a6102ffee1e4385,Occurrences in File does not work in class files,2,5460,a4479e5e6d4b66fe7bc52fbb310a35ccc684b38c3f41974360fdc4d81d01f587,play,0.12613674295474275,0.8738632570452572,0.047492767598842814,0.8549427456020459,hybrid_rrf_pgvector
197,b2c5114ea9bc86274267f1a83162701b9b40041ec12d1de78a6102ffee1e4385,Occurrences in File does not work in class files,3,4834,99c81cbd243da59b62ea29bbbb2d0484f1b4e79bc6fe34a1350d6766f5872f0a,stop,0.12907279941993788,0.8709272005800621,0.04713064713064713,0.8515662806670714,hybrid_rrf_pgvector
197,b2c5114ea9bc86274267f1a83162701b9b40041ec12d1de78a6102ffee1e4385,Occurrences in File does not work in class files,4,323,5782c9da5ae69ef8efdf1d7a4d9177ca6e67ff07d9d6101adbf8e8e2c58c359d,stop,0.12907279941993788,0.8709272005800621,0.04616113053613054,0.8515662806670714,hybrid_rrf_pgvector
197,b2c5114ea9bc86274267f1a83162701b9b40041ec12d1de78a6102ffee1e4385,Occurrences in File does not work in class files,5,4418,4bd150fc90d3105bb920db9b1c6207c1c64a19d38c8d818471de53c9db14e8b3,play,0.12907279941993788,0.8709272005800621,0.045928030303030304,0.8515662806670714,hybrid_rrf_pgvector
198,178909a6e146ce938cc961b05c4f3c086d0bcb06a4f623f50055a63612e033ed,Alt/Ctrl+Arrow selection (select by word) behavior has regressed,1,5347,037fd5e76302711fe4b651a646f2e0e1c9842cfd86236caf6f7a974609918a8b,play,0.1980195154017208,0.8019804845982792,0.047907090265630725,0.8222775572880211,hybrid_rrf_pgvector
198,178909a6e146ce938cc961b05c4f3c086d0bcb06a4f623f50055a63612e033ed,Alt/Ctrl+Arrow selection (select by word) behavior has regressed,2,578,65045134064dd4d905665eceaf4153fea4f9d69d2ae22255a0b7cef4701f4886,pausa,0.1980195154017208,0.8019804845982792,0.04767399003253049,0.772277557288021,hybrid_rrf_pgvector
198,178909a6e146ce938cc961b05c4f3c086d0bcb06a4f623f50055a63612e033ed,Alt/Ctrl+Arrow selection (select by word) behavior has regressed,3,1134,9731cf4fc37d4e2727f4fb1bead0cc49cc2f9c9e5212d7f96ffd65919839ca2f,stop,0.3033805723471543,0.6966194276528457,0.031746031746031744,0.6511123418007725,hybrid_rrf_pgvector
198,178909a6e146ce938cc961b05c4f3c086d0bcb06a4f623f50055a63612e033ed,Alt/Ctrl+Arrow selection (select by word) behavior has regressed,4,2802,c899fee23c4f6fb134fd685e7ebff56317ab04e3797b85110b2a90f9fd385364,play,0.3589555466965688,0.6410444533034312,0.031009615384615385,0.6372011212989459,hybrid_rrf_pgvector
198,178909a6e146ce938cc961b05c4f3c086d0bcb06a4f623f50055a63612e033ed,Alt/Ctrl+Arrow selection (select by word) behavior has regressed,5,5477,fe4c9e1721533d9bc36a5572cbd6a1bdd96f1da46ddd741a3677be634ee6b766,pausa,0.3589555466965688,0.6410444533034312,0.031009615384615385,0.5872011212989459,hybrid_rrf_pgvector
199,1492a1c6d9ebbb5a8bb95fbddcf09058742d99b815fb45a029b53f94e71da7f1,HTMLElement.getElementsByTagName broken with foreign children,1,4618,7bae71704fc1f5c2139300bad4a9040a2c9d16af030b38c2de561930e42be0ee,stop,0.04513551402956861,0.9548644859704314,0.04675081813931744,0.9980941588659962,hybrid_rrf_pgvector
199,1492a1c6d9ebbb5a8bb95fbddcf09058742d99b815fb45a029b53f94e71da7f1,HTMLElement.getElementsByTagName broken with foreign children,2,38,a3f355a30912e0e910f09f340985e32bbccca9f6ff595480c526c20e2a7d69dd,stop,0.04513551402956861,0.9548644859704314,0.04602469811022035,0.9980941588659962,hybrid_rrf_pgvector
199,1492a1c6d9ebbb5a8bb95fbddcf09058742d99b815fb45a029b53f94e71da7f1,HTMLElement.getElementsByTagName broken with foreign children,3,4078,d384493f34bd58545554fb0b4d8e792e8b5197f0d3fa4bc7cfd671c329924b59,stop,0.04513551402956861,0.9548644859704314,0.04554334554334554,0.9980941588659962,hybrid_rrf_pgvector
199,1492a1c6d9ebbb5a8bb95fbddcf09058742d99b815fb45a029b53f94e71da7f1,HTMLElement.getElementsByTagName broken with foreign children,4,4788,0be64fe56b3f2c679c66a4353e1f82ed9c99b72399e4cda1ded407c66ca13f59,pausa,0.04513551402956861,0.9548644859704314,0.04841188524590165,0.9480941588659961,hybrid_rrf_pgvector
199,1492a1c6d9ebbb5a8bb95fbddcf09058742d99b815fb45a029b53f94e71da7f1,HTMLElement.getElementsByTagName broken with foreign children,5,3763,42673cf3839c361a1f781acc9d6bcd13e6b78b2675c12265c86e8661503ee7a6,play,0.04513551402956861,0.9548644859704314,0.03149801587301587,0.9480941588659961,hybrid_rrf_pgvector
200,34bf9c326c08790688d89b36b496c52e9339e2bf82e06f94bca42edb9f37ae6c,Setting SELECT's innerHTML with empty OPTGROUPs with @label will cause Firefox hangs,1,4482,473a53741e81ac812e5546c509aa1c093d48b554fbb04a956875f005db66b90f,play,0.07756726709930684,0.9224327329006932,0.048131080389144903,0.9607976428357972,hybrid_rrf_pgvector
200,34bf9c326c08790688d89b36b496c52e9339e2bf82e06f94bca42edb9f37ae6c,Setting SELECT's innerHTML with empty OPTGROUPs with @label will cause Firefox hangs,2,3739,a5bb1b9e195a2123e0b9ab585af955a77e33ee159a82b5049b3c9ce8aa6f38e9,play,0.07756726709930684,0.9224327329006932,0.04787506400409626,0.9607976428357972,hybrid_rrf_pgvector
200,34bf9c326c08790688d89b36b496c52e9339e2bf82e06f94bca42edb9f37ae6c,Setting SELECT's innerHTML with empty OPTGROUPs with @label will cause Firefox hangs,3,4459,f330368f146f0d3d1d032085c0e09fb5d4cc02c5757153854102e1cb1ff94f7a,pausa,0.07530407439340525,0.9246959256065947,0.04918032786885246,0.913400314447584,hybrid_rrf_pgvector
200,34bf9c326c08790688d89b36b496c52e9339e2bf82e06f94bca42edb9f37ae6c,Setting SELECT's innerHTML with empty OPTGROUPs with @label will cause Firefox hangs,4,78,c027ba3b5b4e31f6d9df630829020f9254b102c5dc803b04220a681454b85c39,pausa,0.09138698169755877,0.9086130183024412,0.031009615384615385,0.8949049710478074,hybrid_rrf_pgvector
200,34bf9c326c08790688d89b36b496c52e9339e2bf82e06f94bca42edb9f37ae6c,Setting SELECT's innerHTML with empty OPTGROUPs with @label will cause Firefox hangs,5,3650,0efd5c4176e1de4435eab42030e1deec7e1cb8d0903a52a7fa84bb015f956b05,pausa,0.09138698169755877,0.9086130183024412,0.030303030303030304,0.8949049710478074,hybrid_rrf_pgvector
201,163672df4d2fa4877375bdc995c1ba48cd548386d7f1f5b5b548e9f9b8a12adf,Unterminated HTML entities sometimes rendered,1,3401,865190d472fc42d1f6f8583a18d9c747011fc2676735aaa56e10505449979e27,play,-2.220446049250313e-16,1.0000000000000002,0.04787506400409626,1.0500000000000003,hybrid_rrf_pgvector
201,163672df4d2fa4877375bdc995c1ba48cd548386d7f1f5b5b548e9f9b8a12adf,Unterminated HTML entities sometimes rendered,2,1667,90236aca51c9422c4df75ab91b5a0dcf01614fcf5a63ed985453ae3f9cb13f46,play,-2.220446049250313e-16,1.0000000000000002,0.04712301587301587,1.0500000000000003,hybrid_rrf_pgvector
201,163672df4d2fa4877375bdc995c1ba48cd548386d7f1f5b5b548e9f9b8a12adf,Unterminated HTML entities sometimes rendered,3,3676,23833efaa8c7089e24ac11c3370f14a33b29c96d624068537869334bf5b76aa3,pausa,-2.220446049250313e-16,1.0000000000000002,0.048651507139079855,1.0000000000000002,hybrid_rrf_pgvector
201,163672df4d2fa4877375bdc995c1ba48cd548386d7f1f5b5b548e9f9b8a12adf,Unterminated HTML entities sometimes rendered,4,4792,47a7dcbe19f6dfcd5522bb7e1203003c79ae99d6ff6376b5185b3763c99ef83a,pausa,-2.220446049250313e-16,1.0000000000000002,0.04841188524590165,1.0000000000000002,hybrid_rrf_pgvector
201,163672df4d2fa4877375bdc995c1ba48cd548386d7f1f5b5b548e9f9b8a12adf,Unterminated HTML entities sometimes rendered,5,3162,b01ee9cb239f17c3800cd93803613fb03cef33c63d021490077df9096fc276c8,pausa,0.16022319298009435,0.8397768070199056,0.046153846153846156,0.8157433280728915,hybrid_rrf_pgvector
202,5c5048ab5587f8768830e1eca315febbbd176879c918bbcddbf0eba721f2bf69,TM: Emit JSOP_APPLY for .call(...),1,5168,8ff1c1f1b625c7fdd4706a9b527f1868673b627c7259ffea1786ad0685f0c065,pausa,-4.440892098500626e-16,1.0000000000000004,0.048915917503966164,1.0500000000000005,hybrid_rrf_pgvector
202,5c5048ab5587f8768830e1eca315febbbd176879c918bbcddbf0eba721f2bf69,TM: Emit JSOP_APPLY for .call(...),2,2689,765b91b0a2e4a556f73b447cfe912dae1858149166a51b0ab1420e3464612edc,pausa,-4.440892098500626e-16,1.0000000000000004,0.047371031746031744,1.0500000000000005,hybrid_rrf_pgvector
202,5c5048ab5587f8768830e1eca315febbbd176879c918bbcddbf0eba721f2bf69,TM: Emit JSOP_APPLY for .call(...),3,2540,a4f7b58325e159a4719d8faa6397f0dbbdca432eee98e24167ff4652b8b6e79d,pausa,-4.440892098500626e-16,1.0000000000000004,0.04712301587301587,1.0500000000000005,hybrid_rrf_pgvector
202,5c5048ab5587f8768830e1eca315febbbd176879c918bbcddbf0eba721f2bf69,TM: Emit JSOP_APPLY for .call(...),4,5031,f4c625fad642c45f38c196a5d341fbb4adc7e9a67b5f00de4b655b0d83169464,play,-4.440892098500626e-16,1.0000000000000004,0.048651507139079855,1.0000000000000004,hybrid_rrf_pgvector
202,5c5048ab5587f8768830e1eca315febbbd176879c918bbcddbf0eba721f2bf69,TM: Emit JSOP_APPLY for .call(...),5,2415,57a1def17487a957a2163690aee2f5a5eae66ce67578602426582e624c2e56cf,stop,0.17976181261707458,0.8202381873829254,0.044136460554371,0.7932739154903642,hybrid_rrf_pgvector
203,3c6b31bdf010c00c54723e08aa5f6e5ed6a8c30f471c0f7e0354cd8794335344,Remove support for image-sniffing-services,1,3342,53c1e33289e84aba383be19b2723567752d8537b5fb393bd09840ce85db04e11,play,0.0,1.0,0.04891591750396616,1.05,hybrid_rrf_pgvector
203,3c6b31bdf010c00c54723e08aa5f6e5ed6a8c30f471c0f7e0354cd8794335344,Remove support for image-sniffing-services,2,2117,1486533c7fd3518dff172feae3d82b873b70f6a7dd682380aeda30a7488107f2,play,0.0,1.0,0.0471386476426799,1.05,hybrid_rrf_pgvector
203,3c6b31bdf010c00c54723e08aa5f6e5ed6a8c30f471c0f7e0354cd8794335344,Remove support for image-sniffing-services,3,4275,ab16fa988a6f9885f1dc95ec09a12cbecc8404aedb0b418b25dcbede7b1dfcef,pausa,0.0,1.0,0.047891458495966696,1.0,hybrid_rrf_pgvector
203,3c6b31bdf010c00c54723e08aa5f6e5ed6a8c30f471c0f7e0354cd8794335344,Remove support for image-sniffing-services,4,1802,d10f5156a6277b6e1309db8e2fbaacb1fe8c7c498df9bbf494441248916b8fcd,pausa,0.0,1.0,0.0471386476426799,1.0,hybrid_rrf_pgvector
203,3c6b31bdf010c00c54723e08aa5f6e5ed6a8c30f471c0f7e0354cd8794335344,Remove support for image-sniffing-services,5,3089,55c6044e5c8a3dc839d1b34524eb108b446dfc5c7c6a034943a64dc3c332b372,pausa,0.0,1.0,0.04713064713064713,1.0,hybrid_rrf_pgvector
204,b5ecac7b34a1a1075fe4874535254b206ad5512c7e279ba108a436d6634830d7,"Open ""livemark name"" ignores middle click",1,3297,e894ad8922903c5c57a73046647f51e1884df02679d61b63837cc466fa1e8d65,pausa,0.03574229813581742,0.9642577018641826,0.04918032786885246,1.0088963571438099,hybrid_rrf_pgvector
204,b5ecac7b34a1a1075fe4874535254b206ad5512c7e279ba108a436d6634830d7,"Open ""livemark name"" ignores middle click",2,3744,2ef0f7b4c2919aa5a75d9887f664733b5ac77ab89e63870550fcc093d5ac0302,pausa,0.11537073647970297,0.884629263520297,0.048131080389144903,0.9173236530483416,hybrid_rrf_pgvector
204,b5ecac7b34a1a1075fe4874535254b206ad5512c7e279ba108a436d6634830d7,"Open ""livemark name"" ignores middle click",3,745,de47e1dce4082bdc0bb1f0c497eca54f83abcf1db146bbd14438c97526ba6816,play,0.12524105076942738,0.8747589492305726,0.04787506400409626,0.8559727916151585,hybrid_rrf_pgvector
204,b5ecac7b34a1a1075fe4874535254b206ad5512c7e279ba108a436d6634830d7,"Open ""livemark name"" ignores middle click",4,850,8cc7882e69c59159053eb995ea506b2433ef37a0db01acf41de09138df4552b5,pausa,0.21462257047451072,0.7853774295254893,0.04592074592074592,0.8031840439543128,hybrid_rrf_pgvector
204,b5ecac7b34a1a1075fe4874535254b206ad5512c7e279ba108a436d6634830d7,"Open ""livemark name"" ignores middle click",5,4619,7d0c7a2b0b8e0ddcbf013f645f60d600a13b85726be13a4b1256f4d89b2da0d6,stop,0.21462257047451072,0.7853774295254893,0.04617537313432836,0.7531840439543127,hybrid_rrf_pgvector
205,7e59aec32a35cb63d6c4c6ac35fdf87a7b19315c9f0b3b56afa8f55ede8d6e3f,"""ASSERT: Can't serialize: file doesn't exist!"" at startup",1,5185,54b88dbab44b96a504d20f90a13fde63268596d15f5d67b14db8984bab52ce1f,play,0.01982715159477133,0.9801728484052287,0.04918032786885246,1.027198775666013,hybrid_rrf_pgvector
205,7e59aec32a35cb63d6c4c6ac35fdf87a7b19315c9f0b3b56afa8f55ede8d6e3f,"""ASSERT: Can't serialize: file doesn't exist!"" at startup",2,4239,5e50a9c2131a428c7dbe16a78d1b4799aa9040d4bb629ae694e0d075334902de,play,0.048171874810675086,0.9518281251893249,0.04718343765045739,0.9946023439677237,hybrid_rrf_pgvector
205,7e59aec32a35cb63d6c4c6ac35fdf87a7b19315c9f0b3b56afa8f55ede8d6e3f,"""ASSERT: Can't serialize: file doesn't exist!"" at startup",3,5009,a170a129bd9c7dd369292ee53156ba20fe85b16a0fc862a04509b804776e2084,pausa,0.1346822065698393,0.8653177934301607,0.031746031746031744,0.8451154624446848,hybrid_rrf_pgvector
205,7e59aec32a35cb63d6c4c6ac35fdf87a7b19315c9f0b3b56afa8f55ede8d6e3f,"""ASSERT: Can't serialize: file doesn't exist!"" at startup",4,2826,6079b65d18be2453a2db61d730bd2824157b1629c48b527102086c517d021e61,pausa,0.17946186929665076,0.8205381307033492,0.03125,0.7936188503088516,hybrid_rrf_pgvector
205,7e59aec32a35cb63d6c4c6ac35fdf87a7b19315c9f0b3b56afa8f55ede8d6e3f,"""ASSERT: Can't serialize: file doesn't exist!"" at startup",5,1729,6714da4a45d7402edd94abd671c5451d9e99b0062716f057f259781718ecab41,stop,0.17955888083666738,0.8204411191633326,0.02967032967032967,0.7935072870378325,hybrid_rrf_pgvector
206,5038fd3290cc7bbec4ac4640a70d2200097d887006ce6f7b0dd9c9fa8f325a33,Help TOC stalls and loses synchronization when an empty <topic> is present,1,1176,871d11267dd15683f9d96d57d7dd85996e8e2377ef333a88404b0738a6524cc3,pausa,0.13048519912771706,0.869514800872283,0.03225806451612903,0.8999420210031255,hybrid_rrf_pgvector
206,5038fd3290cc7bbec4ac4640a70d2200097d887006ce6f7b0dd9c9fa8f325a33,Help TOC stalls and loses synchronization when an empty <topic> is present,2,1921,ac7f552277dc2b8ce115c2c1fd32b2183d8888a7deba839a570a50e57c77a327,pausa,0.14689922926787335,0.8531007707321266,0.030798389007344232,0.8810658863419457,hybrid_rrf_pgvector
206,5038fd3290cc7bbec4ac4640a70d2200097d887006ce6f7b0dd9c9fa8f325a33,Help TOC stalls and loses synchronization when an empty <topic> is present,3,1830,cd38abdf58062059c6622c89df68e5931443fa46befd77b8c256b3ed9b693b13,stop,0.1270994956632181,0.8729005043367819,0.03278688524590164,0.8538355799872992,hybrid_rrf_pgvector
206,5038fd3290cc7bbec4ac4640a70d2200097d887006ce6f7b0dd9c9fa8f325a33,Help TOC stalls and loses synchronization when an empty <topic> is present,4,5710,9dff7cbaac389eafe57e73718b800ccb2eb8f84b7cee4ba9920454a1ba99e444,play,0.14689922926787335,0.8531007707321266,0.03149801587301587,0.8310658863419457,hybrid_rrf_pgvector
206,5038fd3290cc7bbec4ac4640a70d2200097d887006ce6f7b0dd9c9fa8f325a33,Help TOC stalls and loses synchronization when an empty <topic> is present,5,3350,f1421fcce89fa3935577c646b9123ebcc6e12bd7f8909e1feb015fadc3038af4,play,0.14689922926787335,0.8531007707321266,0.030309988518943745,0.8310658863419457,hybrid_rrf_pgvector
207,a36c562436028006f3f931abe4f20ab448cee1f5412d8b352f01041869382ba3,nsDocShell::GetExtendedOrigin returns false instead of NS_OK,1,2379,c4dd2af15bdb5d49f21a9cac50b0597d56630c6da638465ef21c3d300834ed25,pausa,0.038520855569942114,0.9614791444300579,0.04918032786885246,1.0057010160945665,hybrid_rrf_pgvector
207,a36c562436028006f3f931abe4f20ab448cee1f5412d8b352f01041869382ba3,nsDocShell::GetExtendedOrigin returns false instead of NS_OK,2,870,6975bd4c3f85f1ade1aa8ae1032bc89f92f37ab5da2cdf9ad179e34ad3b854a2,pausa,0.038520855569942114,0.9614791444300579,0.04838709677419355,1.0057010160945665,hybrid_rrf_pgvector
207,a36c562436028006f3f931abe4f20ab448cee1f5412d8b352f01041869382ba3,nsDocShell::GetExtendedOrigin returns false instead of NS_OK,3,3194,1dafcbd44b95d1fad4ebb99fe25b49aa3f03b277bf9b1661fa52fd5ca8c1a4ca,pausa,0.07807370122916946,0.9219262987708305,0.031746031746031744,0.9602152435864552,hybrid_rrf_pgvector
207,a36c562436028006f3f931abe4f20ab448cee1f5412d8b352f01041869382ba3,nsDocShell::GetExtendedOrigin returns false instead of NS_OK,4,1720,0161e3f71179bf412163c784fa7a7a0d13503f02f6efb7b0f74fdf951c9cafd0,pausa,0.08026212184447767,0.9197378781555223,0.043916969772983816,0.9576985598788508,hybrid_rrf_pgvector
207,a36c562436028006f3f931abe4f20ab448cee1f5412d8b352f01041869382ba3,nsDocShell::GetExtendedOrigin returns false instead of NS_OK,5,5978,4aca9fdf95585f290c2f570b16f347b31ab17e76a77510113c536b367695e5d1,stop,0.08026212184447767,0.9197378781555223,0.03125,0.9076985598788507,hybrid_rrf_pgvector
208,69860f3fb6b44a1afff5e38d13fc7f909ab7ddb029e22c2d94690eeba903f45e,glob is used uninitialized in XPCJSContextStack::GetSafeJSContext when JS_NewContext fails,1,4484,f65547a2ff20107b09df6c2320fa3f0de7f44646214a7cb24e31785fe458a6c4,play,0.19919585393257866,0.8008041460674213,0.04670343114189457,0.8209247679775346,hybrid_rrf_pgvector
208,69860f3fb6b44a1afff5e38d13fc7f909ab7ddb029e22c2d94690eeba903f45e,glob is used uninitialized in XPCJSContextStack::GetSafeJSContext when JS_NewContext fails,2,3944,1dd5bb65aabb57a25e504460818101c1d84075f163e7ae8cc898a6005238d5d8,play,0.19919585393257866,0.8008041460674213,0.046494801754268796,0.8209247679775346,hybrid_rrf_pgvector
208,69860f3fb6b44a1afff5e38d13fc7f909ab7ddb029e22c2d94690eeba903f45e,glob is used uninitialized in XPCJSContextStack::GetSafeJSContext when JS_NewContext fails,3,12,b1d975fa3524815f22fe7bd1e2ba28f523ffc93000e11579d5f5f6c753ec8158,play,0.19919585393257866,0.8008041460674213,0.030679156908665108,0.8209247679775346,hybrid_rrf_pgvector
208,69860f3fb6b44a1afff5e38d13fc7f909ab7ddb029e22c2d94690eeba903f45e,glob is used uninitialized in XPCJSContextStack::GetSafeJSContext when JS_NewContext fails,4,3038,abdeee1701b5a7838ad15c78afcd558c4a90f058e9b473918bb5d358f8da5252,play,0.19919585393257866,0.8008041460674213,0.03055037313432836,0.8209247679775346,hybrid_rrf_pgvector
208,69860f3fb6b44a1afff5e38d13fc7f909ab7ddb029e22c2d94690eeba903f45e,glob is used uninitialized in XPCJSContextStack::GetSafeJSContext when JS_NewContext fails,5,4022,862e9f6bc9d9a1fba4577d20e4c4bffb396493a571b5a97b784a45402a77f51e,stop,0.19919585393257866,0.8008041460674213,0.04556626169529395,0.7709247679775345,hybrid_rrf_pgvector
209,317cebcc884449e17b6cbb2b7a92a38d1a6f8e9a7eb88f41c5ed6563e623e066,search suggestions passes wrong previous result to form history,1,1068,6505831319365c6f308c859c50cc06e929100c7697333b0db38fc52b42db356d,play,0.037324916563164945,0.962675083436835,0.04865990111891752,1.0070763459523604,hybrid_rrf_pgvector
209,317cebcc884449e17b6cbb2b7a92a38d1a6f8e9a7eb88f41c5ed6563e623e066,search suggestions passes wrong previous result to form history,2,2420,6fe5fe90ea19758cf5fe088bceeb5b4840f4986e1341a8ca5a228e5c92453417,play,0.10232606272480793,0.8976739372751921,0.04740957966764418,0.932325027866471,hybrid_rrf_pgvector
209,317cebcc884449e17b6cbb2b7a92a38d1a6f8e9a7eb88f41c5ed6563e623e066,search suggestions passes wrong previous result to form history,3,426,5b57e4e465dff360153be9f72c56b70a106d37268e8d7d865360a33c6b3491b4,pausa,0.10232606272480793,0.8976739372751921,0.046671404880360104,0.8823250278664709,hybrid_rrf_pgvector
209,317cebcc884449e17b6cbb2b7a92a38d1a6f8e9a7eb88f41c5ed6563e623e066,search suggestions passes wrong previous result to form history,4,3975,d28c156cf069ee85ad8146b835697a318c61c2549532d38b1f0883d4ea222181,pausa,0.10589290661579276,0.8941070933842072,0.047379032258064516,0.8782231573918383,hybrid_rrf_pgvector
209,317cebcc884449e17b6cbb2b7a92a38d1a6f8e9a7eb88f41c5ed6563e623e066,search suggestions passes wrong previous result to form history,5,4410,d5b65fe6f7c8ead72be7a549e7ca0cb89859732c4744339ffba928f8943e4ade,pausa,0.1387498771786334,0.8612501228213666,0.04501587087188492,0.8404376412445715,hybrid_rrf_pgvector
210,62598dd1638dae3538b77df625d966210f0576f2e5ed200a1086a93e80826c84,Add Set/ClearFlagBits API to gfxTextRun,1,2928,f8fb54dd2a6798d32a74033725edc5265a95b9b3260a4c9e3e14a2f14cd67652,play,0.1589370343447879,0.8410629656552121,0.04918032786885246,0.8172224105034939,hybrid_rrf_pgvector
210,62598dd1638dae3538b77df625d966210f0576f2e5ed200a1086a93e80826c84,Add Set/ClearFlagBits API to gfxTextRun,2,2737,b125c421dd755a7f6fb14516799edd84548d8c1236d4d425bec28c7d6f9a1ed6,pausa,0.204923280272019,0.795076719727981,0.030834914611005692,0.8143382276871782,hybrid_rrf_pgvector
210,62598dd1638dae3538b77df625d966210f0576f2e5ed200a1086a93e80826c84,Add Set/ClearFlagBits API to gfxTextRun,3,1842,03c90e2b54313f9152722ff398a60f2cc272865771059886d1fd5afc3e5156f9,pausa,0.204923280272019,0.795076719727981,0.03055037313432836,0.8143382276871782,hybrid_rrf_pgvector
210,62598dd1638dae3538b77df625d966210f0576f2e5ed200a1086a93e80826c84,Add Set/ClearFlagBits API to gfxTextRun,4,4276,8a841f74a10d5ab26a78afb2c1ebc9c899915092af8a1ae3469dd87b953917da,pausa,0.204923280272019,0.795076719727981,0.016129032258064516,0.8143382276871782,hybrid_rrf_pgvector
210,62598dd1638dae3538b77df625d966210f0576f2e5ed200a1086a93e80826c84,Add Set/ClearFlagBits API to gfxTextRun,5,5924,5d85c794c8227499c029c0b7135641485435154ea6628a481839af2f56b69ebd,stop,0.2535198686478546,0.7464801313521454,0.016129032258064516,0.7084521510549673,hybrid_rrf_pgvector
211,fbf5a9d86b0435c0c2720a64c4a39c6ffe665671daab502e1ff5e0ce25531a82,remove the two blockChain hacks,1,5555,f73db480200ffaf0c0113bb4f3a9e1e43942882fde79f750dd550d9545367576,pausa,0.0,1.0,0.03200204813108039,1.05,hybrid_rrf_pgvector
211,fbf5a9d86b0435c0c2720a64c4a39c6ffe665671daab502e1ff5e0ce25531a82,remove the two blockChain hacks,2,5308,8d3b9d8f5463a5d273dfd2e07ed25808054386954327c53bf0bd94048dbc475f,pausa,0.0,1.0,0.030776515151515152,1.05,hybrid_rrf_pgvector
211,fbf5a9d86b0435c0c2720a64c4a39c6ffe665671daab502e1ff5e0ce25531a82,remove the two blockChain hacks,3,5914,5a60ff2c1e3aafa7c9af0426630585a3139f0e0ef9a0109cc3e84fff91cc58cc,play,0.0,1.0,0.03278688524590164,1.0,hybrid_rrf_pgvector
211,fbf5a9d86b0435c0c2720a64c4a39c6ffe665671daab502e1ff5e0ce25531a82,remove the two blockChain hacks,4,5500,3775b4e800f314c688e56ed505f8ef23524edcb48c43e706af477ed3c4e1339f,play,0.0,1.0,0.03200204813108039,1.0,hybrid_rrf_pgvector
211,fbf5a9d86b0435c0c2720a64c4a39c6ffe665671daab502e1ff5e0ce25531a82,remove the two blockChain hacks,5,5154,1cea6709090f44c12cf46a0ac11b9784fcd1f14731b33df8ae5c5d4599c2fe3d,play,0.0,1.0,0.030776515151515152,1.0,hybrid_rrf_pgvector
212,9d02dca510ffeb3d4449b4a25a6edc34677af32d2afa161a177b8343fb47b3a9,Inspector highlighter panels for partially offscreen windows are leaking out of bounds,1,4424,5868ced002e40e2eca3b5530db885a442601f1153ea74c85f090e42ca287b901,pausa,0.01541273277602373,0.9845872672239763,0.04838709677419355,1.0322753573075727,hybrid_rrf_pgvector
212,9d02dca510ffeb3d4449b4a25a6edc34677af32d2afa161a177b8343fb47b3a9,Inspector highlighter panels for partially offscreen windows are leaking out of bounds,2,5850,b0f880a6769990e02bc039fc80e382b0ec8b998f0fbfafba753fb595d57c03c8,pausa,0.01541273277602373,0.9845872672239763,0.0479384003974168,1.0322753573075727,hybrid_rrf_pgvector
212,9d02dca510ffeb3d4449b4a25a6edc34677af32d2afa161a177b8343fb47b3a9,Inspector highlighter panels for partially offscreen windows are leaking out of bounds,3,4087,6865fbedda87102f16f3f72eae15ab35951cee80b594a7f3f2918a52c98f84de,pausa,0.01541273277602373,0.9845872672239763,0.04713064713064713,1.0322753573075727,hybrid_rrf_pgvector
212,9d02dca510ffeb3d4449b4a25a6edc34677af32d2afa161a177b8343fb47b3a9,Inspector highlighter panels for partially offscreen windows are leaking out of bounds,4,3496,a618c5abf6a11a0ed2d42c4b670a1183635662cb9ed4ca812d02634bfbdf60b1,pausa,0.01541273277602373,0.9845872672239763,0.04595588235294118,1.0322753573075727,hybrid_rrf_pgvector
212,9d02dca510ffeb3d4449b4a25a6edc34677af32d2afa161a177b8343fb47b3a9,Inspector highlighter panels for partially offscreen windows are leaking out of bounds,5,1377,45a0dd906a05cde0e0c918fe3487b4ea26258e67f67116393387419ce76259d2,stop,0.01541273277602373,0.9845872672239763,0.047162673392181595,0.9822753573075728,hybrid_rrf_pgvector
213,1adf80ca43d917e520f8a1fb9b09fa256608e2731ac706a91707ca17183eb29e,cannot configure keyboard shortcuts to use Meta modifier instead of Alt,1,397,2291757d671ed774dd09c7d6835fe4feba6b3900425cd23ac43e8f4e8b023cce,play,0.09644422244357864,0.9035557775564214,0.0479384003974168,0.9390891441898847,hybrid_rrf_pgvector
213,1adf80ca43d917e520f8a1fb9b09fa256608e2731ac706a91707ca17183eb29e,cannot configure keyboard shortcuts to use Meta modifier instead of Alt,2,5983,c34edfa7f2dea078af123c1e101ab5d32a14e642d4f6bbf0b97fece3777e2a14,play,0.10350000357904099,0.896499996420959,0.047907090265630725,0.9309749958841029,hybrid_rrf_pgvector
213,1adf80ca43d917e520f8a1fb9b09fa256608e2731ac706a91707ca17183eb29e,cannot configure keyboard shortcuts to use Meta modifier instead of Alt,3,3886,4d329d053b1ced4d240ecd5f78ceb512761274789fd004fb740aef2fe25eb1ed,play,0.10350000357904099,0.896499996420959,0.04712301587301587,0.9309749958841029,hybrid_rrf_pgvector
213,1adf80ca43d917e520f8a1fb9b09fa256608e2731ac706a91707ca17183eb29e,cannot configure keyboard shortcuts to use Meta modifier instead of Alt,4,4771,3d4d9c1c7a56b9877e61d67764fb0d222e887711550bb3aef4ab3b0e3c305f9a,pausa,0.10350000357904099,0.896499996420959,0.04715356328259554,0.8809749958841029,hybrid_rrf_pgvector
213,1adf80ca43d917e520f8a1fb9b09fa256608e2731ac706a91707ca17183eb29e,cannot configure keyboard shortcuts to use Meta modifier instead of Alt,5,3067,32b88845179bb769a243bbcc6187113c03151f0cee5ffe559d2791baeddc167d,pausa,0.10350000357904099,0.896499996420959,0.04688263125763126,0.8809749958841029,hybrid_rrf_pgvector
214,32ea74afd7376a08a8d3c28bdcff46d75bc65f13678357a44dfa7da0e4f53d52,LR Parser's action class CPPBuildASTParserAction throws UnsupportedOperationException by its function consumeDeclarationSimple.,1,5169,15ddb9432a591592e2bbf4789ddf6a6b2ab96dbac8c7031fc2647ac7211247a3,pausa,0.0747472193171177,0.9252527806828823,0.04696394686907021,0.9640406977853146,hybrid_rrf_pgvector
214,32ea74afd7376a08a8d3c28bdcff46d75bc65f13678357a44dfa7da0e4f53d52,LR Parser's action class CPPBuildASTParserAction throws UnsupportedOperationException by its function consumeDeclarationSimple.,2,1372,4bc4e29a7935ba0a7d6e133612420867e22f8f71786edc00cf266836ff08c101,pausa,0.0747472193171177,0.9252527806828823,0.04486461251167133,0.9640406977853146,hybrid_rrf_pgvector
214,32ea74afd7376a08a8d3c28bdcff46d75bc65f13678357a44dfa7da0e4f53d52,LR Parser's action class CPPBuildASTParserAction throws UnsupportedOperationException by its function consumeDeclarationSimple.,3,3832,e87e71ede22e7aaaac278f16a63242a0812194b919d1b8f878612178bae6bd37,pausa,0.0747472193171177,0.9252527806828823,0.03057889822595705,0.9640406977853146,hybrid_rrf_pgvector
214,32ea74afd7376a08a8d3c28bdcff46d75bc65f13678357a44dfa7da0e4f53d52,LR Parser's action class CPPBuildASTParserAction throws UnsupportedOperationException by its function consumeDeclarationSimple.,4,3733,7bc525070bb3bdd3d9b313e3089f360320d5ca5cb7f0dce4544e683068b65a39,play,0.0747472193171177,0.9252527806828823,0.04547574626865672,0.9140406977853146,hybrid_rrf_pgvector
214,32ea74afd7376a08a8d3c28bdcff46d75bc65f13678357a44dfa7da0e4f53d52,LR Parser's action class CPPBuildASTParserAction throws UnsupportedOperationException by its function consumeDeclarationSimple.,5,711,c6dde24b8733e68405e08ca55c975d54e4a030cc977f7d89f7f207a7c0fdd546,play,0.0747472193171177,0.9252527806828823,0.030679156908665108,0.9140406977853146,hybrid_rrf_pgvector
215,aa24c2d21c50879261603984bad34075069af1bddd56d6a3c972090b21aa0cad,JSDGlobal not updated for strict property setter,1,132,215fd7b9a7c7210d71753fac9ee405c81910a6c7c66ec5f9d1b037deae43dc9d,pausa,0.01457838041388726,0.9854216195861127,0.04918032786885246,0.9832348625240297,hybrid_rrf_pgvector
215,aa24c2d21c50879261603984bad34075069af1bddd56d6a3c972090b21aa0cad,JSDGlobal not updated for strict property setter,2,1424,9b3db4e21439765a37e9b220c1e5f5448c2e623adc6e342a4f28a8091fc637bb,play,0.08914166699709891,0.9108583330029011,0.03225806451612903,0.9474870829533363,hybrid_rrf_pgvector
215,aa24c2d21c50879261603984bad34075069af1bddd56d6a3c972090b21aa0cad,JSDGlobal not updated for strict property setter,3,5291,1deb0381a88dc3a80e97afbf4f434650ce595157977decce1c1fd6cbb06a93e9,play,0.09430323707880695,0.905696762921193,0.031746031746031744,0.941551277359372,hybrid_rrf_pgvector
215,aa24c2d21c50879261603984bad34075069af1bddd56d6a3c972090b21aa0cad,JSDGlobal not updated for strict property setter,4,3421,ec2e7cf4afdba61420bf359e518ad455c4eb82d6c9c47c0bfddb7e7470143835,play,0.1175473294478776,0.8824526705521224,0.043697478991596636,0.9148205711349408,hybrid_rrf_pgvector
215,aa24c2d21c50879261603984bad34075069af1bddd56d6a3c972090b21aa0cad,JSDGlobal not updated for strict property setter,5,3107,cce80b704153995921008c39f9e94278deeaa8451c3e08d2befb7cc49648e4ea,pausa,0.11525452080471343,0.8847454791952866,0.04455662862159789,0.8674573010745795,hybrid_rrf_pgvector
216,c0909f841bfaad4ea32046ac1724f8e55e7d0ec64fd45ff3adcf2c768587e235,gfxPlatformGtk::CreateOffscreenSurface uses a GdkPixmap with no GdkColormap,1,5677,fd888eb532a2e9612321048d122a172b3be893f1b8dbb306d742ebe7739946b7,pausa,0.0,1.0,0.04865990111891752,1.05,hybrid_rrf_pgvector
216,c0909f841bfaad4ea32046ac1724f8e55e7d0ec64fd45ff3adcf2c768587e235,gfxPlatformGtk::CreateOffscreenSurface uses a GdkPixmap with no GdkColormap,2,4785,a1e6c5ed5e86d1d1f7e6955ffcc0603ee7aa42dddc82efcd52bf1dc8464eecec,pausa,0.0,1.0,0.04740957966764418,1.05,hybrid_rrf_pgvector
216,c0909f841bfaad4ea32046ac1724f8e55e7d0ec64fd45ff3adcf2c768587e235,gfxPlatformGtk::CreateOffscreenSurface uses a GdkPixmap with no GdkColormap,3,2585,a59f3f2d458387689197e9f2fafaa315d3d7bde52be7abe583cfa3a2a6f1b5b4,pausa,0.0,1.0,0.046470330908794336,1.05,hybrid_rrf_pgvector
216,c0909f841bfaad4ea32046ac1724f8e55e7d0ec64fd45ff3adcf2c768587e235,gfxPlatformGtk::CreateOffscreenSurface uses a GdkPixmap with no GdkColormap,4,2624,aa023c2b32df9ab57f9500c49e149d3981f7add72c23b013ac51ceccd0dbb707,play,0.0,1.0,0.04666516279419505,1.0,hybrid_rrf_pgvector
216,c0909f841bfaad4ea32046ac1724f8e55e7d0ec64fd45ff3adcf2c768587e235,gfxPlatformGtk::CreateOffscreenSurface uses a GdkPixmap with no GdkColormap,5,4222,b0f24ecdff6cf5dec23378e44c9148058b4fbc224e6ac12c19616bbfaf93b38b,play,0.0,1.0,0.04599076949620428,1.0,hybrid_rrf_pgvector
217,a5c879ec847c506f32b1ff41f9c96912c4a103eecbac90ebfe037d699f39ae85,[formatter] Comment formatter fails to format long strings in @see references,1,5193,1c4fe8b762a39645ccff4b89271787361a52d4e6fd7eb95ad5ad15bcf1e1e297,play,0.15917425314307376,0.8408257468569262,0.04918032786885246,0.8669496088854652,hybrid_rrf_pgvector
217,a5c879ec847c506f32b1ff41f9c96912c4a103eecbac90ebfe037d699f39ae85,[formatter] Comment formatter fails to format long strings in @see references,2,5382,39e527d8e9c789ca7503f0f485f178141ce89a927f04735e892a8d45531ea215,play,0.16421678160689135,0.8357832183931087,0.04764267990074442,0.861150701152075,hybrid_rrf_pgvector
217,a5c879ec847c506f32b1ff41f9c96912c4a103eecbac90ebfe037d699f39ae85,[formatter] Comment formatter fails to format long strings in @see references,3,5008,f8ec58b9fa1dbccdd4a7d389f18d98d2afaae0a9324a2b7b75352791dae6151e,play,0.16421678160689135,0.8357832183931087,0.047371031746031744,0.861150701152075,hybrid_rrf_pgvector
217,a5c879ec847c506f32b1ff41f9c96912c4a103eecbac90ebfe037d699f39ae85,[formatter] Comment formatter fails to format long strings in @see references,4,4475,113d2952be0ce0f998acad680d9e80fdbc951af471ab53f05d3f84df543952a1,play,0.16421678160689135,0.8357832183931087,0.04640151515151515,0.861150701152075,hybrid_rrf_pgvector
217,a5c879ec847c506f32b1ff41f9c96912c4a103eecbac90ebfe037d699f39ae85,[formatter] Comment formatter fails to format long strings in @see references,5,5586,8daf6eb943d95886f0dc5137eb5cd664b3c1c447fa42d908dd7b0d32e8f0b5b7,pausa,0.25234396394880854,0.7476560360511915,0.04689826302729529,0.7098044414588702,hybrid_rrf_pgvector
218,db94c8cb0da8432d50068e2907d000ebcc7e85c68138f9fd33e005b85f9585e4,Tons of jobs from from open type/resouce hanging around,1,2261,31689dd7ecc0a1b011c1b054ae89ed93acbe9c66b594cc63900cffce096a1265,play,0.05063401106245302,0.949365988937547,0.04918032786885246,0.9917708872781791,hybrid_rrf_pgvector
218,db94c8cb0da8432d50068e2907d000ebcc7e85c68138f9fd33e005b85f9585e4,Tons of jobs from from open type/resouce hanging around,2,4944,66447cb709146843108a7f22b180d90708ebeb8f7a53305f01d00e158b0b98f3,pausa,0.14419478138032327,0.8558052186196767,0.04526926877470356,0.8341760014126283,hybrid_rrf_pgvector
218,db94c8cb0da8432d50068e2907d000ebcc7e85c68138f9fd33e005b85f9585e4,Tons of jobs from from open type/resouce hanging around,3,4012,ca269c0a8ed0ae7c0bd6019315688d7ff495134ec801007c79e972dc984ac4cd,pausa,0.14419478138032327,0.8558052186196767,0.04524201288907172,0.8341760014126283,hybrid_rrf_pgvector
218,db94c8cb0da8432d50068e2907d000ebcc7e85c68138f9fd33e005b85f9585e4,Tons of jobs from from open type/resouce hanging around,4,4172,d44b8978cab3ab4d468707179af788f272c07598bb4b95332cd8d1950169c887,pausa,0.14419478138032327,0.8558052186196767,0.04501587087188492,0.8341760014126283,hybrid_rrf_pgvector
218,db94c8cb0da8432d50068e2907d000ebcc7e85c68138f9fd33e005b85f9585e4,Tons of jobs from from open type/resouce hanging around,5,5017,3f8265c63e30096b2601011760b8598d38a33856cfaa12d96adac5df133829ea,pausa,0.14419478138032327,0.8558052186196767,0.04501587087188492,0.8341760014126283,hybrid_rrf_pgvector
219,3c23a88240788a6cab4951b597076c7fdd83ceaa56001b9d942ad031cd6c4a5f,"""Marker id: 1012046 not found"" in log",1,5170,6a28304938086b5e1d72254c6a872a502a71ca142412213c99566da29f074bd1,play,0.1395941328613789,0.8604058671386211,0.04918032786885246,0.8894667472094143,hybrid_rrf_pgvector
219,3c23a88240788a6cab4951b597076c7fdd83ceaa56001b9d942ad031cd6c4a5f,"""Marker id: 1012046 not found"" in log",2,5294,e7aa505db1a91a2032236568aec70e79a81f5ea5d8778363d054163f5735c12b,stop,0.17314311417207817,0.8268568858279218,0.04838709677419355,0.80088541870211,hybrid_rrf_pgvector
219,3c23a88240788a6cab4951b597076c7fdd83ceaa56001b9d942ad031cd6c4a5f,"""Marker id: 1012046 not found"" in log",3,928,095ace107722fdaffb3a5d687053742b8cedc25bffd0d2e66cd7d206724136ef,play,0.31329826751291034,0.6867017324870897,0.04500226142017187,0.6897069923601531,hybrid_rrf_pgvector
219,3c23a88240788a6cab4951b597076c7fdd83ceaa56001b9d942ad031cd6c4a5f,"""Marker id: 1012046 not found"" in log",4,3616,4f347870060e4a3f05ee02004ac9dfeb65272a1830fcc62e2f224b075c2269c6,pausa,0.3092988193922539,0.6907011806077461,0.04458874458874459,0.644306357698908,hybrid_rrf_pgvector
219,3c23a88240788a6cab4951b597076c7fdd83ceaa56001b9d942ad031cd6c4a5f,"""Marker id: 1012046 not found"" in log",5,1678,993171242754ff6cc44d8cb5b38e56e7627b36a2d14de81c9362c52d07185ad6,pausa,0.3697435304762149,0.6302564695237851,0.04419642857142857,0.5747949399523529,hybrid_rrf_pgvector
220,2749d02a325d97d7e43895648a5e3d79988c2dfa9d9efaca457a2786b8a5961f,D3D9 Containers should hold a reference to children,1,2025,4ffce942c99aa1809fd709ac4bf2f855da260b2424dc349078e3f072842e83a9,pausa,0.0755188656758976,0.9244811343241024,0.04918032786885246,0.9631533044727179,hybrid_rrf_pgvector
220,2749d02a325d97d7e43895648a5e3d79988c2dfa9d9efaca457a2786b8a5961f,D3D9 Containers should hold a reference to children,2,1574,c230a0ab0473e3cda8295530309f695720111dc411ac4de04cc2dad25bdb574f,pausa,0.08490518290686988,0.9150948170931301,0.048131080389144903,0.9523590396570997,hybrid_rrf_pgvector
220,2749d02a325d97d7e43895648a5e3d79988c2dfa9d9efaca457a2786b8a5961f,D3D9 Containers should hold a reference to children,3,3013,50c7a808086bf888d989cff64e99d5a95cd873f7fd61c4702ea802030cfe338f,stop,0.21900159114398776,0.7809984088560122,0.031746031746031744,0.748148170184414,hybrid_rrf_pgvector
220,2749d02a325d97d7e43895648a5e3d79988c2dfa9d9efaca457a2786b8a5961f,D3D9 Containers should hold a reference to children,4,5724,8dd022ebedfb399d1820a8058e97eca8b307436fec842270aba296bcd9ccc451,pausa,0.39133172451918496,0.608668275480815,0.030090497737556562,0.5999685168029374,hybrid_rrf_pgvector
220,2749d02a325d97d7e43895648a5e3d79988c2dfa9d9efaca457a2786b8a5961f,D3D9 Containers should hold a reference to children,5,5021,14e6726905649e403a0c5b0d6a65239d9eadfcf15a93194fe5de52f25fa09382,play,0.36962502603011893,0.6303749739698811,0.03125,0.5749312200653632,hybrid_rrf_pgvector
221,9eba628a492d271f995c3d31403c70e0b298999f263351de038291a6d5b1eec9,nsAsyncRedirectVerifyHelper.cpp compilation failure,1,1019,9dcc4b7e0bf68843338a19cbaeb0d479e9c8b7458f0ee32beb50b7a57fb3f92d,stop,0.12919571800381124,0.8708042819961888,0.032266458495966696,0.9014249242956172,hybrid_rrf_pgvector
221,9eba628a492d271f995c3d31403c70e0b298999f263351de038291a6d5b1eec9,nsAsyncRedirectVerifyHelper.cpp compilation failure,2,616,d799c9a3bf5b084a694372e6f78b3f3e8565a3d36bc28e1a3557eee8653d23b4,stop,0.12919571800381124,0.8708042819961888,0.030776515151515152,0.9014249242956172,hybrid_rrf_pgvector
221,9eba628a492d271f995c3d31403c70e0b298999f263351de038291a6d5b1eec9,nsAsyncRedirectVerifyHelper.cpp compilation failure,3,80,ce84b7393b19e9f3ee556b38eabdf23dac14e6b5bfcfce0b7c52bdfebd7637be,stop,0.12919571800381124,0.8708042819961888,0.030679156908665108,0.9014249242956172,hybrid_rrf_pgvector
221,9eba628a492d271f995c3d31403c70e0b298999f263351de038291a6d5b1eec9,nsAsyncRedirectVerifyHelper.cpp compilation failure,4,314,2944b0dbf3e3a9444c727d9ea88f340ea753876e49258eec2a4a19451c5db30a,stop,0.12919571800381124,0.8708042819961888,0.02919863597612958,0.9014249242956172,hybrid_rrf_pgvector
221,9eba628a492d271f995c3d31403c70e0b298999f263351de038291a6d5b1eec9,nsAsyncRedirectVerifyHelper.cpp compilation failure,5,2725,8d26e1e9652f5a9b9dee6ac9c68dda8e6cbc24d5b38ea36586ef4c82d408817e,pausa,0.18414030984355712,0.8158596901564429,0.01639344262295082,0.7882386436799094,hybrid_rrf_pgvector
222,3b7d81340ef1129a03dbc67ac3c1154316c76f42a4db80dc178d62bec445c4e2,test_contextmenu.html's IsCommandEnabled calls can be dispatched to the wrong element,1,3011,87888d001c0473251cb2ac2bcd1e5588d7396a2910bca3fdbdd281ad4eb8bc5e,play,0.11975783079056113,0.8802421692094389,0.048915917503966164,0.9122784945908547,hybrid_rrf_pgvector
222,3b7d81340ef1129a03dbc67ac3c1154316c76f42a4db80dc178d62bec445c4e2,test_contextmenu.html's IsCommandEnabled calls can be dispatched to the wrong element,2,5606,b492247b1cf130f4e99015b6e08763b279e1b70de3e43591b66daca1b5f3718b,play,0.2197143513527937,0.7802856486472063,0.04813947436898257,0.7973284959442872,hybrid_rrf_pgvector
222,3b7d81340ef1129a03dbc67ac3c1154316c76f42a4db80dc178d62bec445c4e2,test_contextmenu.html's IsCommandEnabled calls can be dispatched to the wrong element,3,3101,901b87fa246b6881ecef578840873800e7aa33566507fb0f706c7e119c2d92f2,play,0.28999274311206824,0.7100072568879318,0.04456964190903192,0.7165083454211215,hybrid_rrf_pgvector
222,3b7d81340ef1129a03dbc67ac3c1154316c76f42a4db80dc178d62bec445c4e2,test_contextmenu.html's IsCommandEnabled calls can be dispatched to the wrong element,4,4860,c1ca48faa16850a1f632405f39049b57751870c8b14fd4c6e5914585f6915ef5,pausa,0.28999274311206824,0.7100072568879318,0.044143111790170615,0.6665083454211215,hybrid_rrf_pgvector
222,3b7d81340ef1129a03dbc67ac3c1154316c76f42a4db80dc178d62bec445c4e2,test_contextmenu.html's IsCommandEnabled calls can be dispatched to the wrong element,5,250,540987b65e9457567cdeddd3fe505f1837fecf55b2a9bef08614c58290e0d8f6,pausa,0.28999274311206824,0.7100072568879318,0.0432712215320911,0.6665083454211215,hybrid_rrf_pgvector
223,709f485136a3c2d639a52a4eb7edd89ee9906fffd5125d1d9a7d5a8015a2b268,"Cannot create ""Blogs & News Feed"" or ""Newsgroup"" account",1,0,737a8c586e01a3db3f0e7f8cdf0146c83a33197e8d2e8f1ab813f7fbb5ddbbae,play,1.0,0.0,0.03278688524590164,-0.09999999999999999,hybrid_rrf_pgvector
223,709f485136a3c2d639a52a4eb7edd89ee9906fffd5125d1d9a7d5a8015a2b268,"Cannot create ""Blogs & News Feed"" or ""Newsgroup"" account",2,2,50f50c77354314a73686fd77a1e2c3b3b4b8a48d5bbfdc5391409e149234c098,play,1.0,0.0,0.031746031746031744,-0.09999999999999999,hybrid_rrf_pgvector
223,709f485136a3c2d639a52a4eb7edd89ee9906fffd5125d1d9a7d5a8015a2b268,"Cannot create ""Blogs & News Feed"" or ""Newsgroup"" account",3,1,7175846e309b39507fa4c4cfa3ee674c5626208653c00dcf439122eea5f9aec0,pausa,1.0,0.0,0.03225806451612903,-0.15,hybrid_rrf_pgvector
223,709f485136a3c2d639a52a4eb7edd89ee9906fffd5125d1d9a7d5a8015a2b268,"Cannot create ""Blogs & News Feed"" or ""Newsgroup"" account",4,3,08db3dc49103c8ccfff8b8dd59d2b8fa79ebca6f181aec85d18c2d9e440dc33f,pausa,1.0,0.0,0.03125,-0.15,hybrid_rrf_pgvector
223,709f485136a3c2d639a52a4eb7edd89ee9906fffd5125d1d9a7d5a8015a2b268,"Cannot create ""Blogs & News Feed"" or ""Newsgroup"" account",5,4,c020e3e61c72b8025cbdaa2c813ae36f00080d2900b13a19128931d6d15dd411,stop,1.0,0.0,0.03076923076923077,-0.15,hybrid_rrf_pgvector
224,5dbdd2c0f3388cc9f26c75b54f5681bb4af1e75a29a18496690cf55676fc9525,"""Search in Bookmarks & History"" text should be ""Search in Bookmarks""",1,2424,132cc9abd567de6ab1803e4553579bf3fb5b3397eafb515f2027ac3726ecc6a7,pausa,0.13298767024245362,0.8670123297575464,0.048915917503966164,0.8970641792211784,hybrid_rrf_pgvector
224,5dbdd2c0f3388cc9f26c75b54f5681bb4af1e75a29a18496690cf55676fc9525,"""Search in Bookmarks & History"" text should be ""Search in Bookmarks""",2,2911,d32da95f6be2e12409f00d3870528c4c30378053e024b39e5c84a37693f0bf71,pausa,0.13818726482976573,0.8618127351702343,0.048651507139079855,0.8910846454457695,hybrid_rrf_pgvector
224,5dbdd2c0f3388cc9f26c75b54f5681bb4af1e75a29a18496690cf55676fc9525,"""Search in Bookmarks & History"" text should be ""Search in Bookmarks""",3,1945,6a0ee5f5b0d165c645fe52237be399eba0355469f7410624117a65d7511cf930,play,0.14915307725497784,0.8508469227450222,0.031746031746031744,0.8284739611567755,hybrid_rrf_pgvector
224,5dbdd2c0f3388cc9f26c75b54f5681bb4af1e75a29a18496690cf55676fc9525,"""Search in Bookmarks & History"" text should be ""Search in Bookmarks""",4,4209,fec38f1f7be80bb66702ead3d8c993c6c61a89f332da969756d878ad10c6b77d,play,0.1711894883551025,0.8288105116448975,0.03125,0.8031320883916321,hybrid_rrf_pgvector
224,5dbdd2c0f3388cc9f26c75b54f5681bb4af1e75a29a18496690cf55676fc9525,"""Search in Bookmarks & History"" text should be ""Search in Bookmarks""",5,2950,b1d5c05c250c18378393a2b1e1ba5fc52da5c7d2180d98d3a06b46467c23015d,play,0.23549097144115094,0.7645090285588491,0.046176046176046176,0.7291853828426764,hybrid_rrf_pgvector
225,f36788ba330b5f5c4348ec156410d33a95bd7c1134fbbb8bcdc83565bca70872,[jsd] incorrect lineExtent when a while loop ends a method,1,0,737a8c586e01a3db3f0e7f8cdf0146c83a33197e8d2e8f1ab813f7fbb5ddbbae,play,1.0,0.0,0.03278688524590164,-0.09999999999999999,hybrid_rrf_pgvector
225,f36788ba330b5f5c4348ec156410d33a95bd7c1134fbbb8bcdc83565bca70872,[jsd] incorrect lineExtent when a while loop ends a method,2,2,50f50c77354314a73686fd77a1e2c3b3b4b8a48d5bbfdc5391409e149234c098,play,1.0,0.0,0.031746031746031744,-0.09999999999999999,hybrid_rrf_pgvector
225,f36788ba330b5f5c4348ec156410d33a95bd7c1134fbbb8bcdc83565bca70872,[jsd] incorrect lineExtent when a while loop ends a method,3,1,7175846e309b39507fa4c4cfa3ee674c5626208653c00dcf439122eea5f9aec0,pausa,1.0,0.0,0.03225806451612903,-0.15,hybrid_rrf_pgvector
225,f36788ba330b5f5c4348ec156410d33a95bd7c1134fbbb8bcdc83565bca70872,[jsd] incorrect lineExtent when a while loop ends a method,4,3,08db3dc49103c8ccfff8b8dd59d2b8fa79ebca6f181aec85d18c2d9e440dc33f,pausa,1.0,0.0,0.03125,-0.15,hybrid_rrf_pgvector
225,f36788ba330b5f5c4348ec156410d33a95bd7c1134fbbb8bcdc83565bca70872,[jsd] incorrect lineExtent when a while loop ends a method,5,4,c020e3e61c72b8025cbdaa2c813ae36f00080d2900b13a19128931d6d15dd411,stop,1.0,0.0,0.03076923076923077,-0.15,hybrid_rrf_pgvector
226,0a0b6f265ce5869906b5f59658f63bcea9b192f8a1793acedb58ab9687f20550,Text sometime not fire verify event,1,2089,9df9ccb20fdf06268a48f2f1e120f1845e40eb70669bd3b68a769b0aa125f401,play,0.056496282643689444,0.9435037173563106,0.04529114263053263,0.9850292749597572,hybrid_rrf_pgvector
226,0a0b6f265ce5869906b5f59658f63bcea9b192f8a1793acedb58ab9687f20550,Text sometime not fire verify event,2,1760,0e50cb1065068a1d9c2e6a946f115a4fd232c4b2f516c31d69cf314dbb029f7f,play,0.056496282643689444,0.9435037173563106,0.031024531024531024,0.9850292749597572,hybrid_rrf_pgvector
226,0a0b6f265ce5869906b5f59658f63bcea9b192f8a1793acedb58ab9687f20550,Text sometime not fire verify event,3,531,73f9c73bbe93e7652544178c1944734c6b2f6f77be4bc0402285a646f753d08b,play,0.056496282643689444,0.9435037173563106,0.0304147465437788,0.9850292749597572,hybrid_rrf_pgvector
226,0a0b6f265ce5869906b5f59658f63bcea9b192f8a1793acedb58ab9687f20550,Text sometime not fire verify event,4,2458,efd00d0f98e465359288aaa55924709ac754f96b30bcb60efb0881c783e1cf3e,stop,0.056496282643689444,0.9435037173563106,0.03177805800756621,0.9350292749597572,hybrid_rrf_pgvector
226,0a0b6f265ce5869906b5f59658f63bcea9b192f8a1793acedb58ab9687f20550,Text sometime not fire verify event,5,1727,b7bb739c40faab1f858e02e3f0f0fe572597c04320797ae9093a8efc2bd872d9,pausa,0.056496282643689444,0.9435037173563106,0.03131881575727918,0.9350292749597572,hybrid_rrf_pgvector
227,26939377f44c2fb2a579c2cc5dfbcaa5ce7a8345bbe62ee1e2a4dfc788557f78,Boundary condition error in Array.prototype.push implementation for non-arrays near max-array-index limit,1,2295,21be884b4aafa35a6e0aa15089ad7036ea72d3adeaa4c1290ef0c25c622f0ab1,play,0.21624419595060906,0.7837558040493909,0.0479384003974168,0.7513191746567995,hybrid_rrf_pgvector
227,26939377f44c2fb2a579c2cc5dfbcaa5ce7a8345bbe62ee1e2a4dfc788557f78,Boundary condition error in Array.prototype.push implementation for non-arrays near max-array-index limit,2,3331,8d35d689edeeaea0aacb5f8b5260759e38a58d84f5ca579b44a9db14b660a22c,pausa,0.3175798664454299,0.6824201335545701,0.03225806451612903,0.6847831535877557,hybrid_rrf_pgvector
227,26939377f44c2fb2a579c2cc5dfbcaa5ce7a8345bbe62ee1e2a4dfc788557f78,Boundary condition error in Array.prototype.push implementation for non-arrays near max-array-index limit,3,2015,88e19a74eb889bf84a1b3edfc5db6e953f2e4cea430fe6058682c53a0cc7a420,pausa,0.32356838474149074,0.6764316152585093,0.031746031746031744,0.6778963575472857,hybrid_rrf_pgvector
227,26939377f44c2fb2a579c2cc5dfbcaa5ce7a8345bbe62ee1e2a4dfc788557f78,Boundary condition error in Array.prototype.push implementation for non-arrays near max-array-index limit,4,2981,c91562b1108363b578192284e3ef45a45a1a9dce05985132fe1bdf2a2f1cfe63,play,0.3383905415039896,0.6616094584960104,0.03125,0.610850877270412,hybrid_rrf_pgvector
227,26939377f44c2fb2a579c2cc5dfbcaa5ce7a8345bbe62ee1e2a4dfc788557f78,Boundary condition error in Array.prototype.push implementation for non-arrays near max-array-index limit,5,4910,329444ddaa71da5ef056dec592020775d9f6a8e24d2628dbb081c837fee3f4ea,play,0.3531512745512285,0.6468487254487715,0.030536130536130537,0.5938760342660871,hybrid_rrf_pgvector
228,47348fccc8c9f3a3bdc291169e76b60a897a5738755b31d0f5baeb00718582aa,Compiler warning @ txMozillaTextOutput::createResultDocument in txMozillaTextOutput.cpp line 285,1,5140,3bdea92da3b04eff956fdf50f123fd0f1ad5a1386e03aff853bd78948ecea36f,pausa,0.049750864076766654,0.9502491359232333,0.04918032786885246,0.9927865063117184,hybrid_rrf_pgvector
228,47348fccc8c9f3a3bdc291169e76b60a897a5738755b31d0f5baeb00718582aa,Compiler warning @ txMozillaTextOutput::createResultDocument in txMozillaTextOutput.cpp line 285,2,3152,dc0fc4ff586716b3df42a8b7a11b6e0e17d25665624bf598f63d2a6d717bba1b,pausa,0.049750864076766654,0.9502491359232333,0.04838709677419355,0.9927865063117184,hybrid_rrf_pgvector
228,47348fccc8c9f3a3bdc291169e76b60a897a5738755b31d0f5baeb00718582aa,Compiler warning @ txMozillaTextOutput::createResultDocument in txMozillaTextOutput.cpp line 285,3,836,06865ba2ef55436f9f3e0d83fbab4387fbf2b3f62d7e95f4afeca9a791d4d78d,pausa,0.07608420930069237,0.9239157906993076,0.04712301587301587,0.9625031593042038,hybrid_rrf_pgvector
228,47348fccc8c9f3a3bdc291169e76b60a897a5738755b31d0f5baeb00718582aa,Compiler warning @ txMozillaTextOutput::createResultDocument in txMozillaTextOutput.cpp line 285,4,3012,ba839140ae3bdba4683a41ae214fc154586adef5544bc8842625ce0b7350a1f1,pausa,0.07608420930069237,0.9239157906993076,0.04688263125763126,0.9625031593042038,hybrid_rrf_pgvector
228,47348fccc8c9f3a3bdc291169e76b60a897a5738755b31d0f5baeb00718582aa,Compiler warning @ txMozillaTextOutput::createResultDocument in txMozillaTextOutput.cpp line 285,5,3102,2e54a6baad5c420951f5eed0b56ab4e570eee9ab04a82643683e260bd5b237b2,play,0.10124797980084732,0.8987520201991527,0.03076923076923077,0.8835648232290256,hybrid_rrf_pgvector
229,3bc12ea5911c6a743716737c8a0abf288318cec5f6b29e5abcea106c118e6706,[TM] Recent changes in tracemonkey break Sparc build.,1,4510,0eab5b963091ce111001dd8f9ea0b8a523683440b7bbefddd267d7c974cb165a,pausa,0.052545931250168376,0.9474540687498316,0.04918032786885246,0.9895721790623064,hybrid_rrf_pgvector
229,3bc12ea5911c6a743716737c8a0abf288318cec5f6b29e5abcea106c118e6706,[TM] Recent changes in tracemonkey break Sparc build.,2,1819,43c5c7ea77345fcff30defaeae8446b35197c7906f3d1a8b0aa5d66485827faf,pausa,0.06488942639497641,0.9351105736050236,0.04596351361057244,0.9753771596457772,hybrid_rrf_pgvector
229,3bc12ea5911c6a743716737c8a0abf288318cec5f6b29e5abcea106c118e6706,[TM] Recent changes in tracemonkey break Sparc build.,3,3736,b8b6d96af63a66d882361965f20ddb975415d068b935e799b97cf689bfda44b9,pausa,0.06488942639497641,0.9351105736050236,0.045934988518943745,0.9753771596457772,hybrid_rrf_pgvector
229,3bc12ea5911c6a743716737c8a0abf288318cec5f6b29e5abcea106c118e6706,[TM] Recent changes in tracemonkey break Sparc build.,4,5886,70680037cfdda2fe7ccedc60b3408ae831715b72fa1909f3d628eefb7a1e5c7d,play,0.06488942639497641,0.9351105736050236,0.04740957966764418,0.9253771596457772,hybrid_rrf_pgvector
229,3bc12ea5911c6a743716737c8a0abf288318cec5f6b29e5abcea106c118e6706,[TM] Recent changes in tracemonkey break Sparc build.,5,5480,20c03877aeb056db8366e611bdccfe91fe8f0bc00ebd50954eecffb515743a45,play,0.06488942639497641,0.9351105736050236,0.047371031746031744,0.9253771596457772,hybrid_rrf_pgvector
230,6be69a87b0c5f9cecd390be5b62a0cec4b40021c0ae2ab58a07977d9a5017d48,cairo leak in nsNativeThemeGTK::DrawWidgetBackground,1,5400,84854eb89328b99b5ea0013102157712cdc8bc7881c44c0349b2f52dd06ffe4a,play,0.11704114347507844,0.8829588565249216,0.047379032258064516,0.9154026850036598,hybrid_rrf_pgvector
230,6be69a87b0c5f9cecd390be5b62a0cec4b40021c0ae2ab58a07977d9a5017d48,cairo leak in nsNativeThemeGTK::DrawWidgetBackground,2,5343,f962852e0b07a711a416669b335d2e65d83043c5ce848350606f3d3255ffc53f,play,0.11704114347507844,0.8829588565249216,0.046897546897546896,0.9154026850036598,hybrid_rrf_pgvector
230,6be69a87b0c5f9cecd390be5b62a0cec4b40021c0ae2ab58a07977d9a5017d48,cairo leak in nsNativeThemeGTK::DrawWidgetBackground,3,5479,0fd291c6d460d61d0dc640d32ddc57e5356849a4ae1c5ff7a0f4dce5cac7abdb,pausa,0.11704114347507844,0.8829588565249216,0.048915917503966164,0.8654026850036598,hybrid_rrf_pgvector
230,6be69a87b0c5f9cecd390be5b62a0cec4b40021c0ae2ab58a07977d9a5017d48,cairo leak in nsNativeThemeGTK::DrawWidgetBackground,4,5305,914198683e43616f980680c596c843ff5031b5ab88c081078a780f97d9d5412f,stop,0.11704114347507844,0.8829588565249216,0.046679405392392875,0.8654026850036598,hybrid_rrf_pgvector
230,6be69a87b0c5f9cecd390be5b62a0cec4b40021c0ae2ab58a07977d9a5017d48,cairo leak in nsNativeThemeGTK::DrawWidgetBackground,5,4439,4743158b82778a111d5711aca005478862e5bc9e096491433eeca196577c5709,stop,0.11704114347507844,0.8829588565249216,0.04664224664224664,0.8654026850036598,hybrid_rrf_pgvector
231,7e11540737728acbea5b84a73f16a4c66c4efe23741eac10298d0a84cfb4a496,ensure that web app install caches them into app cache,1,4861,4f35fba0953af158306c34dcc7b7a6823a0bf7b653bc50056b075aa7d03164f8,pausa,0.03526611657824019,0.9647338834217598,0.04838709677419355,1.0094439659350238,hybrid_rrf_pgvector
231,7e11540737728acbea5b84a73f16a4c66c4efe23741eac10298d0a84cfb4a496,ensure that web app install caches them into app cache,2,3003,eb232c5cf9917e7ac52f93318f2a096e430e27c689784154f1120e2e759091a1,pausa,0.03526611657824019,0.9647338834217598,0.047619047619047616,1.0094439659350238,hybrid_rrf_pgvector
231,7e11540737728acbea5b84a73f16a4c66c4efe23741eac10298d0a84cfb4a496,ensure that web app install caches them into app cache,3,2617,298ddc164b418b60c7919769fa04097f8955fcd6f1d9b8eeaf1cf94cb0bb542e,pausa,0.03526611657824019,0.9647338834217598,0.046875,1.0094439659350238,hybrid_rrf_pgvector
231,7e11540737728acbea5b84a73f16a4c66c4efe23741eac10298d0a84cfb4a496,ensure that web app install caches them into app cache,4,5836,677756a435f6a828a52092a46cec118b64dcd8646bced0b031a35070c97c1430,play,0.03526611657824019,0.9647338834217598,0.04918032786885246,0.9594439659350238,hybrid_rrf_pgvector
231,7e11540737728acbea5b84a73f16a4c66c4efe23741eac10298d0a84cfb4a496,ensure that web app install caches them into app cache,5,3151,8bb1c5d1a0092c5a72762294d4bcd2cf0fdbffea81183be18f919adb5d2c1fb0,play,0.10308499804371896,0.896915001956281,0.04526198439241918,0.8814522522497232,hybrid_rrf_pgvector
232,4bede0fd5174db17d4c031c2bd0bbc7f7356ae49f102bb5735ddde7c7764bb3a,::first-line and ::first-letter - font-size and font-weight is propagated to all lines of affected block.,1,1835,17cc4eea46c6bab7c93e7aabec5646781068fbf8b5097af855e60b2835b24431,pausa,0.006570659843989857,0.9934293401560101,0.048651507139079855,1.0424437411794116,hybrid_rrf_pgvector
232,4bede0fd5174db17d4c031c2bd0bbc7f7356ae49f102bb5735ddde7c7764bb3a,::first-line and ::first-letter - font-size and font-weight is propagated to all lines of affected block.,2,5585,03081f89cbd8a519e303dc41cc61a3e4b7e2e2d8557810f5990978efb41cd2a2,pausa,0.031454660111316146,0.9685453398886839,0.031746031746031744,1.0138271408719863,hybrid_rrf_pgvector
232,4bede0fd5174db17d4c031c2bd0bbc7f7356ae49f102bb5735ddde7c7764bb3a,::first-line and ::first-letter - font-size and font-weight is propagated to all lines of affected block.,3,1464,05f8b220a5354d600975976f2883c8f1a02d7120a1c400d38cc66a823d50749f,pausa,0.031454660111316146,0.9685453398886839,0.03076923076923077,1.0138271408719863,hybrid_rrf_pgvector
232,4bede0fd5174db17d4c031c2bd0bbc7f7356ae49f102bb5735ddde7c7764bb3a,::first-line and ::first-letter - font-size and font-weight is propagated to all lines of affected block.,4,1925,915eca9fb5f67c3a1a2bfce3080b644c3f3fb26e0be23f506c74fc336b08ed3d,play,0.006570659843989857,0.9934293401560101,0.048915917503966164,0.9924437411794117,hybrid_rrf_pgvector
232,4bede0fd5174db17d4c031c2bd0bbc7f7356ae49f102bb5735ddde7c7764bb3a,::first-line and ::first-letter - font-size and font-weight is propagated to all lines of affected block.,5,3581,18c64271799585ee0e93b615ebf9067be0691bba6bade29703546a188fd3c562,play,0.031454660111316146,0.9685453398886839,0.03125,0.9638271408719864,hybrid_rrf_pgvector
233,89cff7709759a822034aacfd8ade8ac793e08839a7950333dde1677ec467b74d,Handle null and undefined as correct values instead of converted to strings on USSDReceivedEventDict::message,1,4215,ebcdefdadd9aa5a72f955832f0aca6516dfbe9f7cdf30215a67e2862dc4530b2,play,0.19709469384457678,0.8029053061554232,0.04918032786885246,0.8233411020787368,hybrid_rrf_pgvector
233,89cff7709759a822034aacfd8ade8ac793e08839a7950333dde1677ec467b74d,Handle null and undefined as correct values instead of converted to strings on USSDReceivedEventDict::message,2,51,775cda6fedb284a9ed69e6bb18aa29f4916b1e4c5212a4cc2ecf433835c74984,play,0.22260482897871525,0.7773951710212847,0.04595588235294118,0.7940044466744776,hybrid_rrf_pgvector
233,89cff7709759a822034aacfd8ade8ac793e08839a7950333dde1677ec467b74d,Handle null and undefined as correct values instead of converted to strings on USSDReceivedEventDict::message,3,926,f5bf258b2477c6378b09887e73d468451e7fea3187c948c5ec984f3308b395f7,play,0.27730648862435836,0.7226935113756416,0.045008912655971484,0.731097538081988,hybrid_rrf_pgvector
233,89cff7709759a822034aacfd8ade8ac793e08839a7950333dde1677ec467b74d,Handle null and undefined as correct values instead of converted to strings on USSDReceivedEventDict::message,4,3829,0b865d91cde4d6c0e6b4525c4ecea85a83ea93d5c270aaf5451c96dc2ce76ba4,pausa,0.27730648862435836,0.7226935113756416,0.045773301032768075,0.6810975380819879,hybrid_rrf_pgvector
233,89cff7709759a822034aacfd8ade8ac793e08839a7950333dde1677ec467b74d,Handle null and undefined as correct values instead of converted to strings on USSDReceivedEventDict::message,5,123,54716363ca8da4b86027620496bce05ac07dd0b14df07057640fb19070770fa6,pausa,0.27730648862435836,0.7226935113756416,0.04482363597612958,0.6810975380819879,hybrid_rrf_pgvector
234,fa36705054f35377b5d814b60f42efb1fe5afeb6e8545b54a9af290b5ff077b9,Clicking the gear in the Facebook sidebar crashes nightly on Mac,1,1159,285b92dd7c2fb5dc7c3b01881262745859cbfb6e503d11d78a50c8195db7c3f4,stop,0.020655867542650475,0.9793441324573495,0.03278688524590164,1.026245752325952,hybrid_rrf_pgvector
234,fa36705054f35377b5d814b60f42efb1fe5afeb6e8545b54a9af290b5ff077b9,Clicking the gear in the Facebook sidebar crashes nightly on Mac,2,674,ec63f34aa4469316fc39d769d7b3ee03323df5d14bdb9cbb6c639025e692add3,stop,0.08281503257474476,0.9171849674252552,0.031054405392392875,0.9547627125390435,hybrid_rrf_pgvector
234,fa36705054f35377b5d814b60f42efb1fe5afeb6e8545b54a9af290b5ff077b9,Clicking the gear in the Facebook sidebar crashes nightly on Mac,3,4787,004219f19332dd5ca632f47fc0ac2391281026c06432734787b8b6369b050a19,pausa,0.08281503257474476,0.9171849674252552,0.03125763125763126,0.9047627125390435,hybrid_rrf_pgvector
234,fa36705054f35377b5d814b60f42efb1fe5afeb6e8545b54a9af290b5ff077b9,Clicking the gear in the Facebook sidebar crashes nightly on Mac,4,5568,b039f0314412bbcfc2086d775dbcd469a8c990e2a45be224c0aa01281b5492b3,pausa,0.08281503257474476,0.9171849674252552,0.031054405392392875,0.9047627125390435,hybrid_rrf_pgvector
234,fa36705054f35377b5d814b60f42efb1fe5afeb6e8545b54a9af290b5ff077b9,Clicking the gear in the Facebook sidebar crashes nightly on Mac,5,4291,8bdd32908959a6da7d1808a8ecda742b56d159e70921b53b695a5ce7a020780f,pausa,0.08281503257474476,0.9171849674252552,0.031009615384615385,0.9047627125390435,hybrid_rrf_pgvector
235,5cee507710ed7385b23c794f5724e7c1e465cee5da5d65a2b6c26bf89ccafc94,IonMonkey: MUrsh constant folding assumes the result is int32,1,426,5b57e4e465dff360153be9f72c56b70a106d37268e8d7d865360a33c6b3491b4,pausa,0.10459155692523181,0.8954084430747682,0.04838709677419355,0.9297197095359835,hybrid_rrf_pgvector
235,5cee507710ed7385b23c794f5724e7c1e465cee5da5d65a2b6c26bf89ccafc94,IonMonkey: MUrsh constant folding assumes the result is int32,2,2420,6fe5fe90ea19758cf5fe088bceeb5b4840f4986e1341a8ca5a228e5c92453417,play,0.10459155692523181,0.8954084430747682,0.04918032786885246,0.8797197095359834,hybrid_rrf_pgvector
235,5cee507710ed7385b23c794f5724e7c1e465cee5da5d65a2b6c26bf89ccafc94,IonMonkey: MUrsh constant folding assumes the result is int32,3,3975,d28c156cf069ee85ad8146b835697a318c61c2549532d38b1f0883d4ea222181,pausa,0.36601934846523787,0.6339806515347621,0.031746031746031744,0.6290777492649765,hybrid_rrf_pgvector
235,5cee507710ed7385b23c794f5724e7c1e465cee5da5d65a2b6c26bf89ccafc94,IonMonkey: MUrsh constant folding assumes the result is int32,4,586,0bbb3fb974e7370fb97dbe2d377c7f2482f666db27905d55b04899b70c7c299c,pausa,0.37837473436519,0.62162526563481,0.046634615384615385,0.6148690554800316,hybrid_rrf_pgvector
235,5cee507710ed7385b23c794f5724e7c1e465cee5da5d65a2b6c26bf89ccafc94,IonMonkey: MUrsh constant folding assumes the result is int32,5,5812,6179eb39d8916376d6d2b305f68c38ca064c35928d606743242240ce327654ee,stop,0.4492529773938253,0.5507470226061747,0.04507165184914545,0.48335907599710093,hybrid_rrf_pgvector
236,661428a0e32b9c3b03394b2e5aa0a8578ff858a3d8b762883455a037c736e59a,coding error in LibraryStandin,1,3787,0bb015cf785f6c6a85161c7f3e97846728de904db37f7ae502388251e8a8b3bf,pausa,0.0,1.0,0.046649531024531024,1.05,hybrid_rrf_pgvector
236,661428a0e32b9c3b03394b2e5aa0a8578ff858a3d8b762883455a037c736e59a,coding error in LibraryStandin,2,1545,eb136e46ac48a21bcb2fe439ad6c4994c4e0694a929757a46d041bd55829d55d,pausa,0.0,1.0,0.04598642976252085,1.05,hybrid_rrf_pgvector
236,661428a0e32b9c3b03394b2e5aa0a8578ff858a3d8b762883455a037c736e59a,coding error in LibraryStandin,3,1535,b9bb82f8e1f19d9b2314100dd70f95f3251b2f04d724726f3ff3b48008156eee,pausa,0.0,1.0,0.04547574626865672,1.05,hybrid_rrf_pgvector
236,661428a0e32b9c3b03394b2e5aa0a8578ff858a3d8b762883455a037c736e59a,coding error in LibraryStandin,4,4910,329444ddaa71da5ef056dec592020775d9f6a8e24d2628dbb081c837fee3f4ea,play,0.0,1.0,0.04738666351569577,1.0,hybrid_rrf_pgvector
236,661428a0e32b9c3b03394b2e5aa0a8578ff858a3d8b762883455a037c736e59a,coding error in LibraryStandin,5,3836,7be7037b89a2c962b8ba55f551d58b1c5fe70c02bd02e3e3daf67bcdff60911a,stop,0.0,1.0,0.04618300439195962,1.0,hybrid_rrf_pgvector
237,45e714a6a93822e75a4a2c6319e0b9c04c64a3f74b7813a0cdc380f6cdecbecf,Build problems with nrappkit and vs 2012,1,4258,cb9fea8e011ec399040fdd072afada3d31b9d57cac9c46dce83c7a50140719e1,pausa,0.052809369560363084,0.9471906304396369,0.044583251360744966,0.9892692250055825,hybrid_rrf_pgvector
237,45e714a6a93822e75a4a2c6319e0b9c04c64a3f74b7813a0cdc380f6cdecbecf,Build problems with nrappkit and vs 2012,2,5946,204a1b98634b370062a08ada43154e41687e1371e66f068bd2b95a4b31e7b391,pausa,0.052809369560363084,0.9471906304396369,0.03252247488101534,0.9892692250055825,hybrid_rrf_pgvector
237,45e714a6a93822e75a4a2c6319e0b9c04c64a3f74b7813a0cdc380f6cdecbecf,Build problems with nrappkit and vs 2012,3,3909,effe0923a38beacbbfd54c18b71ff15e60cd895970a9f2ccc4a383a489495b7a,pausa,0.052809369560363084,0.9471906304396369,0.03131881575727918,0.9892692250055825,hybrid_rrf_pgvector
237,45e714a6a93822e75a4a2c6319e0b9c04c64a3f74b7813a0cdc380f6cdecbecf,Build problems with nrappkit and vs 2012,4,3978,e01f77d6ca160befa54e20b26ebe21e452839d01cf51c5bd8b6a9650c1997ecf,stop,0.052809369560363084,0.9471906304396369,0.045062229437229435,0.9392692250055824,hybrid_rrf_pgvector
237,45e714a6a93822e75a4a2c6319e0b9c04c64a3f74b7813a0cdc380f6cdecbecf,Build problems with nrappkit and vs 2012,5,5658,2755bca792878cee177c64708d2882d6385a9d0be64c65e6d9c220f79b303f9a,play,0.052809369560363084,0.9471906304396369,0.0315136476426799,0.9392692250055824,hybrid_rrf_pgvector
238,4ead21be24c0811e2bb544f80a0366f6af26e4e5c4e5054bc27f32900886a18d,Comments are no longer displayed,1,2960,c24fc14f4a420c7c1107f8665393b507e3de71dfd6a4d42b7390cf3a352c810d,pausa,0.033951197673014466,0.9660488023269855,0.04788306451612903,1.0109561226760333,hybrid_rrf_pgvector
238,4ead21be24c0811e2bb544f80a0366f6af26e4e5c4e5054bc27f32900886a18d,Comments are no longer displayed,2,2710,9b120bda5068875740e0c8bbb3ac01c9b0e87684452823690f0a74bb953b9b4b,pausa,0.033951197673014466,0.9660488023269855,0.047619047619047616,1.0109561226760333,hybrid_rrf_pgvector
238,4ead21be24c0811e2bb544f80a0366f6af26e4e5c4e5054bc27f32900886a18d,Comments are no longer displayed,3,5562,41248a9f80d7f9bff250a966366407856dc4921b5d8c4e7ed3cd47c8ce5c2a16,play,0.033951197673014466,0.9660488023269855,0.04814747488101534,0.9609561226760334,hybrid_rrf_pgvector
238,4ead21be24c0811e2bb544f80a0366f6af26e4e5c4e5054bc27f32900886a18d,Comments are no longer displayed,4,1116,30d4811dbd6aaf4ecb686ea3db875e11c984b7446e49cc1db710c5c83a6b9937,play,0.033951197673014466,0.9660488023269855,0.04740305800756621,0.9609561226760334,hybrid_rrf_pgvector
238,4ead21be24c0811e2bb544f80a0366f6af26e4e5c4e5054bc27f32900886a18d,Comments are no longer displayed,5,4724,b203abb2842bc7ee44f19eb7e17786a93edf538595304e41b47eabd0abe9d6e0,pausa,0.09060100086452183,0.9093989991354782,0.045228403437358664,0.9458088490058,hybrid_rrf_pgvector
239,0c35e6155a94c3d5bf9e62638a946d11b9599b28ed46067c7826a078862288e9,"The ""Credits"" button on Help -> About Dialog does not have an access key",1,2118,1d58d744b39e58787efca516d694c94f4038dc68baf572111706c68631c0c39e,play,0.12206069553509735,0.8779393044649026,0.03278688524590164,0.9096302001346381,hybrid_rrf_pgvector
239,0c35e6155a94c3d5bf9e62638a946d11b9599b28ed46067c7826a078862288e9,"The ""Credits"" button on Help -> About Dialog does not have an access key",2,3170,7987b77a0c5475e1fed8f64d4eaa2fb250920aae7b3b91420ee66562fafe7990,play,0.13892271193803185,0.8610772880619681,0.031024531024531024,0.8902388812712634,hybrid_rrf_pgvector
239,0c35e6155a94c3d5bf9e62638a946d11b9599b28ed46067c7826a078862288e9,"The ""Credits"" button on Help -> About Dialog does not have an access key",3,2918,582ab9ca28973354db1e77ac43beb93a736b8b84089afda883b4e7ed75598187,play,0.13892271193803185,0.8610772880619681,0.030330882352941176,0.8902388812712634,hybrid_rrf_pgvector
239,0c35e6155a94c3d5bf9e62638a946d11b9599b28ed46067c7826a078862288e9,"The ""Credits"" button on Help -> About Dialog does not have an access key",4,4976,0af4b1f88c4e83b6b0523f57dbb515546519377cec7fb975eddd109bed758095,pausa,0.12866832630613134,0.8713316736938687,0.04838709677419355,0.8520314247479489,hybrid_rrf_pgvector
239,0c35e6155a94c3d5bf9e62638a946d11b9599b28ed46067c7826a078862288e9,"The ""Credits"" button on Help -> About Dialog does not have an access key",5,2568,b89c4885b6bfabd66c82327b9e30a99b8eb47e56dcee997d5d22c004d4b72983,pausa,0.13892271193803185,0.8610772880619681,0.031009615384615385,0.8402388812712633,hybrid_rrf_pgvector
240,027475ed0871a18a075d18b5f99065c37e4516995e4ffac36308908de84d13c3,"""Assertion failure: HAS_FUNCTION_CLASS(JSVAL_TO_OBJECT(setterVal)), at ../jsscope.h""",1,787,bd69d599ea26489177659ac73ca4e28babda342232722db4a6acb27478176d27,stop,-2.220446049250313e-16,1.0000000000000002,0.03128054740957967,1.0500000000000003,hybrid_rrf_pgvector
240,027475ed0871a18a075d18b5f99065c37e4516995e4ffac36308908de84d13c3,"""Assertion failure: HAS_FUNCTION_CLASS(JSVAL_TO_OBJECT(setterVal)), at ../jsscope.h""",2,2243,cc42012f4b8784ee7b1df8172516f59875609f72fffc3ac96101f1458d229bdd,stop,-2.220446049250313e-16,1.0000000000000002,0.030776515151515152,1.0500000000000003,hybrid_rrf_pgvector
240,027475ed0871a18a075d18b5f99065c37e4516995e4ffac36308908de84d13c3,"""Assertion failure: HAS_FUNCTION_CLASS(JSVAL_TO_OBJECT(setterVal)), at ../jsscope.h""",3,5528,930b8c6ba468c3978cb95b6e8ea6ef2d1d2c9582d81198678ae7921686ab533d,stop,-2.220446049250313e-16,1.0000000000000002,0.03007688828584351,1.0500000000000003,hybrid_rrf_pgvector
240,027475ed0871a18a075d18b5f99065c37e4516995e4ffac36308908de84d13c3,"""Assertion failure: HAS_FUNCTION_CLASS(JSVAL_TO_OBJECT(setterVal)), at ../jsscope.h""",4,847,5acdb0f40d758253596208d048e23ebd2d58d36589b2abc6084d7e68654fb050,stop,-2.220446049250313e-16,1.0000000000000002,0.01639344262295082,1.0500000000000003,hybrid_rrf_pgvector
240,027475ed0871a18a075d18b5f99065c37e4516995e4ffac36308908de84d13c3,"""Assertion failure: HAS_FUNCTION_CLASS(JSVAL_TO_OBJECT(setterVal)), at ../jsscope.h""",5,5270,5719b42d193579fd1623e58b8d530d8286040b714dadd86ffe2c392846fbc239,stop,-2.220446049250313e-16,1.0000000000000002,0.01639344262295082,1.0500000000000003,hybrid_rrf_pgvector
241,e967ad2d270819c0e2c846cc9f3569e5532e6e4e688b3c9a34cae24d32cd2027,Perma-orange on Elm due to timeout failure in browser_bug553455.js,1,3839,0d2066478d0946c904c241c169bad533e89e7588530b114054e28c5c672e1b4a,pausa,0.07233025931636983,0.9276697406836302,0.04918032786885246,0.9668202017861748,hybrid_rrf_pgvector
241,e967ad2d270819c0e2c846cc9f3569e5532e6e4e688b3c9a34cae24d32cd2027,Perma-orange on Elm due to timeout failure in browser_bug553455.js,2,1607,2aed2810bc53c7ba5f0cafe9903fecbf6610c28293ca6ecf6328409ac0b54821,pausa,0.12556588095135202,0.874434119048648,0.03225806451612903,0.9055992369059452,hybrid_rrf_pgvector
241,e967ad2d270819c0e2c846cc9f3569e5532e6e4e688b3c9a34cae24d32cd2027,Perma-orange on Elm due to timeout failure in browser_bug553455.js,3,776,68c9ae81979e0cb146a443032f255335f4793d05b83fb59777d86d4e2efb4fda,play,0.12648588384874682,0.8735141161512532,0.031746031746031744,0.8545412335739412,hybrid_rrf_pgvector
241,e967ad2d270819c0e2c846cc9f3569e5532e6e4e688b3c9a34cae24d32cd2027,Perma-orange on Elm due to timeout failure in browser_bug553455.js,4,2399,e590f1fd6476aa2ba82f6e299abd77854c09946757a72e7839cfbc1be3ad9561,play,0.12781383011511738,0.8721861698848826,0.04570188828584351,0.853014095367615,hybrid_rrf_pgvector
241,e967ad2d270819c0e2c846cc9f3569e5532e6e4e688b3c9a34cae24d32cd2027,Perma-orange on Elm due to timeout failure in browser_bug553455.js,5,1735,4c25193b50eff0a1e7599319d55916c86c61308c5b9bffad5b727ee2f5967f69,stop,0.12781383011511738,0.8721861698848826,0.04507165184914545,0.853014095367615,hybrid_rrf_pgvector
242,e205d491b339d65017db2aaabec3f8940e51b9eaccd10ae9920671a613170283,NoClassDefFoundError while generating 3.6 perfs results,1,1639,05c30167ea140520b073f2f4e633de1e450a70a5e0de7f9e2aa0deda405f1fd4,play,-2.220446049250313e-16,1.0000000000000002,0.048651507139079855,1.0500000000000003,hybrid_rrf_pgvector
242,e205d491b339d65017db2aaabec3f8940e51b9eaccd10ae9920671a613170283,NoClassDefFoundError while generating 3.6 perfs results,2,3536,31901182071500217ff71ba13c7a9486a3629cbe12dad2beac1abc958b41da3f,stop,-2.220446049250313e-16,1.0000000000000002,0.048915917503966164,1.0000000000000002,hybrid_rrf_pgvector
242,e205d491b339d65017db2aaabec3f8940e51b9eaccd10ae9920671a613170283,NoClassDefFoundError while generating 3.6 perfs results,3,317,cba4f240b9e5c355394717713437a7a69e30faa066d80276ac0e569bf057fa9c,play,0.10891699728757598,0.891083002712424,0.04526198439241918,0.9247454531192877,hybrid_rrf_pgvector
242,e205d491b339d65017db2aaabec3f8940e51b9eaccd10ae9920671a613170283,NoClassDefFoundError while generating 3.6 perfs results,4,4362,7807485b1aea54028e531339979f06539b00c309a26919e3fdc4a40877acd2e5,stop,0.11780158151861675,0.8821984184813833,0.045928030303030304,0.8645281812535908,hybrid_rrf_pgvector
242,e205d491b339d65017db2aaabec3f8940e51b9eaccd10ae9920671a613170283,NoClassDefFoundError while generating 3.6 perfs results,5,1733,40bf3c37593acb324b0c5013dcc2a8656cbd1a766166658fbb262ae21364a7e6,stop,0.14538810134736302,0.854611898652637,0.04572376214167259,0.8328036834505326,hybrid_rrf_pgvector
243,c168a72c7fb2c6afa00f79341d7a6451743c6483370693b2213e870d8c8d7a20,Textbox of tab group lost focus immediately by press Eenter while IME composition,1,4185,45aca2877b77fac31651e28edab0d8bc533e28a9fae8d76186b7412bc3013ae4,play,0.07748278722825064,0.9225172127717494,0.032266458495966696,0.9608947946875118,hybrid_rrf_pgvector
243,c168a72c7fb2c6afa00f79341d7a6451743c6483370693b2213e870d8c8d7a20,Textbox of tab group lost focus immediately by press Eenter while IME composition,2,2577,63ed1030437a62a8f7d93517309ab4559e7bfab58cdbcfca0e0965a97335da5c,pausa,0.07748278722825064,0.9225172127717494,0.03252247488101534,0.9108947946875118,hybrid_rrf_pgvector
243,c168a72c7fb2c6afa00f79341d7a6451743c6483370693b2213e870d8c8d7a20,Textbox of tab group lost focus immediately by press Eenter while IME composition,3,1397,0dd43faf918bb47a2a9c9caddcbd283084e98f2d885d90c073bbbe897b5fce38,stop,0.07748278722825064,0.9225172127717494,0.03200204813108039,0.9108947946875118,hybrid_rrf_pgvector
243,c168a72c7fb2c6afa00f79341d7a6451743c6483370693b2213e870d8c8d7a20,Textbox of tab group lost focus immediately by press Eenter while IME composition,4,178,75c8fc40c3345d65d0a9ebcd7f632fb0e19d498177fde8165fc8d2e2c86a9e72,pausa,0.07748278722825064,0.9225172127717494,0.03125,0.9108947946875118,hybrid_rrf_pgvector
243,c168a72c7fb2c6afa00f79341d7a6451743c6483370693b2213e870d8c8d7a20,Textbox of tab group lost focus immediately by press Eenter while IME composition,5,1401,776546fd1f4ce279f3778dff3f27cad13d011a1c6eae4884a7abe4e07450a895,pausa,0.17239105676261235,0.8276089432373877,0.046244188891607536,0.8017502847229958,hybrid_rrf_pgvector
244,16dfba87efb823f8f11ad5f43976c71aea6340474908838cd367522d0d3c9ce3,Upgrade to NSS 3.11.2 second pre-release,1,3419,90f028b5163a829ab35e2059b468c9da1d6a421fb580d10d944cf7a6e8f4b94b,stop,0.029191710906889323,0.9708082890931107,0.032266458495966696,1.0164295324570773,hybrid_rrf_pgvector
244,16dfba87efb823f8f11ad5f43976c71aea6340474908838cd367522d0d3c9ce3,Upgrade to NSS 3.11.2 second pre-release,2,2916,b17ec5bf51090659c3149b74f11920a11e54e58d8375aad3705bffae472305a4,stop,0.029191710906889323,0.9708082890931107,0.031009615384615385,1.0164295324570773,hybrid_rrf_pgvector
244,16dfba87efb823f8f11ad5f43976c71aea6340474908838cd367522d0d3c9ce3,Upgrade to NSS 3.11.2 second pre-release,3,2425,e7d1d181a709aa967ccbb52a0b94f3056f48a89aa03ddc5b40bbfe6083a1ee50,stop,0.029191710906889323,0.9708082890931107,0.029211087420042643,1.0164295324570773,hybrid_rrf_pgvector
244,16dfba87efb823f8f11ad5f43976c71aea6340474908838cd367522d0d3c9ce3,Upgrade to NSS 3.11.2 second pre-release,4,5826,183635de065e0a8bd0e3ea55c5f6f4c31d5edeaa06d30eccd48f55cecf4ee3d4,stop,0.029191710906889323,0.9708082890931107,0.01639344262295082,1.0164295324570773,hybrid_rrf_pgvector
244,16dfba87efb823f8f11ad5f43976c71aea6340474908838cd367522d0d3c9ce3,Upgrade to NSS 3.11.2 second pre-release,5,59,abc521d6974f1ad50fdb542e8cde8969c7083ed2b4966db800f072dab0e59c11,stop,0.029191710906889323,0.9708082890931107,0.01639344262295082,1.0164295324570773,hybrid_rrf_pgvector
245,eb104173ae9d4c4d8afaf7f3cd0616a9b3c1f5a2c0484d042a7b129561bffbb7,"TM: when charCodeAt returns a NaN, recording asserts",1,5031,f4c625fad642c45f38c196a5d341fbb4adc7e9a67b5f00de4b655b0d83169464,play,0.2063875693259205,0.7936124306740795,0.04839549075403121,0.8126542952751915,hybrid_rrf_pgvector
245,eb104173ae9d4c4d8afaf7f3cd0616a9b3c1f5a2c0484d042a7b129561bffbb7,"TM: when charCodeAt returns a NaN, recording asserts",2,1206,8fb1dc370a390da99a0fde35aa7aa8e3834152ff619ad3d61eb72ad45a56209c,stop,0.16385068104090217,0.8361493189590978,0.03278688524590164,0.8115717168029625,hybrid_rrf_pgvector
245,eb104173ae9d4c4d8afaf7f3cd0616a9b3c1f5a2c0484d042a7b129561bffbb7,"TM: when charCodeAt returns a NaN, recording asserts",3,5168,8ff1c1f1b625c7fdd4706a9b527f1868673b627c7259ffea1786ad0685f0c065,pausa,0.2063875693259205,0.7936124306740795,0.04788306451612903,0.7626542952751915,hybrid_rrf_pgvector
245,eb104173ae9d4c4d8afaf7f3cd0616a9b3c1f5a2c0484d042a7b129561bffbb7,"TM: when charCodeAt returns a NaN, recording asserts",4,2689,765b91b0a2e4a556f73b447cfe912dae1858149166a51b0ab1420e3464612edc,pausa,0.2063875693259205,0.7936124306740795,0.04688263125763126,0.7626542952751915,hybrid_rrf_pgvector
245,eb104173ae9d4c4d8afaf7f3cd0616a9b3c1f5a2c0484d042a7b129561bffbb7,"TM: when charCodeAt returns a NaN, recording asserts",5,2540,a4f7b58325e159a4719d8faa6397f0dbbdca432eee98e24167ff4652b8b6e79d,pausa,0.2063875693259205,0.7936124306740795,0.04688263125763126,0.7626542952751915,hybrid_rrf_pgvector
246,960cb1531376846cc63bf081b850a483e5f0581fcdbc511555f965fdbe4f1eac,"Assertion failure: !isIndex(&dummy), at js/src/vm/String.h:857",1,5748,4d7295e6e1b382ecf566a075c3aba5845738b28dd4b678b08ee1c9b90a7b2d84,stop,0.007348603289043076,0.9926513967109569,0.04865990111891752,1.0415491062176006,hybrid_rrf_pgvector
246,960cb1531376846cc63bf081b850a483e5f0581fcdbc511555f965fdbe4f1eac,"Assertion failure: !isIndex(&dummy), at js/src/vm/String.h:857",2,3068,40441c145ee8af54b5a534ae8bd63050d8c1a072691f094dbab9d4140cff6cbf,stop,0.007348603289043076,0.9926513967109569,0.04838709677419355,1.0415491062176006,hybrid_rrf_pgvector
246,960cb1531376846cc63bf081b850a483e5f0581fcdbc511555f965fdbe4f1eac,"Assertion failure: !isIndex(&dummy), at js/src/vm/String.h:857",3,1301,e946e606181b4e6d275255373694da06f2a3388091d53019d7a8edc7a1f74869,stop,0.02349733286729494,0.9765026671327051,0.03125,1.0229780672026108,hybrid_rrf_pgvector
246,960cb1531376846cc63bf081b850a483e5f0581fcdbc511555f965fdbe4f1eac,"Assertion failure: !isIndex(&dummy), at js/src/vm/String.h:857",4,5192,98e6b5eae1de778d7537ed70a593b0e2be7deffef1eb76aee4ad9546d2994fe7,stop,0.05006409887409702,0.949935901125903,0.04390451832907076,0.9924262862947885,hybrid_rrf_pgvector
246,960cb1531376846cc63bf081b850a483e5f0581fcdbc511555f965fdbe4f1eac,"Assertion failure: !isIndex(&dummy), at js/src/vm/String.h:857",5,5461,8aed6302342195f7f060806fc971e7c44ddd986ca8deb67fda26f42b419766b9,pausa,0.02349733286729494,0.9765026671327051,0.031746031746031744,0.9729780672026108,hybrid_rrf_pgvector
247,13af74b742af8ea491bd07c2e9ee5a44ff189a7396b9dcd126a12b7d19336e3d,Get rid of WorkInProgressPage,1,0,737a8c586e01a3db3f0e7f8cdf0146c83a33197e8d2e8f1ab813f7fbb5ddbbae,play,1.0,0.0,0.03278688524590164,-0.09999999999999999,hybrid_rrf_pgvector
247,13af74b742af8ea491bd07c2e9ee5a44ff189a7396b9dcd126a12b7d19336e3d,Get rid of WorkInProgressPage,2,2,50f50c77354314a73686fd77a1e2c3b3b4b8a48d5bbfdc5391409e149234c098,play,1.0,0.0,0.031746031746031744,-0.09999999999999999,hybrid_rrf_pgvector
247,13af74b742af8ea491bd07c2e9ee5a44ff189a7396b9dcd126a12b7d19336e3d,Get rid of WorkInProgressPage,3,1,7175846e309b39507fa4c4cfa3ee674c5626208653c00dcf439122eea5f9aec0,pausa,1.0,0.0,0.03225806451612903,-0.15,hybrid_rrf_pgvector
247,13af74b742af8ea491bd07c2e9ee5a44ff189a7396b9dcd126a12b7d19336e3d,Get rid of WorkInProgressPage,4,3,08db3dc49103c8ccfff8b8dd59d2b8fa79ebca6f181aec85d18c2d9e440dc33f,pausa,1.0,0.0,0.03125,-0.15,hybrid_rrf_pgvector
247,13af74b742af8ea491bd07c2e9ee5a44ff189a7396b9dcd126a12b7d19336e3d,Get rid of WorkInProgressPage,5,4,c020e3e61c72b8025cbdaa2c813ae36f00080d2900b13a19128931d6d15dd411,stop,1.0,0.0,0.03076923076923077,-0.15,hybrid_rrf_pgvector
248,90744435f823e50d2db65ec8b33d63fe5eb366d4337432eeb6b7efe3e0020680,wifi scanning on n900 fails,1,5929,aac847e07f389612d6347b36744da4f9f6f609a96dea01f13f69eaeb5e59e881,pausa,0.06956466222949009,0.9304353377705099,0.04701522850420374,0.9700006384360864,hybrid_rrf_pgvector
248,90744435f823e50d2db65ec8b33d63fe5eb366d4337432eeb6b7efe3e0020680,wifi scanning on n900 fails,2,3754,6c8e9a3f1df8825b7bb76e673ea7ea6c3ebed8ef9d44b36b6062d16d32d776f3,pausa,0.06956466222949009,0.9304353377705099,0.046897546897546896,0.9700006384360864,hybrid_rrf_pgvector
248,90744435f823e50d2db65ec8b33d63fe5eb366d4337432eeb6b7efe3e0020680,wifi scanning on n900 fails,3,4111,1b5b4033cb583e69cff9c48de99b18073f040c6166916740239358c5c266757c,play,0.06956466222949009,0.9304353377705099,0.04666516279419505,0.9200006384360864,hybrid_rrf_pgvector
248,90744435f823e50d2db65ec8b33d63fe5eb366d4337432eeb6b7efe3e0020680,wifi scanning on n900 fails,4,5018,d2f11ce7f3c2d4e78e04d3b4fbc778243437b15dcc8e2380ba753350f882a225,stop,0.06956466222949009,0.9304353377705099,0.046459914611005695,0.9200006384360864,hybrid_rrf_pgvector
248,90744435f823e50d2db65ec8b33d63fe5eb366d4337432eeb6b7efe3e0020680,wifi scanning on n900 fails,5,4869,300a092ef3ed087a1f3261ba99bed196bdea393ac3eb7e73851bf79ae89cd72c,play,0.06956466222949009,0.9304353377705099,0.04620389822595705,0.9200006384360864,hybrid_rrf_pgvector
249,db3fe3943a3dec13fdb47d1471be249416facc819b20dac2ceea50f000def945,AccessibleNameFromSubtree(): don't recurse into subtrees for roles that don't use name from subtree,1,3139,8a6d3dfe1c586e96e7380163a52513fcaa40ded9764c03da08a3b819d077e098,play,0.026450679664079435,0.9735493203359206,0.04813947436898257,1.0195817183863087,hybrid_rrf_pgvector
249,db3fe3943a3dec13fdb47d1471be249416facc819b20dac2ceea50f000def945,AccessibleNameFromSubtree(): don't recurse into subtrees for roles that don't use name from subtree,2,3467,3d859b8f127311545c393d0319accf4917d4977ca5eb88f6ad40494eac967982,play,0.026450679664079435,0.9735493203359206,0.04762704813108039,1.0195817183863087,hybrid_rrf_pgvector
249,db3fe3943a3dec13fdb47d1471be249416facc819b20dac2ceea50f000def945,AccessibleNameFromSubtree(): don't recurse into subtrees for roles that don't use name from subtree,3,4313,596bde2b59136cbbb4d16cd3962366bcfcc463fdb3ee677a485bd2460cbe4652,play,0.026450679664079435,0.9735493203359206,0.047169957774465976,1.0195817183863087,hybrid_rrf_pgvector
249,db3fe3943a3dec13fdb47d1471be249416facc819b20dac2ceea50f000def945,AccessibleNameFromSubtree(): don't recurse into subtrees for roles that don't use name from subtree,4,2199,743c0cf8c9079b6e56dbc19af90c8a14a6111b478ff79aef7a8bcd935db6ff7e,play,0.026450679664079435,0.9735493203359206,0.04692957315908136,1.0195817183863087,hybrid_rrf_pgvector
249,db3fe3943a3dec13fdb47d1471be249416facc819b20dac2ceea50f000def945,AccessibleNameFromSubtree(): don't recurse into subtrees for roles that don't use name from subtree,5,2925,f84d23b336a6bad859a27830667e68a4ec792dac7d543b3d026cfb6b20e8ef60,pausa,0.026450679664079435,0.9735493203359206,0.04788306451612903,0.9695817183863087,hybrid_rrf_pgvector
250,c88778947036a97a1c73ea1e1e922eb12dc4d7fafd136a6fe1197a395fbb8fef,ContentTypeCatalog is in infinite loop,1,5437,5299ab87daabd8bfe4a5ee00215f44a9c49941fd395a8c7f71c8d119097f2151,play,0.0,1.0,0.04918032786885246,1.05,hybrid_rrf_pgvector
250,c88778947036a97a1c73ea1e1e922eb12dc4d7fafd136a6fe1197a395fbb8fef,ContentTypeCatalog is in infinite loop,2,3631,3f26113f9c52c80463508ed9d487e77fd4f303f1b3db923b2e30241774b511c5,stop,0.0,1.0,0.04838709677419355,1.0,hybrid_rrf_pgvector
250,c88778947036a97a1c73ea1e1e922eb12dc4d7fafd136a6fe1197a395fbb8fef,ContentTypeCatalog is in infinite loop,3,4459,f330368f146f0d3d1d032085c0e09fb5d4cc02c5757153854102e1cb1ff94f7a,pausa,0.08977926225897415,0.9102207377410259,0.031746031746031744,0.8967538484021798,hybrid_rrf_pgvector
250,c88778947036a97a1c73ea1e1e922eb12dc4d7fafd136a6fe1197a395fbb8fef,ContentTypeCatalog is in infinite loop,4,4309,d4c147358a761e79605fe4b5106dbfb49592f3af284fb70dee0b17b97757d7e6,stop,0.3533290772384595,0.6466709227615405,0.045928030303030304,0.5936715611757716,hybrid_rrf_pgvector
250,c88778947036a97a1c73ea1e1e922eb12dc4d7fafd136a6fe1197a395fbb8fef,ContentTypeCatalog is in infinite loop,5,1266,acff6f3c4d4b5e4c18aeab709bda8732570920e35a47559be6e22dfe5702d803,stop,0.3846521339032163,0.6153478660967837,0.044583251360744966,0.5576500460113013,hybrid_rrf_pgvector
251,4f9965b647d1d7ebccb5fa2d13f2e0bf0d6342824c9a8a0f834ff431720f8902,[call hierarchy] Open Location action in context menu should be disabled when selection is empty,1,195,06f67dcbbd9ef875dde83a5b5a01e7fc280647f83811c70bbebae33dbe05b661,play,0.16851307305357532,0.8314869269464247,0.04603174603174603,0.8562099659883884,hybrid_rrf_pgvector
251,4f9965b647d1d7ebccb5fa2d13f2e0bf0d6342824c9a8a0f834ff431720f8902,[call hierarchy] Open Location action in context menu should be disabled when selection is empty,2,646,4a3931e05ba7cf1246f0d8c24b00d8034937a49a1590967a5543de9b6a4773fb,play,0.1937060508708648,0.8062939491291352,0.03076923076923077,0.8272380414985055,hybrid_rrf_pgvector
251,4f9965b647d1d7ebccb5fa2d13f2e0bf0d6342824c9a8a0f834ff431720f8902,[call hierarchy] Open Location action in context menu should be disabled when selection is empty,3,850,8cc7882e69c59159053eb995ea506b2433ef37a0db01acf41de09138df4552b5,pausa,0.16851307305357532,0.8314869269464247,0.03252247488101534,0.8062099659883883,hybrid_rrf_pgvector
251,4f9965b647d1d7ebccb5fa2d13f2e0bf0d6342824c9a8a0f834ff431720f8902,[call hierarchy] Open Location action in context menu should be disabled when selection is empty,4,4619,7d0c7a2b0b8e0ddcbf013f645f60d600a13b85726be13a4b1256f4d89b2da0d6,stop,0.16851307305357532,0.8314869269464247,0.03252247488101534,0.8062099659883883,hybrid_rrf_pgvector
251,4f9965b647d1d7ebccb5fa2d13f2e0bf0d6342824c9a8a0f834ff431720f8902,[call hierarchy] Open Location action in context menu should be disabled when selection is empty,5,4782,ea56896225feb97ffd2a84ac162d4eb80f82eea138befe20de7ecf3ac874caa7,pausa,0.19023684265566299,0.809763157344337,0.03125,0.7812276309459876,hybrid_rrf_pgvector
252,05f850e30f1066f18ad2eab938130bc37957ef93ab3ddf0a7ca9e9236152f1af,add another windows machine to the performance test  run for 3.6,1,1665,d7d4d322a6a1b64ce7a7b23dbbe7cf05d24da2d8b3160d066c670290016400b6,pausa,0.22580735575980326,0.7741926442401967,0.03278688524590164,0.7903215408762263,hybrid_rrf_pgvector
252,05f850e30f1066f18ad2eab938130bc37957ef93ab3ddf0a7ca9e9236152f1af,add another windows machine to the performance test  run for 3.6,2,5339,33a9bbd752329efba3b65fb1fba25db53cc6b8b8cad680e64f44157c947e3301,pausa,0.3160009021326937,0.6839990978673063,0.03225806451612903,0.6865989625474023,hybrid_rrf_pgvector
252,05f850e30f1066f18ad2eab938130bc37957ef93ab3ddf0a7ca9e9236152f1af,add another windows machine to the performance test  run for 3.6,3,3230,7cca9117daa9d493716a3014d2021f5bae4be1f0f9750f6c7ed38f80cf9ce5c6,pausa,0.3791456039876395,0.6208543960123605,0.03128054740957967,0.6139825554142146,hybrid_rrf_pgvector
252,05f850e30f1066f18ad2eab938130bc37957ef93ab3ddf0a7ca9e9236152f1af,add another windows machine to the performance test  run for 3.6,4,3205,fe4a8cf164e65e47fa3986766e818e384cfa2c0e9faf6e886c8568d345cf5269,play,0.3466604563003587,0.6533395436996413,0.031746031746031744,0.6013404752545876,hybrid_rrf_pgvector
252,05f850e30f1066f18ad2eab938130bc37957ef93ab3ddf0a7ca9e9236152f1af,add another windows machine to the performance test  run for 3.6,5,4109,5ba65d6af90b8b12d43eff960eac6e655cd20db843524c3864c435e1f2d9368b,stop,0.36474654876820356,0.6352534512317964,0.032018442622950824,0.5805414689165659,hybrid_rrf_pgvector
253,c29eddb642fdcba47c13423f2051ed6de17a6d9a18364a2d29bc3f5f49ccf449,[code assist] parameter guessing can use new API from jdt.core,1,2630,8c57bd0e8eba515acbeb430086f68e55168a8f8f67e45728a621be45787e69ba,pausa,0.15314133723522638,0.8468586627647736,0.04841188524590165,0.8238874621794896,hybrid_rrf_pgvector
253,c29eddb642fdcba47c13423f2051ed6de17a6d9a18364a2d29bc3f5f49ccf449,[code assist] parameter guessing can use new API from jdt.core,2,4513,10b05dceeb894b3eb540d57230865404bf5d617cd3ce810d6d1c9467408bb03e,play,0.2021961068968725,0.7978038931031275,0.03225806451612903,0.8174744770685967,hybrid_rrf_pgvector
253,c29eddb642fdcba47c13423f2051ed6de17a6d9a18364a2d29bc3f5f49ccf449,[code assist] parameter guessing can use new API from jdt.core,3,2,50f50c77354314a73686fd77a1e2c3b3b4b8a48d5bbfdc5391409e149234c098,play,0.2350220320087455,0.7649779679912545,0.03125,0.7797246631899427,hybrid_rrf_pgvector
253,c29eddb642fdcba47c13423f2051ed6de17a6d9a18364a2d29bc3f5f49ccf449,[code assist] parameter guessing can use new API from jdt.core,4,5046,d931fb7e2e7d012c7036e5043d02ee0facd4515382cc4eeedc9a40c4cb37e0c5,play,0.23882016376464188,0.7611798362353581,0.03076923076923077,0.7753568116706618,hybrid_rrf_pgvector
253,c29eddb642fdcba47c13423f2051ed6de17a6d9a18364a2d29bc3f5f49ccf449,[code assist] parameter guessing can use new API from jdt.core,5,4883,4452582bdf7b3051e0d4542cf0a30cf0fd04c54d8261c98cf67b21822c2bb563,stop,0.20252522198298195,0.797474778017018,0.04787506400409626,0.7670959947195708,hybrid_rrf_pgvector
254,4e5dc4208fe47f7a2213040fdb46a4732f627bf39e6a76b848acf931b9820f69,Improve/add logging to async redirect code,1,219,821ac9a59ffc6e1853221d962554d55c00143dc88a634072a2102a690b7b2e84,pausa,0.05652644595677292,0.9434735540432271,0.048651507139079855,0.9849945871497112,hybrid_rrf_pgvector
254,4e5dc4208fe47f7a2213040fdb46a4732f627bf39e6a76b848acf931b9820f69,Improve/add logging to async redirect code,2,1050,1c3ca16665cbe08c2620f087afa612458696d4ec6c2411088119182656fb18f5,stop,0.05652644595677292,0.9434735540432271,0.048915917503966164,0.9349945871497112,hybrid_rrf_pgvector
254,4e5dc4208fe47f7a2213040fdb46a4732f627bf39e6a76b848acf931b9820f69,Improve/add logging to async redirect code,3,1522,f28f6e188b9c96069d136fcda8855f5432c8631cd88421ddf2e47852172c92d5,pausa,0.13597654084425626,0.8640234591557437,0.030090497737556562,0.8936269780291054,hybrid_rrf_pgvector
254,4e5dc4208fe47f7a2213040fdb46a4732f627bf39e6a76b848acf931b9820f69,Improve/add logging to async redirect code,4,1842,03c90e2b54313f9152722ff398a60f2cc272865771059886d1fd5afc3e5156f9,pausa,0.13597654084425626,0.8640234591557437,0.029877369007803793,0.8936269780291054,hybrid_rrf_pgvector
254,4e5dc4208fe47f7a2213040fdb46a4732f627bf39e6a76b848acf931b9820f69,Improve/add logging to async redirect code,5,1251,379332e06b72d2a61757c52c79be11ac9466e1eefa2a54474d3444ff3ead2dbd,play,0.13597654084425626,0.8640234591557437,0.029910714285714284,0.8436269780291054,hybrid_rrf_pgvector
255,620acff0875b40b9d76f409a852793c22b8aed4feb47ae4026b6544c1b22d7eb,numeric literals unsupported beyond int and float,1,0,737a8c586e01a3db3f0e7f8cdf0146c83a33197e8d2e8f1ab813f7fbb5ddbbae,play,1.0,0.0,0.03278688524590164,-0.09999999999999999,hybrid_rrf_pgvector
255,620acff0875b40b9d76f409a852793c22b8aed4feb47ae4026b6544c1b22d7eb,numeric literals unsupported beyond int and float,2,2,50f50c77354314a73686fd77a1e2c3b3b4b8a48d5bbfdc5391409e149234c098,play,1.0,0.0,0.031746031746031744,-0.09999999999999999,hybrid_rrf_pgvector
255,620acff0875b40b9d76f409a852793c22b8aed4feb47ae4026b6544c1b22d7eb,numeric literals unsupported beyond int and float,3,1,7175846e309b39507fa4c4cfa3ee674c5626208653c00dcf439122eea5f9aec0,pausa,1.0,0.0,0.03225806451612903,-0.15,hybrid_rrf_pgvector
255,620acff0875b40b9d76f409a852793c22b8aed4feb47ae4026b6544c1b22d7eb,numeric literals unsupported beyond int and float,4,3,08db3dc49103c8ccfff8b8dd59d2b8fa79ebca6f181aec85d18c2d9e440dc33f,pausa,1.0,0.0,0.03125,-0.15,hybrid_rrf_pgvector
255,620acff0875b40b9d76f409a852793c22b8aed4feb47ae4026b6544c1b22d7eb,numeric literals unsupported beyond int and float,5,4,c020e3e61c72b8025cbdaa2c813ae36f00080d2900b13a19128931d6d15dd411,stop,1.0,0.0,0.03076923076923077,-0.15,hybrid_rrf_pgvector
256,0c44744efe7b3c3c787df86563459ccc7a132f0f0d789068f9da2013bf908ab8,add apitoolsverification to build,1,1510,3b51485d9a6b9a27b4237d54dbdf585cc6ede2c0cedf28fde92db123de7f9ecd,pausa,0.0,1.0,0.04918032786885246,1.05,hybrid_rrf_pgvector
256,0c44744efe7b3c3c787df86563459ccc7a132f0f0d789068f9da2013bf908ab8,add apitoolsverification to build,2,5157,71c789b43a846573b976a7cc8684321a990f730aecab3fa4980a854db26870aa,pausa,0.14543722349409038,0.8545627765059096,0.04838709677419355,0.882747192981796,hybrid_rrf_pgvector
256,0c44744efe7b3c3c787df86563459ccc7a132f0f0d789068f9da2013bf908ab8,add apitoolsverification to build,3,4352,4c663152b1127766a4e4412a554ac6f6bf0a29074b96a81b1a6e3c9ee65af519,pausa,0.17642365374286662,0.8235763462571334,0.03125,0.8471127981957034,hybrid_rrf_pgvector
256,0c44744efe7b3c3c787df86563459ccc7a132f0f0d789068f9da2013bf908ab8,add apitoolsverification to build,4,2737,b125c421dd755a7f6fb14516799edd84548d8c1236d4d425bec28c7d6f9a1ed6,pausa,0.20122990057374512,0.7987700994262549,0.03076923076923077,0.8185856143401932,hybrid_rrf_pgvector
256,0c44744efe7b3c3c787df86563459ccc7a132f0f0d789068f9da2013bf908ab8,add apitoolsverification to build,5,2779,c6add8f4da9d1a20a73000c48a9c9ac72d24dec6005173688ccac891380d2315,play,0.15916169886352316,0.8408383011364768,0.031746031746031744,0.8169640463069484,hybrid_rrf_pgvector
257,e63de7c84d899d7e9bc6b11b04d2684d3b78a3dbe7ed8b6e726eca9502af6d8a,rm MethodJIT-inl.h,1,0,737a8c586e01a3db3f0e7f8cdf0146c83a33197e8d2e8f1ab813f7fbb5ddbbae,play,1.0,0.0,0.03278688524590164,-0.09999999999999999,hybrid_rrf_pgvector
257,e63de7c84d899d7e9bc6b11b04d2684d3b78a3dbe7ed8b6e726eca9502af6d8a,rm MethodJIT-inl.h,2,2,50f50c77354314a73686fd77a1e2c3b3b4b8a48d5bbfdc5391409e149234c098,play,1.0,0.0,0.031746031746031744,-0.09999999999999999,hybrid_rrf_pgvector
257,e63de7c84d899d7e9bc6b11b04d2684d3b78a3dbe7ed8b6e726eca9502af6d8a,rm MethodJIT-inl.h,3,1,7175846e309b39507fa4c4cfa3ee674c5626208653c00dcf439122eea5f9aec0,pausa,1.0,0.0,0.03225806451612903,-0.15,hybrid_rrf_pgvector
257,e63de7c84d899d7e9bc6b11b04d2684d3b78a3dbe7ed8b6e726eca9502af6d8a,rm MethodJIT-inl.h,4,3,08db3dc49103c8ccfff8b8dd59d2b8fa79ebca6f181aec85d18c2d9e440dc33f,pausa,1.0,0.0,0.03125,-0.15,hybrid_rrf_pgvector
257,e63de7c84d899d7e9bc6b11b04d2684d3b78a3dbe7ed8b6e726eca9502af6d8a,rm MethodJIT-inl.h,5,4,c020e3e61c72b8025cbdaa2c813ae36f00080d2900b13a19128931d6d15dd411,stop,1.0,0.0,0.03076923076923077,-0.15,hybrid_rrf_pgvector
258,fc6f3eb84acc8ab293adaf6475b7f1971365aac268beb00a94aca6d63f940cbb,font-size-adjust non-functional under DirectWrite,1,1835,17cc4eea46c6bab7c93e7aabec5646781068fbf8b5097af855e60b2835b24431,pausa,0.030058786932306902,0.9699412130676931,0.04740957966764418,1.015432395027847,hybrid_rrf_pgvector
258,fc6f3eb84acc8ab293adaf6475b7f1971365aac268beb00a94aca6d63f940cbb,font-size-adjust non-functional under DirectWrite,2,5585,03081f89cbd8a519e303dc41cc61a3e4b7e2e2d8557810f5990978efb41cd2a2,pausa,0.05585529186151872,0.9441447081384813,0.045750384880819665,0.9857664143592535,hybrid_rrf_pgvector
258,fc6f3eb84acc8ab293adaf6475b7f1971365aac268beb00a94aca6d63f940cbb,font-size-adjust non-functional under DirectWrite,3,1464,05f8b220a5354d600975976f2883c8f1a02d7120a1c400d38cc66a823d50749f,pausa,0.05585529186151872,0.9441447081384813,0.04554334554334554,0.9857664143592535,hybrid_rrf_pgvector
258,fc6f3eb84acc8ab293adaf6475b7f1971365aac268beb00a94aca6d63f940cbb,font-size-adjust non-functional under DirectWrite,4,1925,915eca9fb5f67c3a1a2bfce3080b644c3f3fb26e0be23f506c74fc336b08ed3d,play,0.030058786932306902,0.9699412130676931,0.04817150063051703,0.9654323950278471,hybrid_rrf_pgvector
258,fc6f3eb84acc8ab293adaf6475b7f1971365aac268beb00a94aca6d63f940cbb,font-size-adjust non-functional under DirectWrite,5,3581,18c64271799585ee0e93b615ebf9067be0691bba6bade29703546a188fd3c562,play,0.05585529186151872,0.9441447081384813,0.03125,0.9357664143592535,hybrid_rrf_pgvector
259,38545f172463cdda694285488d0eff85e7cfe5e8bd8f7d2e87fb301256a545ed,[FIX]nsGenericHTMLElement::FindForm has pointless IndexOf calls,1,2478,ec8bccbc09e8a7a7c7f4f71949ca468f39b403b2076580550730cb7c976b1ee9,play,-2.220446049250313e-16,1.0000000000000002,0.046679405392392875,1.0500000000000003,hybrid_rrf_pgvector
259,38545f172463cdda694285488d0eff85e7cfe5e8bd8f7d2e87fb301256a545ed,[FIX]nsGenericHTMLElement::FindForm has pointless IndexOf calls,2,3721,2420d3acf2bad3ca2404310b8220c41235fd593fa46772ae4f08f23447be00ef,play,-2.220446049250313e-16,1.0000000000000002,0.04648394036050738,1.0500000000000003,hybrid_rrf_pgvector
259,38545f172463cdda694285488d0eff85e7cfe5e8bd8f7d2e87fb301256a545ed,[FIX]nsGenericHTMLElement::FindForm has pointless IndexOf calls,3,2309,1c05e6eb584e02ddbb0fa88af96903ce0028346c685b6db61ad02165e66fe9bd,play,-2.220446049250313e-16,1.0000000000000002,0.03125763125763126,1.0500000000000003,hybrid_rrf_pgvector
259,38545f172463cdda694285488d0eff85e7cfe5e8bd8f7d2e87fb301256a545ed,[FIX]nsGenericHTMLElement::FindForm has pointless IndexOf calls,4,3025,6bb234ebd726c64da556abd99d0f686b14b53e91e3de4512e28cdd169e492c60,pausa,-2.220446049250313e-16,1.0000000000000002,0.04444444444444444,1.0000000000000002,hybrid_rrf_pgvector
259,38545f172463cdda694285488d0eff85e7cfe5e8bd8f7d2e87fb301256a545ed,[FIX]nsGenericHTMLElement::FindForm has pointless IndexOf calls,5,5705,7e9cc706602916eb8a52e81285e0a5433e03004c921c6651721c5a1d538002de,pausa,-2.220446049250313e-16,1.0000000000000002,0.03149801587301587,1.0000000000000002,hybrid_rrf_pgvector
260,b37ef8bb9e8aea6389ebaec8eadb1544c3a2977e45d98eb07a7f3d2ba0684fde,warnings about TPoolAllocator::tHeader::lastAllocation will be initialized after TPoolAllocator::tHeader::nextPage; TConstTraverser::symbolTable will be initialized after TConstTraverser::error,1,4376,adf093c4a3437ff06e6d6b5008b25e2a0c48decd3cfd262f561fff6237c116af,pausa,0.057815755636270616,0.9421842443637294,0.03278688524590164,0.9835118810182888,hybrid_rrf_pgvector
260,b37ef8bb9e8aea6389ebaec8eadb1544c3a2977e45d98eb07a7f3d2ba0684fde,warnings about TPoolAllocator::tHeader::lastAllocation will be initialized after TPoolAllocator::tHeader::nextPage; TConstTraverser::symbolTable will be initialized after TConstTraverser::error,2,5846,06948e0aeb77124bf758ff0140ccbf57e9b7c0879f99711c374d26eb9600636c,pausa,0.059164837501298306,0.9408351624987017,0.030834914611005692,0.981960436873507,hybrid_rrf_pgvector
260,b37ef8bb9e8aea6389ebaec8eadb1544c3a2977e45d98eb07a7f3d2ba0684fde,warnings about TPoolAllocator::tHeader::lastAllocation will be initialized after TPoolAllocator::tHeader::nextPage; TConstTraverser::symbolTable will be initialized after TConstTraverser::error,3,3787,0bb015cf785f6c6a85161c7f3e97846728de904db37f7ae502388251e8a8b3bf,pausa,0.059164837501298306,0.9408351624987017,0.030798389007344232,0.981960436873507,hybrid_rrf_pgvector
260,b37ef8bb9e8aea6389ebaec8eadb1544c3a2977e45d98eb07a7f3d2ba0684fde,warnings about TPoolAllocator::tHeader::lastAllocation will be initialized after TPoolAllocator::tHeader::nextPage; TConstTraverser::symbolTable will be initialized after TConstTraverser::error,4,1535,b9bb82f8e1f19d9b2314100dd70f95f3251b2f04d724726f3ff3b48008156eee,pausa,0.059164837501298306,0.9408351624987017,0.0304147465437788,0.981960436873507,hybrid_rrf_pgvector
260,b37ef8bb9e8aea6389ebaec8eadb1544c3a2977e45d98eb07a7f3d2ba0684fde,warnings about TPoolAllocator::tHeader::lastAllocation will be initialized after TPoolAllocator::tHeader::nextPage; TConstTraverser::symbolTable will be initialized after TConstTraverser::error,5,3836,7be7037b89a2c962b8ba55f551d58b1c5fe70c02bd02e3e3daf67bcdff60911a,stop,0.059164837501298306,0.9408351624987017,0.030303030303030304,0.9319604368735069,hybrid_rrf_pgvector
261,546b2c4ca8544cf936d71095f3e4a089a278f8b8d921c7a4dc72201f0c7d5c39,search dialog folder selection dropdown - folder icons missing,1,1435,d0b14436c2d652b7b1bcf6e74a1c54781969e3dccceeb05026f4f88addcd664d,play,0.0756738168736133,0.9243261831263867,0.04918032786885246,0.9629751105953448,hybrid_rrf_pgvector
261,546b2c4ca8544cf936d71095f3e4a089a278f8b8d921c7a4dc72201f0c7d5c39,search dialog folder selection dropdown - folder icons missing,2,2664,632c6d144d120965c6d64bbff17035d372dcefc0963dce99e552ca6b8dc7504b,pausa,0.08935887870296999,0.91064112129703,0.04838709677419355,0.8972372894915845,hybrid_rrf_pgvector
261,546b2c4ca8544cf936d71095f3e4a089a278f8b8d921c7a4dc72201f0c7d5c39,search dialog folder selection dropdown - folder icons missing,3,4768,6372c154369d04f23ecf6bd2fd602f9def0a8070f0cf797c6e8453e7af9713b3,play,0.18349662721856275,0.8165033727814373,0.045228403437358664,0.8389788786986528,hybrid_rrf_pgvector
261,546b2c4ca8544cf936d71095f3e4a089a278f8b8d921c7a4dc72201f0c7d5c39,search dialog folder selection dropdown - folder icons missing,4,3301,1e70f3479727ea03fa2d6dc804ab61fd509ef36602b507ca3ba529978f72f939,play,0.1988772449859726,0.8011227550140274,0.04485852311939269,0.8212911682661316,hybrid_rrf_pgvector
261,546b2c4ca8544cf936d71095f3e4a089a278f8b8d921c7a4dc72201f0c7d5c39,search dialog folder selection dropdown - folder icons missing,5,3095,55db5c5394b48eaa5215d6720e5ac7e2906111aa3574e12e3e58d5c7c6ce40e9,pausa,0.1637143509695964,0.8362856490304036,0.04526198439241918,0.8117284963849641,hybrid_rrf_pgvector
262,3b4ef53480bc78649b57d8895e021c0bf9906ac44b562096a73962bcac1be380,Make personas caption buttons work with d3d9 layers,1,4840,27d1daf18510986dbc6dbf8a385013e8bbb7569021ce5c750633e312c0126614,play,0.105126976750609,0.894873023249391,0.045715497737556565,0.9291039767367997,hybrid_rrf_pgvector
262,3b4ef53480bc78649b57d8895e021c0bf9906ac44b562096a73962bcac1be380,Make personas caption buttons work with d3d9 layers,2,1030,7002e49eee2fd86ffcce5f1c1d586a4b20202bd7cf01330b8916c3c9635936f3,play,0.105126976750609,0.894873023249391,0.04440346790890269,0.9291039767367997,hybrid_rrf_pgvector
262,3b4ef53480bc78649b57d8895e021c0bf9906ac44b562096a73962bcac1be380,Make personas caption buttons work with d3d9 layers,3,32,5db8313f55e800e63d420edacd64f1bfeee98a04a04bd4b0c52e013ce3424338,stop,0.09957168677594885,0.9004283132240511,0.03278688524590164,0.8854925602076589,hybrid_rrf_pgvector
262,3b4ef53480bc78649b57d8895e021c0bf9906ac44b562096a73962bcac1be380,Make personas caption buttons work with d3d9 layers,4,4933,eb5cc3132aa3ba50b43cc3531fcc7aaf1b11ac8715256b68fb0bf5a0bd12f9b7,pausa,0.105126976750609,0.894873023249391,0.031024531024531024,0.8791039767367996,hybrid_rrf_pgvector
262,3b4ef53480bc78649b57d8895e021c0bf9906ac44b562096a73962bcac1be380,Make personas caption buttons work with d3d9 layers,5,5148,89289bec0401cbad698e80c7280ec0069ab94bd5dbd346b1f408f8fab5a2f79e,pausa,0.105126976750609,0.894873023249391,0.030834914611005692,0.8791039767367996,hybrid_rrf_pgvector
263,23b57056a9b1330b0ec513dfb71d60ad1a0dfa97b295da6b87e09526acd9916d,Thunderbird: New Mail Notification PopUp shows BASE64,1,3158,45b4c681669c6e44d288b35f733e8f13f0db8112f08507c5a37236bbb0007be0,pausa,0.07552690705636977,0.9244730929436302,0.04918032786885246,0.9131440568851747,hybrid_rrf_pgvector
263,23b57056a9b1330b0ec513dfb71d60ad1a0dfa97b295da6b87e09526acd9916d,Thunderbird: New Mail Notification PopUp shows BASE64,2,2646,e3dbcee9c599c3805cee7065c92ff77e2887568be07fca53fb10746f9878c357,play,0.185941432768427,0.814058567231573,0.04788306451612903,0.836167352316309,hybrid_rrf_pgvector
263,23b57056a9b1330b0ec513dfb71d60ad1a0dfa97b295da6b87e09526acd9916d,Thunderbird: New Mail Notification PopUp shows BASE64,3,766,e509a86b083224f9b5f17aaba2dfb5620b0ed73aea2578d37919d604e5024038,play,0.20691226397494766,0.7930877360250523,0.04574275362318841,0.8120508964288102,hybrid_rrf_pgvector
263,23b57056a9b1330b0ec513dfb71d60ad1a0dfa97b295da6b87e09526acd9916d,Thunderbird: New Mail Notification PopUp shows BASE64,4,5760,2ff66d4dc55e0d273f76f16355da9d5a2643b393182685f8716b5b43288c4bef,play,0.2152832697476419,0.7847167302523581,0.045228403437358664,0.8024242397902118,hybrid_rrf_pgvector
263,23b57056a9b1330b0ec513dfb71d60ad1a0dfa97b295da6b87e09526acd9916d,Thunderbird: New Mail Notification PopUp shows BASE64,5,1216,1f7114f554bf08c4ca954e0c55f36510130ca7988a3d3885c4b6881aa62cbc16,stop,0.20595631720831253,0.7940436827916875,0.047619047619047616,0.7631502352104406,hybrid_rrf_pgvector
264,b2875ffbadb0fc2578b7e04e4051d533645a5b01b7b4c602f5ebaac7f088e0cd,[Markers] All labels in tasks and breakpoints views are  bold,1,0,737a8c586e01a3db3f0e7f8cdf0146c83a33197e8d2e8f1ab813f7fbb5ddbbae,play,1.0,0.0,0.03278688524590164,-0.09999999999999999,hybrid_rrf_pgvector
264,b2875ffbadb0fc2578b7e04e4051d533645a5b01b7b4c602f5ebaac7f088e0cd,[Markers] All labels in tasks and breakpoints views are  bold,2,2,50f50c77354314a73686fd77a1e2c3b3b4b8a48d5bbfdc5391409e149234c098,play,1.0,0.0,0.031746031746031744,-0.09999999999999999,hybrid_rrf_pgvector
264,b2875ffbadb0fc2578b7e04e4051d533645a5b01b7b4c602f5ebaac7f088e0cd,[Markers] All labels in tasks and breakpoints views are  bold,3,1,7175846e309b39507fa4c4cfa3ee674c5626208653c00dcf439122eea5f9aec0,pausa,1.0,0.0,0.03225806451612903,-0.15,hybrid_rrf_pgvector
264,b2875ffbadb0fc2578b7e04e4051d533645a5b01b7b4c602f5ebaac7f088e0cd,[Markers] All labels in tasks and breakpoints views are  bold,4,3,08db3dc49103c8ccfff8b8dd59d2b8fa79ebca6f181aec85d18c2d9e440dc33f,pausa,1.0,0.0,0.03125,-0.15,hybrid_rrf_pgvector
264,b2875ffbadb0fc2578b7e04e4051d533645a5b01b7b4c602f5ebaac7f088e0cd,[Markers] All labels in tasks and breakpoints views are  bold,5,4,c020e3e61c72b8025cbdaa2c813ae36f00080d2900b13a19128931d6d15dd411,stop,1.0,0.0,0.03076923076923077,-0.15,hybrid_rrf_pgvector
265,77db23f76871567d3c22e8ab8a22ddf677ed315b17381db16a6b55aed4dd4357,should unvisited bookmarks be searched in url bar?,1,2973,1bf90788b83200197b52178733cdfbca3b2bbb01d151af93a7053102c32bb684,stop,0.012767645168082153,0.9872323548319178,0.04670793048402157,1.0353172080567055,hybrid_rrf_pgvector
265,77db23f76871567d3c22e8ab8a22ddf677ed315b17381db16a6b55aed4dd4357,should unvisited bookmarks be searched in url bar?,2,595,394114d671d63ff852b694829de5b6d71c8649d1fa3ff775506edb40dd6544a6,stop,0.012767645168082153,0.9872323548319178,0.0460397465437788,1.0353172080567055,hybrid_rrf_pgvector
265,77db23f76871567d3c22e8ab8a22ddf677ed315b17381db16a6b55aed4dd4357,should unvisited bookmarks be searched in url bar?,3,738,14c5ba3ca1901714e7dd673bc9d65c6578e0597f16a2dbf635eb9ef562bf2a12,stop,0.012767645168082153,0.9872323548319178,0.04599076949620428,1.0353172080567055,hybrid_rrf_pgvector
265,77db23f76871567d3c22e8ab8a22ddf677ed315b17381db16a6b55aed4dd4357,should unvisited bookmarks be searched in url bar?,4,5792,ab648de25d596efe51e02766a49a9290091ea929d468490477f19f94cc090ee2,play,0.012767645168082153,0.9872323548319178,0.03278688524590164,0.9853172080567055,hybrid_rrf_pgvector
265,77db23f76871567d3c22e8ab8a22ddf677ed315b17381db16a6b55aed4dd4357,should unvisited bookmarks be searched in url bar?,5,5005,c23750dd89bf0f6d8eea2fc81c6ee7f3df7788e7eb15d19df293d471809cc176,pausa,0.05493535841808528,0.9450646415819147,0.045171910531853515,0.9368243378192019,hybrid_rrf_pgvector
266,aba8b9553c4c3d26f8eeb932b64911860c27836bcc1d63bff3c739a6b03c0577,[CheatSheet] perform-when not working correctly,1,5443,4bc86e270e53d4ad35568c8add47761853e4dbc928604669a295f04c476b2582,pausa,1.1102230246251565e-16,0.9999999999999999,0.04841188524590165,1.0499999999999998,hybrid_rrf_pgvector
266,aba8b9553c4c3d26f8eeb932b64911860c27836bcc1d63bff3c739a6b03c0577,[CheatSheet] perform-when not working correctly,2,5230,eea58c5601968c14da1730fe7e2aeb54e88feefda39fbb9ace88cbce3d04f752,pausa,1.1102230246251565e-16,0.9999999999999999,0.04838709677419355,1.0499999999999998,hybrid_rrf_pgvector
266,aba8b9553c4c3d26f8eeb932b64911860c27836bcc1d63bff3c739a6b03c0577,[CheatSheet] perform-when not working correctly,3,2188,d0f59888e8fc08df2fd20e998075398fe29126f4b8550cf879442ce2920b6a3f,pausa,1.1102230246251565e-16,0.9999999999999999,0.047619047619047616,1.0499999999999998,hybrid_rrf_pgvector
266,aba8b9553c4c3d26f8eeb932b64911860c27836bcc1d63bff3c739a6b03c0577,[CheatSheet] perform-when not working correctly,4,867,08fe5962cd5dd8f3bfc79643b02cf124fad291fc14aec523c349781e5f1a546e,stop,1.1102230246251565e-16,0.9999999999999999,0.047643442622950824,0.9999999999999999,hybrid_rrf_pgvector
266,aba8b9553c4c3d26f8eeb932b64911860c27836bcc1d63bff3c739a6b03c0577,[CheatSheet] perform-when not working correctly,5,5709,769800485fe11772c997a3a7ab56a7f921f8fae386689dc9d79b28ad9fcccb10,pausa,0.12482535409326345,0.8751746459067365,0.030309988518943745,0.9064508427927471,hybrid_rrf_pgvector
267,ff123f925c04598f28748e249e8a4e2ea2ed3bf9aae1713420f312e4945afd38,"Firefox honors embedded ICC intent flag, and probably shouldn't",1,452,59badc4c5a2da732bbf996ef64ba7c8e2a12bcf39361f849db4d0f569ab16b47,play,0.1823670686492811,0.8176329313507189,0.048651507139079855,0.8402778710533267,hybrid_rrf_pgvector
267,ff123f925c04598f28748e249e8a4e2ea2ed3bf9aae1713420f312e4945afd38,"Firefox honors embedded ICC intent flag, and probably shouldn't",2,5387,f0138690abf04d82969608e11245385d3a0c96efab2f83d78ef3a1bc2567eb70,play,0.18475368972105422,0.8152463102789458,0.03125763125763126,0.8375332568207877,hybrid_rrf_pgvector
267,ff123f925c04598f28748e249e8a4e2ea2ed3bf9aae1713420f312e4945afd38,"Firefox honors embedded ICC intent flag, and probably shouldn't",3,77,b5435d8955077217ea0d040a6c4eee670b6b062dd098dc5dce1b49d2d09ff68a,play,0.18475368972105422,0.8152463102789458,0.03057889822595705,0.8375332568207877,hybrid_rrf_pgvector
267,ff123f925c04598f28748e249e8a4e2ea2ed3bf9aae1713420f312e4945afd38,"Firefox honors embedded ICC intent flag, and probably shouldn't",4,479,cd7b2b02e0a31f01743bc4aac00d2c5b0bbe4cdde2b187cc64b0e132c65105ca,pausa,0.1823670686492811,0.8176329313507189,0.048915917503966164,0.7902778710533267,hybrid_rrf_pgvector
267,ff123f925c04598f28748e249e8a4e2ea2ed3bf9aae1713420f312e4945afd38,"Firefox honors embedded ICC intent flag, and probably shouldn't",5,4741,653b868b32009b1144cded5b0ceb0f1aa30a2463e0fc7f54585bde2674125804,pausa,0.18475368972105422,0.8152463102789458,0.030776515151515152,0.7875332568207877,hybrid_rrf_pgvector
268,109a5fcbb0e30f20469eca0ca453fab9c458da30625b8d3317b38c68cdb18f0e,F16-F19 unusable as shortcut keys in General -> Keys,1,0,737a8c586e01a3db3f0e7f8cdf0146c83a33197e8d2e8f1ab813f7fbb5ddbbae,play,1.0,0.0,0.03278688524590164,-0.09999999999999999,hybrid_rrf_pgvector
268,109a5fcbb0e30f20469eca0ca453fab9c458da30625b8d3317b38c68cdb18f0e,F16-F19 unusable as shortcut keys in General -> Keys,2,2,50f50c77354314a73686fd77a1e2c3b3b4b8a48d5bbfdc5391409e149234c098,play,1.0,0.0,0.031746031746031744,-0.09999999999999999,hybrid_rrf_pgvector
268,109a5fcbb0e30f20469eca0ca453fab9c458da30625b8d3317b38c68cdb18f0e,F16-F19 unusable as shortcut keys in General -> Keys,3,1,7175846e309b39507fa4c4cfa3ee674c5626208653c00dcf439122eea5f9aec0,pausa,1.0,0.0,0.03225806451612903,-0.15,hybrid_rrf_pgvector
268,109a5fcbb0e30f20469eca0ca453fab9c458da30625b8d3317b38c68cdb18f0e,F16-F19 unusable as shortcut keys in General -> Keys,4,3,08db3dc49103c8ccfff8b8dd59d2b8fa79ebca6f181aec85d18c2d9e440dc33f,pausa,1.0,0.0,0.03125,-0.15,hybrid_rrf_pgvector
268,109a5fcbb0e30f20469eca0ca453fab9c458da30625b8d3317b38c68cdb18f0e,F16-F19 unusable as shortcut keys in General -> Keys,5,4,c020e3e61c72b8025cbdaa2c813ae36f00080d2900b13a19128931d6d15dd411,stop,1.0,0.0,0.03076923076923077,-0.15,hybrid_rrf_pgvector
269,e2ba3ad14369f2083a8e8f6b45d0b0b0eeb423ae480e817785a0266dec250c50,[europa] appearance preference page corrupted after switch wks,1,4945,b3147a9b89b0f5ab8f547a02eb785522c07058313edab1955941847751c79117,play,0.1269079084357343,0.8730920915642657,0.048915917503966164,0.9040559052989056,hybrid_rrf_pgvector
269,e2ba3ad14369f2083a8e8f6b45d0b0b0eeb423ae480e817785a0266dec250c50,[europa] appearance preference page corrupted after switch wks,2,138,1804c0f92a431c8db8e441c4ec55bfc06bf020d91c7f06784cb02f738ed7fa52,play,0.1269079084357343,0.8730920915642657,0.048651507139079855,0.9040559052989056,hybrid_rrf_pgvector
269,e2ba3ad14369f2083a8e8f6b45d0b0b0eeb423ae480e817785a0266dec250c50,[europa] appearance preference page corrupted after switch wks,3,4548,95a436e705b0ff015b471c80859ee8b73460700936befb228429c145d796e4d5,play,0.16292053014679142,0.8370794698532086,0.04713064713064713,0.8626413903311899,hybrid_rrf_pgvector
269,e2ba3ad14369f2083a8e8f6b45d0b0b0eeb423ae480e817785a0266dec250c50,[europa] appearance preference page corrupted after switch wks,4,5147,b6ac57e1c95e0a47ae1e299a16c79aaf58bc6bbfd2b7b83e60f369dda51ba20f,play,0.18622244004194055,0.8137775599580594,0.046875,0.8358441939517685,hybrid_rrf_pgvector
269,e2ba3ad14369f2083a8e8f6b45d0b0b0eeb423ae480e817785a0266dec250c50,[europa] appearance preference page corrupted after switch wks,5,1418,18ce4beaf9fce0df6df2440c6163ee3b3f832f2db053da5f3cea32674d72ea91,play,0.1875197025133375,0.8124802974866625,0.04547511312217195,0.8343523421096619,hybrid_rrf_pgvector
270,941e279fe4cb0c7de6c267e37ad5bcefb45c1bcdfed08b2d85cd0983aae3395b,NPE in Launch Configuration Mgr,1,974,197f2220f8e44f5278136d0edac9f0de3fbd76317cfcd5ff80f0ad422aa93e27,play,0.040423470314932874,0.9595765296850671,0.04696394686907021,1.0035130091378273,hybrid_rrf_pgvector
270,941e279fe4cb0c7de6c267e37ad5bcefb45c1bcdfed08b2d85cd0983aae3395b,NPE in Launch Configuration Mgr,2,2680,91ff70e6eb3ae040e9b49e313ffdb5de6c720d56943ce731f6a39b92b03b11b0,pausa,1.1102230246251565e-16,0.9999999999999999,0.04918032786885246,0.9999999999999999,hybrid_rrf_pgvector
270,941e279fe4cb0c7de6c267e37ad5bcefb45c1bcdfed08b2d85cd0983aae3395b,NPE in Launch Configuration Mgr,3,4436,e1c858a262bb622f4fc6315f319a93ac88db39922988786b61ca43d8d28eb580,stop,0.06199832784561854,0.9380016721543815,0.046897546897546896,0.9287019229775387,hybrid_rrf_pgvector
270,941e279fe4cb0c7de6c267e37ad5bcefb45c1bcdfed08b2d85cd0983aae3395b,NPE in Launch Configuration Mgr,4,1514,4e2178253cb9736eebbf19c8ee39c87b0759a28fbe07bf6c7bb8b36292bff6bd,stop,0.0732610036223601,0.9267389963776399,0.047379032258064516,0.9157498458342859,hybrid_rrf_pgvector
270,941e279fe4cb0c7de6c267e37ad5bcefb45c1bcdfed08b2d85cd0983aae3395b,NPE in Launch Configuration Mgr,5,4391,f0eeaed2ce559b8136cdbd097c7e884cabaef6528b80db576af436b47aa4b5a0,pausa,0.0792887643623339,0.9207112356376661,0.04569460390355913,0.908817920983316,hybrid_rrf_pgvector
271,e466aa34f1fee6eddc198b8a436fb8480574d59c4ce6904298c64521232a09cb,"JAWS does not read ""Bookmarks"" or ""History"" when sidebar opens",1,3246,c9e7b0ee8439d0f222dd2b042dad3943f9e3897bef531b2aef38ed31dba4f973,play,0.1535861920370838,0.8464138079629162,0.04551728464771943,0.8733758791573537,hybrid_rrf_pgvector
271,e466aa34f1fee6eddc198b8a436fb8480574d59c4ce6904298c64521232a09cb,"JAWS does not read ""Bookmarks"" or ""History"" when sidebar opens",2,5709,769800485fe11772c997a3a7ab56a7f921f8fae386689dc9d79b28ad9fcccb10,pausa,0.1535861920370838,0.8464138079629162,0.04767399003253049,0.8233758791573537,hybrid_rrf_pgvector
271,e466aa34f1fee6eddc198b8a436fb8480574d59c4ce6904298c64521232a09cb,"JAWS does not read ""Bookmarks"" or ""History"" when sidebar opens",3,3979,a81cfb4061a1f185f2e2f92507a81d44ee3aca48e720a91bb662eef8ede088c1,stop,0.1535861920370838,0.8464138079629162,0.04670793048402157,0.8233758791573537,hybrid_rrf_pgvector
271,e466aa34f1fee6eddc198b8a436fb8480574d59c4ce6904298c64521232a09cb,"JAWS does not read ""Bookmarks"" or ""History"" when sidebar opens",4,3153,059ab6dea22382ab5478d0654195f7ab9b16817d2cb8c3136c5b8ceb81a6eb23,pausa,0.1535861920370838,0.8464138079629162,0.04617537313432836,0.8233758791573537,hybrid_rrf_pgvector
271,e466aa34f1fee6eddc198b8a436fb8480574d59c4ce6904298c64521232a09cb,"JAWS does not read ""Bookmarks"" or ""History"" when sidebar opens",5,2911,d32da95f6be2e12409f00d3870528c4c30378053e024b39e5c84a37693f0bf71,pausa,0.19274719520067118,0.8072528047993288,0.046244188891607536,0.7783407255192282,hybrid_rrf_pgvector
272,b468c58dbed16c644ba539e8604d11bc57da77e09be6de6a0aca5808812a86e6,remove support for <pre variable>,1,4275,ab16fa988a6f9885f1dc95ec09a12cbecc8404aedb0b418b25dcbede7b1dfcef,pausa,0.07687563860945734,0.9231243613905427,0.04839549075403121,0.9615930155991241,hybrid_rrf_pgvector
272,b468c58dbed16c644ba539e8604d11bc57da77e09be6de6a0aca5808812a86e6,remove support for <pre variable>,2,1802,d10f5156a6277b6e1309db8e2fbaacb1fe8c7c498df9bbf494441248916b8fcd,pausa,0.07687563860945734,0.9231243613905427,0.04740305800756621,0.9615930155991241,hybrid_rrf_pgvector
272,b468c58dbed16c644ba539e8604d11bc57da77e09be6de6a0aca5808812a86e6,remove support for <pre variable>,3,3089,55c6044e5c8a3dc839d1b34524eb108b446dfc5c7c6a034943a64dc3c332b372,pausa,0.07687563860945734,0.9231243613905427,0.04618300439195962,0.9615930155991241,hybrid_rrf_pgvector
272,b468c58dbed16c644ba539e8604d11bc57da77e09be6de6a0aca5808812a86e6,remove support for <pre variable>,4,3342,53c1e33289e84aba383be19b2723567752d8537b5fb393bd09840ce85db04e11,play,0.07687563860945734,0.9231243613905427,0.04690554740957967,0.9115930155991241,hybrid_rrf_pgvector
272,b468c58dbed16c644ba539e8604d11bc57da77e09be6de6a0aca5808812a86e6,remove support for <pre variable>,5,2117,1486533c7fd3518dff172feae3d82b873b70f6a7dd682380aeda30a7488107f2,play,0.07687563860945734,0.9231243613905427,0.04688263125763126,0.9115930155991241,hybrid_rrf_pgvector
273,3a5b76b5f89d3df7310a91029d6741c0201f3f0754e5c0c7a8c87963ff1de341,overflow warning in nsJSEnvironment.cpp using gcc 4.1.2,1,836,06865ba2ef55436f9f3e0d83fbab4387fbf2b3f62d7e95f4afeca9a791d4d78d,pausa,0.010073582167494433,0.9899264178325056,0.048651507139079855,1.0384153805073815,hybrid_rrf_pgvector
273,3a5b76b5f89d3df7310a91029d6741c0201f3f0754e5c0c7a8c87963ff1de341,overflow warning in nsJSEnvironment.cpp using gcc 4.1.2,2,3012,ba839140ae3bdba4683a41ae214fc154586adef5544bc8842625ce0b7350a1f1,pausa,0.010073582167494433,0.9899264178325056,0.04839549075403121,1.0384153805073815,hybrid_rrf_pgvector
273,3a5b76b5f89d3df7310a91029d6741c0201f3f0754e5c0c7a8c87963ff1de341,overflow warning in nsJSEnvironment.cpp using gcc 4.1.2,3,1396,74ae06b61760b23fc3b2d2e6a5158e3fdaa41e4dbf4234b19f76b5af20abb2c5,pausa,0.038900566376279366,0.9610994336237206,0.031009615384615385,1.0052643486672788,hybrid_rrf_pgvector
273,3a5b76b5f89d3df7310a91029d6741c0201f3f0754e5c0c7a8c87963ff1de341,overflow warning in nsJSEnvironment.cpp using gcc 4.1.2,4,1066,64b959d4797d659c38efeac3e2a9183d102615420d436607f6834f7adc132d57,play,0.03760889031472958,0.9623911096852704,0.031746031746031744,0.956749776138061,hybrid_rrf_pgvector
273,3a5b76b5f89d3df7310a91029d6741c0201f3f0754e5c0c7a8c87963ff1de341,overflow warning in nsJSEnvironment.cpp using gcc 4.1.2,5,97,8e7a9a6803fef903d91128bc4631bad3602a37695968cd830e70440c357d43af,play,0.038900566376279366,0.9610994336237206,0.030776515151515152,0.9552643486672787,hybrid_rrf_pgvector
274,f3274d640645681a4226c5153fde08204ae66e72bcb8622ec46507487cc8b69b,Analyze implementation of closures in V8,1,5084,5fe17932981286c3fa51db4435e5d37fb65f9b0667e7793f96ee967ffee18cf9,play,0.05142228499927559,0.9485777150007244,0.04764267990074442,0.9908643722508331,hybrid_rrf_pgvector
274,f3274d640645681a4226c5153fde08204ae66e72bcb8622ec46507487cc8b69b,Analyze implementation of closures in V8,2,2131,2265ceb1a2cba9f1a7a4c87cc1adb8e793899289f8d51baee4d4f29a3093eb91,play,0.05142228499927559,0.9485777150007244,0.04762704813108039,0.9908643722508331,hybrid_rrf_pgvector
274,f3274d640645681a4226c5153fde08204ae66e72bcb8622ec46507487cc8b69b,Analyze implementation of closures in V8,3,832,3c65c325267668f2bd1899ef835bea978658b72d180495254d42e6cc81bb5ac3,play,0.05142228499927559,0.9485777150007244,0.04692957315908136,0.9908643722508331,hybrid_rrf_pgvector
274,f3274d640645681a4226c5153fde08204ae66e72bcb8622ec46507487cc8b69b,Analyze implementation of closures in V8,4,5138,4d96ae31cf62ccfe437ceae9e7bedc7e235be9c468f1f2d3023fa5b01da71ef8,pausa,0.05142228499927559,0.9485777150007244,0.0479384003974168,0.9408643722508331,hybrid_rrf_pgvector
274,f3274d640645681a4226c5153fde08204ae66e72bcb8622ec46507487cc8b69b,Analyze implementation of closures in V8,5,2206,f891b30e52f07dd48ea08a4178a997e924b53edf2591ee5cd4cf272a7672f068,pausa,0.05142228499927559,0.9485777150007244,0.04712301587301587,0.9408643722508331,hybrid_rrf_pgvector
275,038bb95919de3dccda33302cd38a983ce2aa572d746cc989aecf39f4206a2f2d,Kill the FunctionTimer code,1,5647,04aadc73f9a51e18dc93b71a1d8661ad5fa54edb5b9c29e6f2e2f09d024592ae,pausa,0.0,1.0,0.04839549075403121,1.05,hybrid_rrf_pgvector
275,038bb95919de3dccda33302cd38a983ce2aa572d746cc989aecf39f4206a2f2d,Kill the FunctionTimer code,2,5704,8374c384d19c6c6b9dfd61b5c701b275728bde83377e4eee6383ba84a51b0746,pausa,0.0,1.0,0.03252247488101534,1.05,hybrid_rrf_pgvector
275,038bb95919de3dccda33302cd38a983ce2aa572d746cc989aecf39f4206a2f2d,Kill the FunctionTimer code,3,5127,f4438ff8437606a62466710b1390dd08c0bb9363e930fbcf3a45c061c9ff5185,pausa,0.0,1.0,0.03149801587301587,1.05,hybrid_rrf_pgvector
275,038bb95919de3dccda33302cd38a983ce2aa572d746cc989aecf39f4206a2f2d,Kill the FunctionTimer code,4,4423,7df0d9a5eecda2930c0b3dc7f0ce4c64f376b20948663a5310765fe164aaeb2f,play,0.0,1.0,0.044563279857397504,1.0,hybrid_rrf_pgvector
275,038bb95919de3dccda33302cd38a983ce2aa572d746cc989aecf39f4206a2f2d,Kill the FunctionTimer code,5,5439,9a89358ba4f3ca6153ce00f45a2f651272483e7de1a0291799b7d1d1590a9846,play,0.0,1.0,0.03149801587301587,1.0,hybrid_rrf_pgvector
276,c126d2062e11518be639c124996082ff764f0824cad85f9d4892a194440a42b0,[ruleview] The warning icon should disappear as soon as the value is correct,1,3410,c801e29e2d281e648463c80aa8d64ccc86aa0b9c54a443e746f82d93cd5ed0ec,play,0.1536692375330364,0.8463307624669636,0.04572376214167259,0.8732803768370082,hybrid_rrf_pgvector
276,c126d2062e11518be639c124996082ff764f0824cad85f9d4892a194440a42b0,[ruleview] The warning icon should disappear as soon as the value is correct,2,3236,a879cce9b42228c94a8abc0490870aac043afc9079ecef13583a49f541735b9e,play,0.1536692375330364,0.8463307624669636,0.045715497737556565,0.8732803768370082,hybrid_rrf_pgvector
276,c126d2062e11518be639c124996082ff764f0824cad85f9d4892a194440a42b0,[ruleview] The warning icon should disappear as soon as the value is correct,3,1553,cbb06893214a1262629eae8635154cba9a5527ace765b180fc0eb61c3b6f0fb4,play,0.1536692375330364,0.8463307624669636,0.04529114263053264,0.8732803768370082,hybrid_rrf_pgvector
276,c126d2062e11518be639c124996082ff764f0824cad85f9d4892a194440a42b0,[ruleview] The warning icon should disappear as soon as the value is correct,4,5965,9498d79678d2d3c9a9d091c5e079a2f0742f8137b2db8d071b3ed56ce3631d19,play,0.1536692375330364,0.8463307624669636,0.032018442622950824,0.8732803768370082,hybrid_rrf_pgvector
276,c126d2062e11518be639c124996082ff764f0824cad85f9d4892a194440a42b0,[ruleview] The warning icon should disappear as soon as the value is correct,5,1797,c75efd633493f9a7a7b1330b8a1670baf9c18aec51f4a2a633431fb5295b5156,pausa,0.1536692375330364,0.8463307624669636,0.04556626169529395,0.8232803768370082,hybrid_rrf_pgvector
277,3afc3a413c9720c7de37e0ff5a7b2fb359405fbf9c7eb2eca038aa6d3daa06fb,disappearing incoming decorators in synchronize view,1,2349,15637992305cc3ec01d2f54aa288dc39a719f59697a3c54c6cb63038e290683f,play,0.0,1.0,0.03200204813108039,1.05,hybrid_rrf_pgvector
277,3afc3a413c9720c7de37e0ff5a7b2fb359405fbf9c7eb2eca038aa6d3daa06fb,disappearing incoming decorators in synchronize view,2,2481,5dd09ce9581feed6addf8346fc61fa7d76fe13d9a45e67c326642a2164bae660,play,0.0,1.0,0.03131881575727918,1.05,hybrid_rrf_pgvector
277,3afc3a413c9720c7de37e0ff5a7b2fb359405fbf9c7eb2eca038aa6d3daa06fb,disappearing incoming decorators in synchronize view,3,5664,89b6850a6226c62691dea735d767807626a0dbb460b7bad817c9fe33ac4ec5c4,play,0.0,1.0,0.031024531024531024,1.05,hybrid_rrf_pgvector
277,3afc3a413c9720c7de37e0ff5a7b2fb359405fbf9c7eb2eca038aa6d3daa06fb,disappearing incoming decorators in synchronize view,4,3962,7974aff7e8edc3a8da2313aa3dbe7ae5ee37cbde5ee416f49dd44a07c86cf14f,play,0.0,1.0,0.031024531024531024,1.05,hybrid_rrf_pgvector
277,3afc3a413c9720c7de37e0ff5a7b2fb359405fbf9c7eb2eca038aa6d3daa06fb,disappearing incoming decorators in synchronize view,5,4877,6c76cfdc86a914e347c80b5d0f3e5fb6197a3c0a97faf90cd191c27c724f8fde,pausa,0.0,1.0,0.03076923076923077,1.0,hybrid_rrf_pgvector
278,6f1a18deb9ce3ac28137edb6c81543a4e5552083c0e3066cdc756edc570e0344,"JS exception ""aTabs[0].linkedBrowser is null"" in nsSessionStore.js",1,1330,c175e28e09187d505e273da03d52e383cde2218a32292e21ffab0a86a5d8a9cc,pausa,0.21213504028557217,0.7878649597144278,0.045730413377472204,0.8060447036715921,hybrid_rrf_pgvector
278,6f1a18deb9ce3ac28137edb6c81543a4e5552083c0e3066cdc756edc570e0344,"JS exception ""aTabs[0].linkedBrowser is null"" in nsSessionStore.js",2,4776,e4a98b258d6386f16b684f50883bd853aa601086e25244247d6ddabe4cf729d1,pausa,0.21213504028557217,0.7878649597144278,0.032266458495966696,0.8060447036715921,hybrid_rrf_pgvector
278,6f1a18deb9ce3ac28137edb6c81543a4e5552083c0e3066cdc756edc570e0344,"JS exception ""aTabs[0].linkedBrowser is null"" in nsSessionStore.js",3,2660,59a9342d7dcd76f5845b84c6820036126fe75fa7a98c1c117d58d0c11df1e563,pausa,0.21213504028557217,0.7878649597144278,0.0304147465437788,0.8060447036715921,hybrid_rrf_pgvector
278,6f1a18deb9ce3ac28137edb6c81543a4e5552083c0e3066cdc756edc570e0344,"JS exception ""aTabs[0].linkedBrowser is null"" in nsSessionStore.js",4,5575,5024587cb6ede1852498acc49b9e5898c7a439982409190802b9f1e5b2dc285e,play,0.21213504028557217,0.7878649597144278,0.032018442622950824,0.756044703671592,hybrid_rrf_pgvector
278,6f1a18deb9ce3ac28137edb6c81543a4e5552083c0e3066cdc756edc570e0344,"JS exception ""aTabs[0].linkedBrowser is null"" in nsSessionStore.js",5,1018,b543870343cfb60ea3140fb010ebe168f05ed7fe38a6493728ff079db249b026,play,0.21213504028557217,0.7878649597144278,0.030834914611005692,0.756044703671592,hybrid_rrf_pgvector
279,81529d75c7a7dd1cd30819d510bc6c52324ab89a5e9e68e330ef65c34f93ea75,Mouse wheel scrolling broken with Katmouse enabled,1,3682,2e77c10bf2354f93ec1a3c729ec08aae3955accb27ff56a0c8af36155039fc45,pausa,0.1332529923953225,0.8667470076046775,0.048915917503966164,0.8967590587453792,hybrid_rrf_pgvector
279,81529d75c7a7dd1cd30819d510bc6c52324ab89a5e9e68e330ef65c34f93ea75,Mouse wheel scrolling broken with Katmouse enabled,2,2430,2497d6eba47dae78bf7e7d5e2b231f4d3b9f0cd66c25009854bcce6f02db2fcb,pausa,0.1332529923953225,0.8667470076046775,0.048651507139079855,0.8967590587453792,hybrid_rrf_pgvector
279,81529d75c7a7dd1cd30819d510bc6c52324ab89a5e9e68e330ef65c34f93ea75,Mouse wheel scrolling broken with Katmouse enabled,3,4281,bc91a25336aa0c2fe3e8712da3e0694c0f397c975df1b10e3a03817952fa20d4,pausa,0.19705563637886536,0.8029443636211346,0.04712301587301587,0.8233860181643049,hybrid_rrf_pgvector
279,81529d75c7a7dd1cd30819d510bc6c52324ab89a5e9e68e330ef65c34f93ea75,Mouse wheel scrolling broken with Katmouse enabled,4,4269,fa02d5c1d4d7b84e7fdc70202e3eb3b6e75b0c7ffed2a14e5a03203fc592d19f,pausa,0.19705563637886536,0.8029443636211346,0.046153846153846156,0.8233860181643049,hybrid_rrf_pgvector
279,81529d75c7a7dd1cd30819d510bc6c52324ab89a5e9e68e330ef65c34f93ea75,Mouse wheel scrolling broken with Katmouse enabled,5,4969,fdac26e1517cbeaa54d8f4d8a1e1f99260879198a16cc617524927f3ab0352d8,play,0.19705563637886536,0.8029443636211346,0.04642338900734423,0.7733860181643049,hybrid_rrf_pgvector
280,81e795179cad1652ea0ad25ddbe3fbbfebb31e52cc9ac230c554e9d6c36ffda2,Mac download note could use an update,1,3568,321a89223a408060fbdaa67b466a15cc684a3195e60b016767af9e87f9efe6c1,pausa,0.15371583863889438,0.8462841613611056,0.04918032786885246,0.8732267855652716,hybrid_rrf_pgvector
280,81e795179cad1652ea0ad25ddbe3fbbfebb31e52cc9ac230c554e9d6c36ffda2,Mac download note could use an update,2,2866,cff0de93b60d1106e8135e7ad18adfdd0ea54a84358a2ebd6d111f766a187aaa,pausa,0.20147935655845306,0.7985206434415469,0.03225806451612903,0.818298739957779,hybrid_rrf_pgvector
280,81e795179cad1652ea0ad25ddbe3fbbfebb31e52cc9ac230c554e9d6c36ffda2,Mac download note could use an update,3,4463,e29d24d8973983d49e8dc3d45a71e9f6b2f2bff5bbfd0611be10c136d3b51056,pausa,0.23740611223960506,0.7625938877603949,0.03125,0.7769829709244542,hybrid_rrf_pgvector
280,81e795179cad1652ea0ad25ddbe3fbbfebb31e52cc9ac230c554e9d6c36ffda2,Mac download note could use an update,4,3853,e140db80b86c5052c87c5ff1bd71f64a433859ce5ddce650a535a066a8a74ebf,play,0.22420895605406788,0.7757910439459321,0.04787506400409626,0.742159700537822,hybrid_rrf_pgvector
280,81e795179cad1652ea0ad25ddbe3fbbfebb31e52cc9ac230c554e9d6c36ffda2,Mac download note could use an update,5,2,50f50c77354314a73686fd77a1e2c3b3b4b8a48d5bbfdc5391409e149234c098,play,0.247054478265601,0.752945521734399,0.03076923076923077,0.7158873499945588,hybrid_rrf_pgvector
281,e6b1729aa2032bb78d6426b01a461a55d8fa894b88ee99221e69c3cdc33f6e00,Remove GroupItem's xDensity and yDensity properties,1,5555,f73db480200ffaf0c0113bb4f3a9e1e43942882fde79f750dd550d9545367576,pausa,0.0,1.0,0.03200204813108039,1.05,hybrid_rrf_pgvector
281,e6b1729aa2032bb78d6426b01a461a55d8fa894b88ee99221e69c3cdc33f6e00,Remove GroupItem's xDensity and yDensity properties,2,5308,8d3b9d8f5463a5d273dfd2e07ed25808054386954327c53bf0bd94048dbc475f,pausa,0.0,1.0,0.030776515151515152,1.05,hybrid_rrf_pgvector
281,e6b1729aa2032bb78d6426b01a461a55d8fa894b88ee99221e69c3cdc33f6e00,Remove GroupItem's xDensity and yDensity properties,3,5914,5a60ff2c1e3aafa7c9af0426630585a3139f0e0ef9a0109cc3e84fff91cc58cc,play,0.0,1.0,0.03278688524590164,1.0,hybrid_rrf_pgvector
281,e6b1729aa2032bb78d6426b01a461a55d8fa894b88ee99221e69c3cdc33f6e00,Remove GroupItem's xDensity and yDensity properties,4,5500,3775b4e800f314c688e56ed505f8ef23524edcb48c43e706af477ed3c4e1339f,play,0.0,1.0,0.03200204813108039,1.0,hybrid_rrf_pgvector
281,e6b1729aa2032bb78d6426b01a461a55d8fa894b88ee99221e69c3cdc33f6e00,Remove GroupItem's xDensity and yDensity properties,5,5154,1cea6709090f44c12cf46a0ac11b9784fcd1f14731b33df8ae5c5d4599c2fe3d,play,0.0,1.0,0.030776515151515152,1.0,hybrid_rrf_pgvector
282,3df60837c60dbc6e22da783114380d72ee85da08796eb6d79b3bf178cdc788df,include unistd.h for close,1,3700,8e1bdfb5de655aeca759a566b69a08937409ec6716a620c880ed9a39c1e6fcda,pausa,0.0,1.0,0.04865990111891752,1.05,hybrid_rrf_pgvector
282,3df60837c60dbc6e22da783114380d72ee85da08796eb6d79b3bf178cdc788df,include unistd.h for close,2,2573,957617e2f88f633db65bd248d9ef10b1e931dbd4e2c53a10e4dc566be9fe3522,pausa,0.0,1.0,0.04838709677419355,1.05,hybrid_rrf_pgvector
282,3df60837c60dbc6e22da783114380d72ee85da08796eb6d79b3bf178cdc788df,include unistd.h for close,3,2459,3953f228c3a80821671d54f6d03651d69007384b1084537725a9229892d5e10e,pausa,0.0,1.0,0.04813947436898257,1.05,hybrid_rrf_pgvector
282,3df60837c60dbc6e22da783114380d72ee85da08796eb6d79b3bf178cdc788df,include unistd.h for close,4,1983,30fda84f15ded9c8e5ef4e1c28cf42816cf7574d079951772d0602dc3d24d820,play,0.0,1.0,0.046634615384615385,1.0,hybrid_rrf_pgvector
282,3df60837c60dbc6e22da783114380d72ee85da08796eb6d79b3bf178cdc788df,include unistd.h for close,5,292,d4287b2e3978c8d813529410f600d09d7af4a72691af0c9609d935bba48106aa,play,0.0,1.0,0.045928030303030304,1.0,hybrid_rrf_pgvector
283,e5883cae55dca1667c754deeeab4e601e9d5e5866615870cfff3f6865450de08,Restore animateFadeIn behavior for Mac prefpanes (revert fix for bug 394881),1,2895,586ede8061ddaa94259f69b6231ba6e806c21691620d3241a3ba5df86d814761,stop,0.11273634482156669,0.8872636551784333,0.03278688524590164,0.8703532034551983,hybrid_rrf_pgvector
283,e5883cae55dca1667c754deeeab4e601e9d5e5866615870cfff3f6865450de08,Restore animateFadeIn behavior for Mac prefpanes (revert fix for bug 394881),2,5316,96ae06f812684feec6d633d0c0705ba906f2a45644c4513951a68961fd77b9b2,play,0.19433207828394528,0.8056679217160547,0.04740957966764418,0.826518109973463,hybrid_rrf_pgvector
283,e5883cae55dca1667c754deeeab4e601e9d5e5866615870cfff3f6865450de08,Restore animateFadeIn behavior for Mac prefpanes (revert fix for bug 394881),3,3403,6b72d3a272f001c2c4a8d5634ba58f2c1e92e8e785f72f347b0dd3586eb6b974,pausa,0.19433207828394528,0.8056679217160547,0.04623878536922015,0.7765181099734629,hybrid_rrf_pgvector
283,e5883cae55dca1667c754deeeab4e601e9d5e5866615870cfff3f6865450de08,Restore animateFadeIn behavior for Mac prefpanes (revert fix for bug 394881),4,3721,2420d3acf2bad3ca2404310b8220c41235fd593fa46772ae4f08f23447be00ef,play,0.26362793204783785,0.7363720679521621,0.029877369007803793,0.7468278781449865,hybrid_rrf_pgvector
283,e5883cae55dca1667c754deeeab4e601e9d5e5866615870cfff3f6865450de08,Restore animateFadeIn behavior for Mac prefpanes (revert fix for bug 394881),5,2460,24b866e31f995a723c73377c55dcaae672cc4925b329fe3b9768ac0132f41a05,pausa,0.23761965529197393,0.7623803447080261,0.04712301587301587,0.72673739641423,hybrid_rrf_pgvector
284,0e5a9c08c96c71709860e63684aa03e12451804f060bb8fda8bd8e9a35460784,Drag and droping links into bookmarks make the toolbar expand into infinity,1,5033,0e8df22aea30f185d4d5018ed0b1eb2de97e82fc1ecb139086476bef2ebc880d,stop,0.1334973072978537,0.8665026927021463,0.04918032786885246,0.8964780966074682,hybrid_rrf_pgvector
284,0e5a9c08c96c71709860e63684aa03e12451804f060bb8fda8bd8e9a35460784,Drag and droping links into bookmarks make the toolbar expand into infinity,2,2247,b7f92cccb6420262750db68a14c25e5665b6d505f407b7344a5dc551292f3dfc,stop,0.16068779937653943,0.8393122006234606,0.047371031746031744,0.8652090307169797,hybrid_rrf_pgvector
284,0e5a9c08c96c71709860e63684aa03e12451804f060bb8fda8bd8e9a35460784,Drag and droping links into bookmarks make the toolbar expand into infinity,3,5864,ad8a1d174fd91817c6097841a2e023e08f7c786c43ee78d414f0f56e26a68ddd,play,0.16068779937653943,0.8393122006234606,0.04764267990074442,0.8152090307169797,hybrid_rrf_pgvector
284,0e5a9c08c96c71709860e63684aa03e12451804f060bb8fda8bd8e9a35460784,Drag and droping links into bookmarks make the toolbar expand into infinity,4,2027,cb186c64eb9bdd207ac89ee94d32fd4cbcddfb170dda1ae71b438981e286362c,play,0.16496743128481461,0.8350325687151854,0.0471386476426799,0.8102874540224632,hybrid_rrf_pgvector
284,0e5a9c08c96c71709860e63684aa03e12451804f060bb8fda8bd8e9a35460784,Drag and droping links into bookmarks make the toolbar expand into infinity,5,600,8023ac5a520000472a006b72ea0df0008829f8b30a0a4b50957475d90bf4f589,play,0.16496743128481461,0.8350325687151854,0.04688263125763126,0.8102874540224632,hybrid_rrf_pgvector
285,e202aa05894906653558aaff19fed832680d8cb17da7bc7fab9f91ba927df487,"Abort at startup, after installing Adblock Plus in debug build: ""Assertion failure: OptionsHasXML(options) == VersionHasXML(version), at ../../../mozilla/js/src/jsapi.cpp:1027""",1,1234,54193499fa6f7ca71930dd87044a07f30a37087992b67148ce299873f75702e6,stop,0.14119243673741066,0.8588075632625893,0.047712258380229994,0.8876286977519778,hybrid_rrf_pgvector
285,e202aa05894906653558aaff19fed832680d8cb17da7bc7fab9f91ba927df487,"Abort at startup, after installing Adblock Plus in debug build: ""Assertion failure: OptionsHasXML(options) == VersionHasXML(version), at ../../../mozilla/js/src/jsapi.cpp:1027""",2,5494,26616b41dba0514a476407f0542e38202674d451ee26330621e607c9d355f771,stop,0.150032977801124,0.849967022198876,0.04764267990074442,0.8774620755287075,hybrid_rrf_pgvector
285,e202aa05894906653558aaff19fed832680d8cb17da7bc7fab9f91ba927df487,"Abort at startup, after installing Adblock Plus in debug build: ""Assertion failure: OptionsHasXML(options) == VersionHasXML(version), at ../../../mozilla/js/src/jsapi.cpp:1027""",3,1022,c10c765c76fa42fb76f0e407d8b1e799a1f30c889cac550c75e41b7c08e0dc1d,stop,0.150032977801124,0.849967022198876,0.04741797364748185,0.8774620755287075,hybrid_rrf_pgvector
285,e202aa05894906653558aaff19fed832680d8cb17da7bc7fab9f91ba927df487,"Abort at startup, after installing Adblock Plus in debug build: ""Assertion failure: OptionsHasXML(options) == VersionHasXML(version), at ../../../mozilla/js/src/jsapi.cpp:1027""",4,3405,0f956dfa70753352cef0f6617a4c495688d4624b9996aa6d307803c8bd9ce1fb,stop,0.150032977801124,0.849967022198876,0.04690554740957967,0.8774620755287075,hybrid_rrf_pgvector
285,e202aa05894906653558aaff19fed832680d8cb17da7bc7fab9f91ba927df487,"Abort at startup, after installing Adblock Plus in debug build: ""Assertion failure: OptionsHasXML(options) == VersionHasXML(version), at ../../../mozilla/js/src/jsapi.cpp:1027""",5,2544,23e7fa395e28dbba9ecba39351bc441eae16f492f9f9e75ae945000014775c9a,stop,0.150032977801124,0.849967022198876,0.04688263125763126,0.8774620755287075,hybrid_rrf_pgvector
286,fc7733c85e559840d64911d4ddebd3fe9581a18d23c89983adb1dcc2a43542aa,Leak gfxFont and gfxTextRun with font-size: 0,1,1925,915eca9fb5f67c3a1a2bfce3080b644c3f3fb26e0be23f506c74fc336b08ed3d,play,0.08972362399162814,0.9102763760083719,0.048651507139079855,0.9468178324096277,hybrid_rrf_pgvector
286,fc7733c85e559840d64911d4ddebd3fe9581a18d23c89983adb1dcc2a43542aa,Leak gfxFont and gfxTextRun with font-size: 0,2,3581,18c64271799585ee0e93b615ebf9067be0691bba6bade29703546a188fd3c562,play,0.11073841571330534,0.8892615842866947,0.04712301587301587,0.9226508219296989,hybrid_rrf_pgvector
286,fc7733c85e559840d64911d4ddebd3fe9581a18d23c89983adb1dcc2a43542aa,Leak gfxFont and gfxTextRun with font-size: 0,3,1835,17cc4eea46c6bab7c93e7aabec5646781068fbf8b5097af855e60b2835b24431,pausa,0.08972362399162814,0.9102763760083719,0.04891591750396616,0.8968178324096276,hybrid_rrf_pgvector
286,fc7733c85e559840d64911d4ddebd3fe9581a18d23c89983adb1dcc2a43542aa,Leak gfxFont and gfxTextRun with font-size: 0,4,5585,03081f89cbd8a519e303dc41cc61a3e4b7e2e2d8557810f5990978efb41cd2a2,pausa,0.11073841571330534,0.8892615842866947,0.04713064713064713,0.8726508219296989,hybrid_rrf_pgvector
286,fc7733c85e559840d64911d4ddebd3fe9581a18d23c89983adb1dcc2a43542aa,Leak gfxFont and gfxTextRun with font-size: 0,5,1464,05f8b220a5354d600975976f2883c8f1a02d7120a1c400d38cc66a823d50749f,pausa,0.11073841571330534,0.8892615842866947,0.04639423076923077,0.8726508219296989,hybrid_rrf_pgvector
287,302c1f85595999acd2480bd651e164d6a4c63299b439cf03cb0b46ec8385a7f0,Search for start-of-time-interval in date fields is (partially?) broken,1,3763,42673cf3839c361a1f781acc9d6bcd13e6b78b2675c12265c86e8661503ee7a6,play,0.251530787124993,0.748469212875007,0.031024531024531024,0.7607395948062581,hybrid_rrf_pgvector
287,302c1f85595999acd2480bd651e164d6a4c63299b439cf03cb0b46ec8385a7f0,Search for start-of-time-interval in date fields is (partially?) broken,2,41,6a749cd95a790b52b77883e133d9920f0dc090180d140b15cd1346137db3de62,play,0.251530787124993,0.748469212875007,0.030798389007344232,0.7607395948062581,hybrid_rrf_pgvector
287,302c1f85595999acd2480bd651e164d6a4c63299b439cf03cb0b46ec8385a7f0,Search for start-of-time-interval in date fields is (partially?) broken,3,4618,7bae71704fc1f5c2139300bad4a9040a2c9d16af030b38c2de561930e42be0ee,stop,0.251530787124993,0.748469212875007,0.04675081813931744,0.710739594806258,hybrid_rrf_pgvector
287,302c1f85595999acd2480bd651e164d6a4c63299b439cf03cb0b46ec8385a7f0,Search for start-of-time-interval in date fields is (partially?) broken,4,4788,0be64fe56b3f2c679c66a4353e1f82ed9c99b72399e4cda1ded407c66ca13f59,pausa,0.251530787124993,0.748469212875007,0.031099324975891997,0.710739594806258,hybrid_rrf_pgvector
287,302c1f85595999acd2480bd651e164d6a4c63299b439cf03cb0b46ec8385a7f0,Search for start-of-time-interval in date fields is (partially?) broken,5,1,7175846e309b39507fa4c4cfa3ee674c5626208653c00dcf439122eea5f9aec0,pausa,0.251530787124993,0.748469212875007,0.030886196246139225,0.710739594806258,hybrid_rrf_pgvector
288,ddaef04dec17d497ff6af063502f72a48207a4afc02a410fe39cfb4e0a678cc3,optionally disable automatic build launch,1,5107,bfc46338e64a236a47766943c34cf6b290418b7b5634374e120ca8313a1d42c8,pausa,0.09188652661885177,0.9081134733811482,0.048651507139079855,0.9443304943883205,hybrid_rrf_pgvector
288,ddaef04dec17d497ff6af063502f72a48207a4afc02a410fe39cfb4e0a678cc3,optionally disable automatic build launch,2,3070,8b905caed1721d933574b42301f189624a43b9a2a19b7e2d076241644ad8a85e,pausa,0.13317224904248404,0.866827750957516,0.04712301587301587,0.8968519136011434,hybrid_rrf_pgvector
288,ddaef04dec17d497ff6af063502f72a48207a4afc02a410fe39cfb4e0a678cc3,optionally disable automatic build launch,3,2299,fedd8618e0c98ac14c2990e760e578a795f3560aad4f76095321bde98fd8b3e3,pausa,0.13317224904248404,0.866827750957516,0.04639423076923077,0.8968519136011434,hybrid_rrf_pgvector
288,ddaef04dec17d497ff6af063502f72a48207a4afc02a410fe39cfb4e0a678cc3,optionally disable automatic build launch,4,5789,ed57f895eeb34ada43ea580b110d378e8d8c5258d8f876e04d3b9bd68c8c225c,stop,0.09188652661885177,0.9081134733811482,0.048915917503966164,0.8943304943883205,hybrid_rrf_pgvector
288,ddaef04dec17d497ff6af063502f72a48207a4afc02a410fe39cfb4e0a678cc3,optionally disable automatic build launch,5,4844,0b7b83c9f4acd187fc66abeb73042139fe0e10377deb93fd0d254da5b7f386b5,play,0.13317224904248404,0.866827750957516,0.04713064713064713,0.8468519136011433,hybrid_rrf_pgvector
289,07b966ef42125793850653859d88dcf5a11402bc8d7f124c7c24dca84ff42085,allocator bugs in SpanningCellSorter,1,2341,24d51fe343ccfa8212ed83da4cfdf6abde056522727f25aa99a404047596187d,play,0.0,1.0,0.04839549075403121,1.05,hybrid_rrf_pgvector
289,07b966ef42125793850653859d88dcf5a11402bc8d7f124c7c24dca84ff42085,allocator bugs in SpanningCellSorter,2,2096,2e774f610cbd81bc46aa442499319388a182961142093d5f25354ea4cf08d12e,play,0.0,1.0,0.048131080389144903,1.05,hybrid_rrf_pgvector
289,07b966ef42125793850653859d88dcf5a11402bc8d7f124c7c24dca84ff42085,allocator bugs in SpanningCellSorter,3,2346,45801ea891eab791a56bc064fb125504abc442a9b76888375fb31358b2a7c264,stop,0.0,1.0,0.04865990111891752,1.0,hybrid_rrf_pgvector
289,07b966ef42125793850653859d88dcf5a11402bc8d7f124c7c24dca84ff42085,allocator bugs in SpanningCellSorter,4,5123,c259e31933d356371a02300255093a33dd9292d4bd3add5ae4df1381341761e4,play,0.05882308739622677,0.9411769126037732,0.046634615384615385,0.9823534494943392,hybrid_rrf_pgvector
289,07b966ef42125793850653859d88dcf5a11402bc8d7f124c7c24dca84ff42085,allocator bugs in SpanningCellSorter,5,2390,a22994c0653a47a2f32defc596d6cf277d954ac8494d23f58c2ad7e370a00006,stop,0.06365142926481793,0.9363485707351821,0.045454545454545456,0.9268008563454594,hybrid_rrf_pgvector
290,5bad99cd584287859c765954cd2ddee3bc20a41e73a5b82edc32b34979582bf8,Fixed position layers has been broken in 637852,1,1764,ca86a4d9b8d1597f7520b8931edc8ea96e71e78d46b584114c09404243acf35a,pausa,0.08038160624994328,0.9196183937500567,0.04416308329351808,0.9575611528125653,hybrid_rrf_pgvector
290,5bad99cd584287859c765954cd2ddee3bc20a41e73a5b82edc32b34979582bf8,Fixed position layers has been broken in 637852,2,4788,0be64fe56b3f2c679c66a4353e1f82ed9c99b72399e4cda1ded407c66ca13f59,pausa,0.08038160624994328,0.9196183937500567,0.03252247488101534,0.9575611528125653,hybrid_rrf_pgvector
290,5bad99cd584287859c765954cd2ddee3bc20a41e73a5b82edc32b34979582bf8,Fixed position layers has been broken in 637852,3,34,c5c6e55257bd987bcfa2d1045f5b30e7f8d9e1469b7e2c0cad36f50500f6edfe,pausa,0.08038160624994328,0.9196183937500567,0.031009615384615385,0.9575611528125653,hybrid_rrf_pgvector
290,5bad99cd584287859c765954cd2ddee3bc20a41e73a5b82edc32b34979582bf8,Fixed position layers has been broken in 637852,4,38,a3f355a30912e0e910f09f340985e32bbccca9f6ff595480c526c20e2a7d69dd,stop,0.08038160624994328,0.9196183937500567,0.046972340848907876,0.9075611528125652,hybrid_rrf_pgvector
290,5bad99cd584287859c765954cd2ddee3bc20a41e73a5b82edc32b34979582bf8,Fixed position layers has been broken in 637852,5,4618,7bae71704fc1f5c2139300bad4a9040a2c9d16af030b38c2de561930e42be0ee,stop,0.08038160624994328,0.9196183937500567,0.030834914611005692,0.9075611528125652,hybrid_rrf_pgvector
291,8fe033e6f5162e63a4c15187bfbb9a2e269aaaef50861f774e881caf24a4aba2,GCC 4.6 build warning: thread_helper.h:107:13: warning: ‘bool mozilla::tls::create(mozilla::tls::key*)’ defined but not used [-Wunused-function],1,5467,7a0765ca39b71ca34370a848d5df6468a5ac8a7f8b280a7ff4e4c8bd522463a1,play,0.1103219094952057,0.8896780905047943,0.04817150063051703,0.9231298040805135,hybrid_rrf_pgvector
291,8fe033e6f5162e63a4c15187bfbb9a2e269aaaef50861f774e881caf24a4aba2,GCC 4.6 build warning: thread_helper.h:107:13: warning: ‘bool mozilla::tls::create(mozilla::tls::key*)’ defined but not used [-Wunused-function],2,4433,2fe6b5b84e67e0190576d50452a5079c2758da6f8f5a2a2120ff669924d9c10e,pausa,0.1103219094952057,0.8896780905047943,0.04788306451612903,0.8731298040805134,hybrid_rrf_pgvector
291,8fe033e6f5162e63a4c15187bfbb9a2e269aaaef50861f774e881caf24a4aba2,GCC 4.6 build warning: thread_helper.h:107:13: warning: ‘bool mozilla::tls::create(mozilla::tls::key*)’ defined but not used [-Wunused-function],3,4236,59ee5c0fd5ac9821af2ae62aae4c411fb2f35ec9fe9b970cc56faf9c031729fb,play,0.17777150857294743,0.8222284914270526,0.031746031746031744,0.8455627651411105,hybrid_rrf_pgvector
291,8fe033e6f5162e63a4c15187bfbb9a2e269aaaef50861f774e881caf24a4aba2,GCC 4.6 build warning: thread_helper.h:107:13: warning: ‘bool mozilla::tls::create(mozilla::tls::key*)’ defined but not used [-Wunused-function],4,4041,83a0259c4e639971972a55d5757e561321efc9e0b896e3952ebdd2a34e27cded,play,0.1950067173985266,0.8049932826014734,0.047643442622950824,0.8257422749916945,hybrid_rrf_pgvector
291,8fe033e6f5162e63a4c15187bfbb9a2e269aaaef50861f774e881caf24a4aba2,GCC 4.6 build warning: thread_helper.h:107:13: warning: ‘bool mozilla::tls::create(mozilla::tls::key*)’ defined but not used [-Wunused-function],5,5134,4ac5a27d2dfb6d51c9a6740876034d7db341f66c42ec0efce2a94bb29eb07d18,pausa,0.2236301464871595,0.7763698535128405,0.04479578392621871,0.7428253315397666,hybrid_rrf_pgvector
292,08a8753bf7eff533adaaafef1ac4381b76821561583fc47a7575b1745d248b06,Can't look around in Google Maps' Street View,1,2349,15637992305cc3ec01d2f54aa288dc39a719f59697a3c54c6cb63038e290683f,play,0.0,1.0,0.03200204813108039,1.05,hybrid_rrf_pgvector
292,08a8753bf7eff533adaaafef1ac4381b76821561583fc47a7575b1745d248b06,Can't look around in Google Maps' Street View,2,2481,5dd09ce9581feed6addf8346fc61fa7d76fe13d9a45e67c326642a2164bae660,play,0.0,1.0,0.03131881575727918,1.05,hybrid_rrf_pgvector
292,08a8753bf7eff533adaaafef1ac4381b76821561583fc47a7575b1745d248b06,Can't look around in Google Maps' Street View,3,5664,89b6850a6226c62691dea735d767807626a0dbb460b7bad817c9fe33ac4ec5c4,play,0.0,1.0,0.031024531024531024,1.05,hybrid_rrf_pgvector
292,08a8753bf7eff533adaaafef1ac4381b76821561583fc47a7575b1745d248b06,Can't look around in Google Maps' Street View,4,3962,7974aff7e8edc3a8da2313aa3dbe7ae5ee37cbde5ee416f49dd44a07c86cf14f,play,0.0,1.0,0.031024531024531024,1.05,hybrid_rrf_pgvector
292,08a8753bf7eff533adaaafef1ac4381b76821561583fc47a7575b1745d248b06,Can't look around in Google Maps' Street View,5,4877,6c76cfdc86a914e347c80b5d0f3e5fb6197a3c0a97faf90cd191c27c724f8fde,pausa,0.0,1.0,0.03076923076923077,1.0,hybrid_rrf_pgvector
293,ee7f2eda665d9e63a2e8d15c8dd30c82123e1fd21937ac6817c8262c49415a7e,aria-required attribute on file input not read by JAWS,1,2109,690cd97a5ce6762e77488124cffa3ddce5e48b78b6eb3338865e279b44a5b4b9,play,0.1703602465178471,0.8296397534821529,0.032018442622950824,0.8540857165044758,hybrid_rrf_pgvector
293,ee7f2eda665d9e63a2e8d15c8dd30c82123e1fd21937ac6817c8262c49415a7e,aria-required attribute on file input not read by JAWS,2,3539,d05e95d77ad520e094cf6635fccd2f1eb72ecb6aedd72f0ed47b3e2897135610,play,0.1703602465178471,0.8296397534821529,0.030834914611005692,0.8540857165044758,hybrid_rrf_pgvector
293,ee7f2eda665d9e63a2e8d15c8dd30c82123e1fd21937ac6817c8262c49415a7e,aria-required attribute on file input not read by JAWS,3,2879,77b1526c92216db5c435d082cf10d1ec38d56c7686747c9873d6834668115631,play,0.1703602465178471,0.8296397534821529,0.03036576949620428,0.8540857165044758,hybrid_rrf_pgvector
293,ee7f2eda665d9e63a2e8d15c8dd30c82123e1fd21937ac6817c8262c49415a7e,aria-required attribute on file input not read by JAWS,4,1175,cdcefa15398369085dc7abe835d5f76702132f215322d6c24b3f6dcf59c9ee53,stop,0.1703602465178471,0.8296397534821529,0.031054405392392875,0.8040857165044758,hybrid_rrf_pgvector
293,ee7f2eda665d9e63a2e8d15c8dd30c82123e1fd21937ac6817c8262c49415a7e,aria-required attribute on file input not read by JAWS,5,3648,4f3984e58836d7a0c6264e25c792f7354a579500bff4d36b68e93181a259521e,pausa,0.1703602465178471,0.8296397534821529,0.030679156908665108,0.8040857165044758,hybrid_rrf_pgvector
294,0a6a27d95d8631292f8c0291dd2e7fda440ab4b6980cc8d3d7208d521ce2238b,[Browser] crash when showing text entry prompter,1,585,9a21d3507d9d29f21def52002ba05eb34f6116a49a77c0cf183643e879f30647,stop,0.02691368554842799,0.973086314451572,0.048915917503966164,1.0190492616193079,hybrid_rrf_pgvector
294,0a6a27d95d8631292f8c0291dd2e7fda440ab4b6980cc8d3d7208d521ce2238b,[Browser] crash when showing text entry prompter,2,3355,195702d26e597ef5dbf8cffd8139eb42f402076fb25c49877cef959ed81cbb8f,stop,0.02691368554842799,0.973086314451572,0.04839549075403121,1.0190492616193079,hybrid_rrf_pgvector
294,0a6a27d95d8631292f8c0291dd2e7fda440ab4b6980cc8d3d7208d521ce2238b,[Browser] crash when showing text entry prompter,3,3890,bb44fe36db56b534e9a5895e6c1431744a282720a4d32da2748a7102b1be95bd,stop,0.02691368554842799,0.973086314451572,0.04787506400409626,1.0190492616193079,hybrid_rrf_pgvector
294,0a6a27d95d8631292f8c0291dd2e7fda440ab4b6980cc8d3d7208d521ce2238b,[Browser] crash when showing text entry prompter,4,3428,8f4c64bf41230600bf1b0d0b6d288fe41bb525d40a0f7a6a60c33b3b38124b00,stop,0.06406667671951949,0.9359333232804805,0.044782770638784684,0.9763233217725527,hybrid_rrf_pgvector
294,0a6a27d95d8631292f8c0291dd2e7fda440ab4b6980cc8d3d7208d521ce2238b,[Browser] crash when showing text entry prompter,5,2519,96292471fb884e5a7d5024dd9117030b30f526f35fc4563c50f008427b03728a,stop,0.14296821692227013,0.8570317830777299,0.04435015112764473,0.8855865505393894,hybrid_rrf_pgvector
295,9954363959fe20196d514c4871085a2f5e805d6a7ca589105f7c6faf5e9224b4,Assertion [@ jsinterp.c:5935] when loading XForms document,1,2353,5eac533bd32229768cb3f21c9b59dfd76c1ffdce37f341ac740959bf63c44de2,pausa,0.0209659234221784,0.9790340765778216,0.04918032786885246,1.025889188064495,hybrid_rrf_pgvector
295,9954363959fe20196d514c4871085a2f5e805d6a7ca589105f7c6faf5e9224b4,Assertion [@ jsinterp.c:5935] when loading XForms document,2,1755,5202fd62e344ef7462cd74d94c0a81604ee2b166178542ad18bb92aeda7bc3f9,pausa,0.0209659234221784,0.9790340765778216,0.04838709677419355,1.025889188064495,hybrid_rrf_pgvector
295,9954363959fe20196d514c4871085a2f5e805d6a7ca589105f7c6faf5e9224b4,Assertion [@ jsinterp.c:5935] when loading XForms document,3,3797,dcdb63834d68f1f2d004a82129b7192dbac453af7a7c61b983724788995c5ab9,pausa,0.05569629952288535,0.9443037004771146,0.047619047619047616,0.9859492555486818,hybrid_rrf_pgvector
295,9954363959fe20196d514c4871085a2f5e805d6a7ca589105f7c6faf5e9224b4,Assertion [@ jsinterp.c:5935] when loading XForms document,4,2759,3032e1ca4b468d26c02a407f90d1da86ea28ff5d4a0fa1bba08bdc7cac119a9a,stop,0.12288737401805938,0.8771126259819406,0.028991596638655463,0.8586795198792317,hybrid_rrf_pgvector
295,9954363959fe20196d514c4871085a2f5e805d6a7ca589105f7c6faf5e9224b4,Assertion [@ jsinterp.c:5935] when loading XForms document,5,3245,e0c470cb91c7bfdc37c1d62aed730a2ce401c78f571b504df8b26eceb785b75d,play,0.12288737401805938,0.8771126259819406,0.028985507246376812,0.8586795198792317,hybrid_rrf_pgvector
296,299cc207ad60dd38ae6a66b3308766f6bb86d35f6711e617c6e39704a1cc6093,Range no longer works on the trunk,1,789,243ad5394f675d5ed9a37612cc38a2a90ecab318471f00aa88f79ecec68fc119,pausa,0.09048505278344088,0.9095149472165591,0.04918032786885246,0.9459421892990431,hybrid_rrf_pgvector
296,299cc207ad60dd38ae6a66b3308766f6bb86d35f6711e617c6e39704a1cc6093,Range no longer works on the trunk,2,4724,b203abb2842bc7ee44f19eb7e17786a93edf538595304e41b47eabd0abe9d6e0,pausa,0.13376468973322497,0.866235310266775,0.046671404880360104,0.8961706068067913,hybrid_rrf_pgvector
296,299cc207ad60dd38ae6a66b3308766f6bb86d35f6711e617c6e39704a1cc6093,Range no longer works on the trunk,3,4749,e599488970a7cd035e0391d79afde86d120da574b1c5843548e1ada1455b8bc3,pausa,0.17535921474111305,0.824640785258887,0.045979778526721235,0.84833690304772,hybrid_rrf_pgvector
296,299cc207ad60dd38ae6a66b3308766f6bb86d35f6711e617c6e39704a1cc6093,Range no longer works on the trunk,4,5383,3c8e46a89dea0625069393adb1530a053e443916f03a2aca10325761139cd24e,play,0.13376468973322497,0.866235310266775,0.047379032258064516,0.8461706068067912,hybrid_rrf_pgvector
296,299cc207ad60dd38ae6a66b3308766f6bb86d35f6711e617c6e39704a1cc6093,Range no longer works on the trunk,5,831,43005c87aaa24d9da541b54a04adb3b3cf2ce6d7b292f0fbb52706a702cd223d,stop,0.13376468973322497,0.866235310266775,0.04666516279419505,0.8461706068067912,hybrid_rrf_pgvector
297,0eb588ffa92d8390744885e32f8c9b737562f378f6eada53b4cefe480a398faa,AssertionFailedException: null argument in BuildConsolePage,1,4177,98a2c3f571230b36eaa04da6fb383ffe3adef088e697ecab3725cfb7abfa1e5e,play,0.0,1.0,0.04712301587301587,1.05,hybrid_rrf_pgvector
297,0eb588ffa92d8390744885e32f8c9b737562f378f6eada53b4cefe480a398faa,AssertionFailedException: null argument in BuildConsolePage,2,5925,17b23416804cde74cca1495a3aa2bb093dea8331d980df8f8f58536335d05951,stop,0.0,1.0,0.048915917503966164,1.0,hybrid_rrf_pgvector
297,0eb588ffa92d8390744885e32f8c9b737562f378f6eada53b4cefe480a398faa,AssertionFailedException: null argument in BuildConsolePage,3,4790,0c32dc231bfa117aa7e1a54c8144d6cd40e4a677cf0e702da9beb048c5d79a6b,pausa,0.0,1.0,0.04813947436898257,1.0,hybrid_rrf_pgvector
297,0eb588ffa92d8390744885e32f8c9b737562f378f6eada53b4cefe480a398faa,AssertionFailedException: null argument in BuildConsolePage,4,5750,9ed033ce5c771a417e47b1f2a9890405b45bfa232290727d259efc0295b8cb4a,pausa,0.0,1.0,0.046543778801843315,1.0,hybrid_rrf_pgvector
297,0eb588ffa92d8390744885e32f8c9b737562f378f6eada53b4cefe480a398faa,AssertionFailedException: null argument in BuildConsolePage,5,2032,63e6fb497b688e3197322558de4a274dfee805df63726e651c5ef727ab862116,stop,0.0,1.0,0.045928030303030304,1.0,hybrid_rrf_pgvector
298,6b2d268cb45906267168f1de88541cb12e32bbafdc60f633d071953c5b067fe2,layout/reftests/backgrounds has 11 tests that fail on android when we turn browser.tabs.remote=false,1,1438,68b58c3f5fffc82135bf0d5918b87340d886522a2b6eca2ed689839d16cf712c,pausa,0.14081349358895623,0.8591865064110438,0.048915917503966164,0.8880644823727004,hybrid_rrf_pgvector
298,6b2d268cb45906267168f1de88541cb12e32bbafdc60f633d071953c5b067fe2,layout/reftests/backgrounds has 11 tests that fail on android when we turn browser.tabs.remote=false,2,1904,97ae379ea3370f4771e0e292067f151c88b37145c49205e788ed90010ec2b1d0,pausa,0.19226587355757452,0.8077341264424255,0.048651507139079855,0.8288942454087893,hybrid_rrf_pgvector
298,6b2d268cb45906267168f1de88541cb12e32bbafdc60f633d071953c5b067fe2,layout/reftests/backgrounds has 11 tests that fail on android when we turn browser.tabs.remote=false,3,3533,4f8b056b73811ed68b76dc2a9f39565def35d585e70ae13f6e84360d500d1173,pausa,0.3644968745503908,0.6355031254496092,0.04640914640914641,0.6308285942670506,hybrid_rrf_pgvector
298,6b2d268cb45906267168f1de88541cb12e32bbafdc60f633d071953c5b067fe2,layout/reftests/backgrounds has 11 tests that fail on android when we turn browser.tabs.remote=false,4,5474,cf097b5188613a0c20ee3e721878aa0cf6c88442e26b2bfe5b3158cef3808835,play,0.3644968745503908,0.6355031254496092,0.045730413377472204,0.5808285942670506,hybrid_rrf_pgvector
298,6b2d268cb45906267168f1de88541cb12e32bbafdc60f633d071953c5b067fe2,layout/reftests/backgrounds has 11 tests that fail on android when we turn browser.tabs.remote=false,5,5470,35162e8a58ed693c70acecca77902c01aa9868de5c5b76c40e0ae6dd381c79d9,play,0.3644968745503908,0.6355031254496092,0.04547574626865672,0.5808285942670506,hybrid_rrf_pgvector
299,16d21074d7444a05bc48046246315c7d35ef0410dffd78d79893e4e8ef4459a2,Structural parse mode picks up less information than quick parse mode,1,1958,0a2cb5a0753d8cd23c40c96dd80c9e213c5657a4f9445c057c21f22e0f9984ce,play,0.028316477259551442,0.9716835227404486,0.047619047619047616,1.017436051151516,hybrid_rrf_pgvector
299,16d21074d7444a05bc48046246315c7d35ef0410dffd78d79893e4e8ef4459a2,Structural parse mode picks up less information than quick parse mode,2,3325,9ee8ddc13ff189a60e5374d3fd08452aefb5c5e812488b8e4f28e0620d6020e7,stop,0.028316477259551442,0.9716835227404486,0.048915917503966164,0.9674360511515159,hybrid_rrf_pgvector
299,16d21074d7444a05bc48046246315c7d35ef0410dffd78d79893e4e8ef4459a2,Structural parse mode picks up less information than quick parse mode,3,2291,e41602e1d1f392718621a6f06929bd0bebcaeb76b1142cbadbd5b0771ffd52df,pausa,0.028316477259551442,0.9716835227404486,0.048651507139079855,0.9674360511515159,hybrid_rrf_pgvector
299,16d21074d7444a05bc48046246315c7d35ef0410dffd78d79893e4e8ef4459a2,Structural parse mode picks up less information than quick parse mode,4,1981,1c0d70d8c4ca84461e8115ef02d83ea02af6bc5aef1112fcc017bc55b0cee39e,play,0.3436121552914465,0.6563878447085535,0.03125,0.6548460214148366,hybrid_rrf_pgvector
299,16d21074d7444a05bc48046246315c7d35ef0410dffd78d79893e4e8ef4459a2,Structural parse mode picks up less information than quick parse mode,5,2159,96fe170430dccaaccec24417fca99263b6aea7a9e82edaf7ee5fb45dbf5cf9ab,stop,0.3862943516038748,0.6137056483961252,0.03076923076923077,0.555761495655544,hybrid_rrf_pgvector
300,ac9e40e3f8528fa8a1638d28b4aa6f0e870fa3c4e0f1814e27be8debdd348958,Assertion failure: x->cp >= (gData->cpbegin + cap->index) (ecma_3/RegExp/regress-346090.js),1,1301,e946e606181b4e6d275255373694da06f2a3388091d53019d7a8edc7a1f74869,stop,-2.220446049250313e-16,1.0000000000000002,0.04838709677419355,1.0500000000000003,hybrid_rrf_pgvector
300,ac9e40e3f8528fa8a1638d28b4aa6f0e870fa3c4e0f1814e27be8debdd348958,Assertion failure: x->cp >= (gData->cpbegin + cap->index) (ecma_3/RegExp/regress-346090.js),2,5748,4d7295e6e1b382ecf566a075c3aba5845738b28dd4b678b08ee1c9b90a7b2d84,stop,0.014237246224242384,0.9857627537757576,0.031746031746031744,1.0336271668421213,hybrid_rrf_pgvector
300,ac9e40e3f8528fa8a1638d28b4aa6f0e870fa3c4e0f1814e27be8debdd348958,Assertion failure: x->cp >= (gData->cpbegin + cap->index) (ecma_3/RegExp/regress-346090.js),3,5461,8aed6302342195f7f060806fc971e7c44ddd986ca8deb67fda26f42b419766b9,pausa,-2.220446049250313e-16,1.0000000000000002,0.04918032786885246,1.0000000000000002,hybrid_rrf_pgvector
300,ac9e40e3f8528fa8a1638d28b4aa6f0e870fa3c4e0f1814e27be8debdd348958,Assertion failure: x->cp >= (gData->cpbegin + cap->index) (ecma_3/RegExp/regress-346090.js),4,5498,a9c91dc416f5824981b59a4a0e637de8992fdb599922097d29acae9959cbb2fe,stop,0.05559712749098633,0.9444028725090137,0.04501587087188492,0.9860633033853657,hybrid_rrf_pgvector
300,ac9e40e3f8528fa8a1638d28b4aa6f0e870fa3c4e0f1814e27be8debdd348958,Assertion failure: x->cp >= (gData->cpbegin + cap->index) (ecma_3/RegExp/regress-346090.js),5,3460,8d0007f145c99a066e7cd7dee258062ea1f6e2da1e1e3ca76e5b5314aa8a68a8,stop,0.05559712749098633,0.9444028725090137,0.04455662862159789,0.9860633033853657,hybrid_rrf_pgvector
301,50d2ef31ae8ef096f1e6ba4228819bdfdaa59f46fba7ea36c9b8f87a93995d9c,Graphics driver crash causes images to stop rendering,1,4538,0b55c349fe6a8668f85b4c63e35a57d0d0ecb4123d56b5ad584ea7e1fa649dda,stop,-4.440892098500626e-16,1.0000000000000004,0.03252247488101534,1.0500000000000005,hybrid_rrf_pgvector
301,50d2ef31ae8ef096f1e6ba4228819bdfdaa59f46fba7ea36c9b8f87a93995d9c,Graphics driver crash causes images to stop rendering,2,1918,3b04a7ac0d969d7d9b7202e7f0282f99d307b695f9264baf4a7df601e48609a1,stop,-4.440892098500626e-16,1.0000000000000004,0.032018442622950824,1.0500000000000005,hybrid_rrf_pgvector
301,50d2ef31ae8ef096f1e6ba4228819bdfdaa59f46fba7ea36c9b8f87a93995d9c,Graphics driver crash causes images to stop rendering,3,1834,64e026af9beab2b802203d3490ba7d0dc03d7215f612597cfbe3fa9aefa5469e,stop,-4.440892098500626e-16,1.0000000000000004,0.0315136476426799,1.0500000000000005,hybrid_rrf_pgvector
301,50d2ef31ae8ef096f1e6ba4228819bdfdaa59f46fba7ea36c9b8f87a93995d9c,Graphics driver crash causes images to stop rendering,4,4793,d06c97680efcd475b764179b52a37a0ea2e42ccaf82d9db58a730be1e48bed60,stop,-4.440892098500626e-16,1.0000000000000004,0.03149801587301587,1.0500000000000005,hybrid_rrf_pgvector
301,50d2ef31ae8ef096f1e6ba4228819bdfdaa59f46fba7ea36c9b8f87a93995d9c,Graphics driver crash causes images to stop rendering,5,205,542dd79d48eb662b657d085015098f47b07e57a5165a4d3795283aea771ac3af,stop,-4.440892098500626e-16,1.0000000000000004,0.03125763125763126,1.0500000000000005,hybrid_rrf_pgvector
302,2dd6f3d3960624ee67a2fe9ae4a8b477669609690ad54a1f33f75b9d24fe544c,Infinite-recursion crash setting scriptminsize on <mstyle>,1,4309,d4c147358a761e79605fe4b5106dbfb49592f3af284fb70dee0b17b97757d7e6,stop,0.035515502701856105,0.9644844972981439,0.03278688524590164,1.0091571718928656,hybrid_rrf_pgvector
302,2dd6f3d3960624ee67a2fe9ae4a8b477669609690ad54a1f33f75b9d24fe544c,Infinite-recursion crash setting scriptminsize on <mstyle>,2,5885,028e984d5b1d497a2ce9658edad4c02ca8cbedfbd70b1ecf7dda8a10b25f2d6a,stop,0.035515502701856105,0.9644844972981439,0.0315136476426799,1.0091571718928656,hybrid_rrf_pgvector
302,2dd6f3d3960624ee67a2fe9ae4a8b477669609690ad54a1f33f75b9d24fe544c,Infinite-recursion crash setting scriptminsize on <mstyle>,3,4493,5e88e48af63937f9f4ac0aa99e4f69d4a6b44d76773d57aac974d9a92156fb3e,stop,0.07678790461089147,0.9232120953891085,0.03200204813108039,0.9616939096974748,hybrid_rrf_pgvector
302,2dd6f3d3960624ee67a2fe9ae4a8b477669609690ad54a1f33f75b9d24fe544c,Infinite-recursion crash setting scriptminsize on <mstyle>,4,4646,d6180cd5f63bd90a010cb479bafff63e9ea65c7e16418f06c50417ada56b08ee,stop,0.07678790461089147,0.9232120953891085,0.03125763125763126,0.9616939096974748,hybrid_rrf_pgvector
302,2dd6f3d3960624ee67a2fe9ae4a8b477669609690ad54a1f33f75b9d24fe544c,Infinite-recursion crash setting scriptminsize on <mstyle>,5,906,5fdfb93bf4d0d369f1f67cf7390f1e0c3b408a5a46ef9e7a7658943dfc045ddf,stop,0.07678790461089147,0.9232120953891085,0.03125,0.9616939096974748,hybrid_rrf_pgvector
303,264a00501b6fd99a06f166f64a776d13f93339f26d242050592fbd4cfc2e56e8,"console.log(""%s"", null); should log ""null""",1,4177,98a2c3f571230b36eaa04da6fb383ffe3adef088e697ecab3725cfb7abfa1e5e,play,0.14266338603855222,0.8573366139614478,0.04740305800756621,0.885937106055665,hybrid_rrf_pgvector
303,264a00501b6fd99a06f166f64a776d13f93339f26d242050592fbd4cfc2e56e8,"console.log(""%s"", null); should log ""null""",2,4790,0c32dc231bfa117aa7e1a54c8144d6cd40e4a677cf0e702da9beb048c5d79a6b,pausa,0.14266338603855222,0.8573366139614478,0.04762704813108039,0.835937106055665,hybrid_rrf_pgvector
303,264a00501b6fd99a06f166f64a776d13f93339f26d242050592fbd4cfc2e56e8,"console.log(""%s"", null); should log ""null""",3,5750,9ed033ce5c771a417e47b1f2a9890405b45bfa232290727d259efc0295b8cb4a,pausa,0.14266338603855222,0.8573366139614478,0.04738666351569577,0.835937106055665,hybrid_rrf_pgvector
303,264a00501b6fd99a06f166f64a776d13f93339f26d242050592fbd4cfc2e56e8,"console.log(""%s"", null); should log ""null""",4,5925,17b23416804cde74cca1495a3aa2bb093dea8331d980df8f8f58536335d05951,stop,0.14266338603855222,0.8573366139614478,0.04701522850420374,0.835937106055665,hybrid_rrf_pgvector
303,264a00501b6fd99a06f166f64a776d13f93339f26d242050592fbd4cfc2e56e8,"console.log(""%s"", null); should log ""null""",5,2011,9d03826d62b98cf1821d23107d83d57ee0143e6e3fe74456520eb352a811410d,stop,0.14266338603855222,0.8573366139614478,0.04572376214167259,0.835937106055665,hybrid_rrf_pgvector
304,527906d9b3faa51f4dbddc0f0edf56ecd8060a0130fec27fd1ae36b31018fe83,ShouldRevalidateEntry() in imgLoader.cpp should return false for any data URI,1,3482,475ddc12703f6374e28a7410c27bb60a5d7155fa8b2aa915510ad5822daec473,play,0.1362342014391411,0.8637657985608589,0.04865990111891752,0.8933306683449878,hybrid_rrf_pgvector
304,527906d9b3faa51f4dbddc0f0edf56ecd8060a0130fec27fd1ae36b31018fe83,ShouldRevalidateEntry() in imgLoader.cpp should return false for any data URI,2,2735,5c3f883c1fb6b702fd128d37c4e6b9096fa419c10dc04db3f59f2fb013061898,play,0.15654757343823889,0.8434524265617611,0.04621952999562108,0.8699702905460254,hybrid_rrf_pgvector
304,527906d9b3faa51f4dbddc0f0edf56ecd8060a0130fec27fd1ae36b31018fe83,ShouldRevalidateEntry() in imgLoader.cpp should return false for any data URI,3,4575,d535cf1cc64934faa6677a432d635eb8cf9e94063729fdc7ca7c25c5ea62d9eb,play,0.15654757343823889,0.8434524265617611,0.04570188828584351,0.8699702905460254,hybrid_rrf_pgvector
304,527906d9b3faa51f4dbddc0f0edf56ecd8060a0130fec27fd1ae36b31018fe83,ShouldRevalidateEntry() in imgLoader.cpp should return false for any data URI,4,5338,8ce16f5c9f53ba41d1efc5f04d27e6cbe1bbef6f62efc040dac3251ba2207ce1,pausa,0.15654757343823889,0.8434524265617611,0.047379032258064516,0.8199702905460253,hybrid_rrf_pgvector
304,527906d9b3faa51f4dbddc0f0edf56ecd8060a0130fec27fd1ae36b31018fe83,ShouldRevalidateEntry() in imgLoader.cpp should return false for any data URI,5,4697,47fd4c6eb2ac4d38936d54449e8beab8acdb63e841c61d775d524a1819a9b589,pausa,0.15654757343823889,0.8434524265617611,0.04640914640914641,0.8199702905460253,hybrid_rrf_pgvector
305,786c1dd04bcd435ff7f95195a5f075662a45dfd80a465d988e7b86ebd4871a59,FF3 RC1 loses SSL certificate exceptions,1,1176,871d11267dd15683f9d96d57d7dd85996e8e2377ef333a88404b0738a6524cc3,pausa,0.13048519912771706,0.869514800872283,0.03225806451612903,0.8999420210031255,hybrid_rrf_pgvector
305,786c1dd04bcd435ff7f95195a5f075662a45dfd80a465d988e7b86ebd4871a59,FF3 RC1 loses SSL certificate exceptions,2,1921,ac7f552277dc2b8ce115c2c1fd32b2183d8888a7deba839a570a50e57c77a327,pausa,0.14689922926787335,0.8531007707321266,0.030798389007344232,0.8810658863419457,hybrid_rrf_pgvector
305,786c1dd04bcd435ff7f95195a5f075662a45dfd80a465d988e7b86ebd4871a59,FF3 RC1 loses SSL certificate exceptions,3,1830,cd38abdf58062059c6622c89df68e5931443fa46befd77b8c256b3ed9b693b13,stop,0.1270994956632181,0.8729005043367819,0.03278688524590164,0.8538355799872992,hybrid_rrf_pgvector
305,786c1dd04bcd435ff7f95195a5f075662a45dfd80a465d988e7b86ebd4871a59,FF3 RC1 loses SSL certificate exceptions,4,5710,9dff7cbaac389eafe57e73718b800ccb2eb8f84b7cee4ba9920454a1ba99e444,play,0.14689922926787335,0.8531007707321266,0.03149801587301587,0.8310658863419457,hybrid_rrf_pgvector
305,786c1dd04bcd435ff7f95195a5f075662a45dfd80a465d988e7b86ebd4871a59,FF3 RC1 loses SSL certificate exceptions,5,3350,f1421fcce89fa3935577c646b9123ebcc6e12bd7f8909e1feb015fadc3038af4,play,0.14689922926787335,0.8531007707321266,0.030309988518943745,0.8310658863419457,hybrid_rrf_pgvector
306,af4f5c14edaf2e8b4341ba31b4aa0b79c7cec24729dc58f4352fd2a24fb27eaa,Device Storage - separate unavailable state into unavailable and  'sharing',1,4951,bb2801a642f3e2b09a42e738e27fac336ecc2caa4b11b97f705482bf9a17dd62,pausa,2.220446049250313e-16,0.9999999999999998,0.04865990111891752,1.0499999999999998,hybrid_rrf_pgvector
306,af4f5c14edaf2e8b4341ba31b4aa0b79c7cec24729dc58f4352fd2a24fb27eaa,Device Storage - separate unavailable state into unavailable and  'sharing',2,4916,c5bb5e11a84b9355b66be05411a7586c6d36532cf2d7843880a6ae3e18f7b003,pausa,2.220446049250313e-16,0.9999999999999998,0.04788306451612903,1.0499999999999998,hybrid_rrf_pgvector
306,af4f5c14edaf2e8b4341ba31b4aa0b79c7cec24729dc58f4352fd2a24fb27eaa,Device Storage - separate unavailable state into unavailable and  'sharing',3,1975,ef0e57f209a3e90fede29428b4facefadef23ac58c8537a102dac207885a186d,pausa,2.220446049250313e-16,0.9999999999999998,0.04787506400409626,1.0499999999999998,hybrid_rrf_pgvector
306,af4f5c14edaf2e8b4341ba31b4aa0b79c7cec24729dc58f4352fd2a24fb27eaa,Device Storage - separate unavailable state into unavailable and  'sharing',4,826,01ca0ce4d17613bd185c556c202072c24ca8cf261591484e8b54435de57f7ccb,pausa,0.02452325246085041,0.9754767475391496,0.046153846153846156,1.021798259670022,hybrid_rrf_pgvector
306,af4f5c14edaf2e8b4341ba31b4aa0b79c7cec24729dc58f4352fd2a24fb27eaa,Device Storage - separate unavailable state into unavailable and  'sharing',5,1069,8200262a02d8c16a27d6dd478c88b148d7994a6ec1ca3014f1baf81f78afd0ce,play,2.220446049250313e-16,0.9999999999999998,0.047643442622950824,0.9999999999999998,hybrid_rrf_pgvector
307,3ae13c8d66431f7560b91e241af8bcbb09b1d857ddc59b033463ef4c47b92a6f,Ant Runtime Preference Page. Bug providing property key ending with space,1,3818,d96e2918bd60ab86a3663d904b6535eb9130ba33bd42ced56eb9c30ea0440685,play,0.1305492989763345,0.8694507010236655,0.04918032786885246,0.8998683061772154,hybrid_rrf_pgvector
307,3ae13c8d66431f7560b91e241af8bcbb09b1d857ddc59b033463ef4c47b92a6f,Ant Runtime Preference Page. Bug providing property key ending with space,2,5559,e3bad99e49efa955c371651ec7172ebdc61508defe09ceaba66c1d9f2951ca6f,play,0.21424299322100926,0.7857570067789907,0.046543778801843315,0.8036205577958394,hybrid_rrf_pgvector
307,3ae13c8d66431f7560b91e241af8bcbb09b1d857ddc59b033463ef4c47b92a6f,Ant Runtime Preference Page. Bug providing property key ending with space,3,4945,b3147a9b89b0f5ab8f547a02eb785522c07058313edab1955941847751c79117,play,0.2291148937515748,0.7708851062484252,0.04762704813108039,0.786517872185689,hybrid_rrf_pgvector
307,3ae13c8d66431f7560b91e241af8bcbb09b1d857ddc59b033463ef4c47b92a6f,Ant Runtime Preference Page. Bug providing property key ending with space,4,138,1804c0f92a431c8db8e441c4ec55bfc06bf020d91c7f06784cb02f738ed7fa52,play,0.2291148937515748,0.7708851062484252,0.047371031746031744,0.786517872185689,hybrid_rrf_pgvector
307,3ae13c8d66431f7560b91e241af8bcbb09b1d857ddc59b033463ef4c47b92a6f,Ant Runtime Preference Page. Bug providing property key ending with space,5,4548,95a436e705b0ff015b471c80859ee8b73460700936befb228429c145d796e4d5,play,0.2646180157161855,0.7353819842838145,0.04592074592074592,0.7456892819263867,hybrid_rrf_pgvector
308,240a6bce342f9e7762e661ec1dec0caac20b353782f99c55924417e64100cff4,Refactoring errorollowing error:,1,3787,0bb015cf785f6c6a85161c7f3e97846728de904db37f7ae502388251e8a8b3bf,pausa,0.0,1.0,0.046649531024531024,1.05,hybrid_rrf_pgvector
308,240a6bce342f9e7762e661ec1dec0caac20b353782f99c55924417e64100cff4,Refactoring errorollowing error:,2,1545,eb136e46ac48a21bcb2fe439ad6c4994c4e0694a929757a46d041bd55829d55d,pausa,0.0,1.0,0.04598642976252085,1.05,hybrid_rrf_pgvector
308,240a6bce342f9e7762e661ec1dec0caac20b353782f99c55924417e64100cff4,Refactoring errorollowing error:,3,1535,b9bb82f8e1f19d9b2314100dd70f95f3251b2f04d724726f3ff3b48008156eee,pausa,0.0,1.0,0.04547574626865672,1.05,hybrid_rrf_pgvector
308,240a6bce342f9e7762e661ec1dec0caac20b353782f99c55924417e64100cff4,Refactoring errorollowing error:,4,4910,329444ddaa71da5ef056dec592020775d9f6a8e24d2628dbb081c837fee3f4ea,play,0.0,1.0,0.04738666351569577,1.0,hybrid_rrf_pgvector
308,240a6bce342f9e7762e661ec1dec0caac20b353782f99c55924417e64100cff4,Refactoring errorollowing error:,5,3836,7be7037b89a2c962b8ba55f551d58b1c5fe70c02bd02e3e3daf67bcdff60911a,stop,0.0,1.0,0.04618300439195962,1.0,hybrid_rrf_pgvector
309,e12e6134c44d2a38c0aa9dd00ebcd3dcbc0d76546e4aa13007122c3c50e95dd6,"After reloading a page with a single contenteditable element, every element on that page is editable",1,5007,bfabf5db4b0895e240c9ae1c57bde082b41d2a35d5fb4771feec84e7f7d4da3b,play,0.08772719199983503,0.912272808000165,0.04697234084890787,0.9491137292001898,hybrid_rrf_pgvector
309,e12e6134c44d2a38c0aa9dd00ebcd3dcbc0d76546e4aa13007122c3c50e95dd6,"After reloading a page with a single contenteditable element, every element on that page is editable",2,3680,423352c0aa95b680739ea7306c10e120233fdb1ba7bfa06929698889690a5f5d,play,0.08772719199983503,0.912272808000165,0.045062229437229435,0.9491137292001898,hybrid_rrf_pgvector
309,e12e6134c44d2a38c0aa9dd00ebcd3dcbc0d76546e4aa13007122c3c50e95dd6,"After reloading a page with a single contenteditable element, every element on that page is editable",3,2904,24d86cd6fe507138d222d66b2fbe49e1e38f92c901a74ceae11032657519b882,play,0.08772719199983503,0.912272808000165,0.04369138959931799,0.9491137292001898,hybrid_rrf_pgvector
309,e12e6134c44d2a38c0aa9dd00ebcd3dcbc0d76546e4aa13007122c3c50e95dd6,"After reloading a page with a single contenteditable element, every element on that page is editable",4,5691,adf187154044ccca902b2aedbaaa682cc1cafcaaf56a33ce7a1946f60146711a,play,0.08772719199983503,0.912272808000165,0.03131881575727918,0.9491137292001898,hybrid_rrf_pgvector
309,e12e6134c44d2a38c0aa9dd00ebcd3dcbc0d76546e4aa13007122c3c50e95dd6,"After reloading a page with a single contenteditable element, every element on that page is editable",5,4665,a13ab194299f6712a375d9172a8fb90bee682e1ba3ea9acba6f7f1a7ed198bc5,pausa,0.08772719199983503,0.912272808000165,0.046679405392392875,0.8991137292001897,hybrid_rrf_pgvector
310,781aba4f60bc9014674505b3ee859a338f601c7a2b9e80e68d7d949c7cd8bea6,[Edit] Binary Compare label is missing,1,3218,e26e601bd7381f94815b903fe730d15d4837b7ecac3aefde19e1cf28230f566e,play,0.033800954009235884,0.9661990459907641,0.04918032786885246,1.0111289028893786,hybrid_rrf_pgvector
310,781aba4f60bc9014674505b3ee859a338f601c7a2b9e80e68d7d949c7cd8bea6,[Edit] Binary Compare label is missing,2,4033,0dbc8f75fdc7361c215b1f48313fb91aff2a111973d284f009e9ce14ba18fa8d,pausa,0.05364195392832982,0.9463580460716702,0.04838709677419355,0.9383117529824208,hybrid_rrf_pgvector
310,781aba4f60bc9014674505b3ee859a338f601c7a2b9e80e68d7d949c7cd8bea6,[Edit] Binary Compare label is missing,3,4046,c86ce354d8c6d4676ea8bb1f545556c03b409a30c57b55a2a559280ec052103d,play,0.10882055702393556,0.8911794429760644,0.04531024531024531,0.9248563594224741,hybrid_rrf_pgvector
310,781aba4f60bc9014674505b3ee859a338f601c7a2b9e80e68d7d949c7cd8bea6,[Edit] Binary Compare label is missing,4,2995,0f25458f06d7c0407d92196823848ce694ec414b19bfb2320b66ce329f658f6c,pausa,0.10882055702393556,0.8911794429760644,0.03055037313432836,0.8748563594224741,hybrid_rrf_pgvector
310,781aba4f60bc9014674505b3ee859a338f601c7a2b9e80e68d7d949c7cd8bea6,[Edit] Binary Compare label is missing,5,3020,7bbeb0ac65655d8edfb60317d056f46614363f576b5d6a48e88707e2c043f8d5,pausa,0.10882055702393556,0.8911794429760644,0.030536130536130537,0.8748563594224741,hybrid_rrf_pgvector
311,50df4849e1e5107a65cb526815710b964adfed4e1988b57c3c221413be0d2234,Classpath resolution taking significantly longer,1,4724,b203abb2842bc7ee44f19eb7e17786a93edf538595304e41b47eabd0abe9d6e0,pausa,0.0,1.0,0.048131080389144903,1.05,hybrid_rrf_pgvector
311,50df4849e1e5107a65cb526815710b964adfed4e1988b57c3c221413be0d2234,Classpath resolution taking significantly longer,2,2170,da9cb702e96cdcea9ae405c80b84be8b2023ea34bd14e564113000e421422562,pausa,0.0,1.0,0.04712301587301587,1.05,hybrid_rrf_pgvector
311,50df4849e1e5107a65cb526815710b964adfed4e1988b57c3c221413be0d2234,Classpath resolution taking significantly longer,3,5383,3c8e46a89dea0625069393adb1530a053e443916f03a2aca10325761139cd24e,play,0.0,1.0,0.04841188524590165,1.0,hybrid_rrf_pgvector
311,50df4849e1e5107a65cb526815710b964adfed4e1988b57c3c221413be0d2234,Classpath resolution taking significantly longer,4,4411,3f6de3a685daa125327ea5cfb0ee3f38c618772e394e032ae5227b56f6a21a6d,play,0.0,1.0,0.04839549075403121,1.0,hybrid_rrf_pgvector
311,50df4849e1e5107a65cb526815710b964adfed4e1988b57c3c221413be0d2234,Classpath resolution taking significantly longer,5,831,43005c87aaa24d9da541b54a04adb3b3cf2ce6d7b292f0fbb52706a702cd223d,stop,0.0,1.0,0.046153846153846156,1.0,hybrid_rrf_pgvector
312,3a766e99381441db9b764479b45571b4bb2f7ea0e41a697e6accbcaf4c851fd1,[Apply Patch] Show matched hunks in Appply Patch wizard,1,5472,629cff4b9e0bdcf84faa8876be2d373230ba8c5e6a6342d814aabc57063e85fd,play,0.0,1.0,0.04918032786885246,1.05,hybrid_rrf_pgvector
312,3a766e99381441db9b764479b45571b4bb2f7ea0e41a697e6accbcaf4c851fd1,[Apply Patch] Show matched hunks in Appply Patch wizard,2,951,55f1f952f82bd42f305ba2f325addb6f1c654560d9c6ca9d7cba36c52a0a9023,play,0.02119508647116153,0.9788049135288385,0.03225806451612903,1.0256256505581642,hybrid_rrf_pgvector
312,3a766e99381441db9b764479b45571b4bb2f7ea0e41a697e6accbcaf4c851fd1,[Apply Patch] Show matched hunks in Appply Patch wizard,3,4855,430e3e51421f9123af37d6a498b4127038a35aea520148c1584250ab64194352,play,0.0903920515888803,0.9096079484111197,0.03125,0.9460491406727877,hybrid_rrf_pgvector
312,3a766e99381441db9b764479b45571b4bb2f7ea0e41a697e6accbcaf4c851fd1,[Apply Patch] Show matched hunks in Appply Patch wizard,4,4655,af520afa15ca9294ae77dee8043bed98c954199a915a41d472233297a30b7cdf,stop,0.055981851297070895,0.9440181487029291,0.046671404880360104,0.9356208710083684,hybrid_rrf_pgvector
312,3a766e99381441db9b764479b45571b4bb2f7ea0e41a697e6accbcaf4c851fd1,[Apply Patch] Show matched hunks in Appply Patch wizard,5,3252,e97643c0a233cff191cdccbe2cd849fa8a5eb1ec804c500b3f5ba5c371ce21a3,play,0.12143310401829688,0.8785668959817031,0.04500226142017187,0.9103519303789587,hybrid_rrf_pgvector
313,82a6b4eaafe5af9acd4814932fa159a69237e3633487b95590b95c6671f5d663,servlet 2.4.0 source bundle is appearing,1,5594,5d6225b129b74d7983add57069b6c0630b11aea72f767274d609bec344ef985c,play,0.0,1.0,0.04865990111891752,1.05,hybrid_rrf_pgvector
313,82a6b4eaafe5af9acd4814932fa159a69237e3633487b95590b95c6671f5d663,servlet 2.4.0 source bundle is appearing,2,4587,250cb1fa537c3355f78d3433f2acc1984135f1bfa5df21faacaf0e0dcdf4ad94,play,0.0,1.0,0.04838709677419355,1.05,hybrid_rrf_pgvector
313,82a6b4eaafe5af9acd4814932fa159a69237e3633487b95590b95c6671f5d663,servlet 2.4.0 source bundle is appearing,3,124,2feb4b057613950c78c069ddb02839a7fc4b4001dc307251c6775d667774dea4,pausa,0.0,1.0,0.047643442622950824,1.0,hybrid_rrf_pgvector
313,82a6b4eaafe5af9acd4814932fa159a69237e3633487b95590b95c6671f5d663,servlet 2.4.0 source bundle is appearing,4,2504,cafb1fd87961276634e0f3380e0777e902e1e092fe93ece227619b6c5c0fd9e8,stop,0.0,1.0,0.047371031746031744,1.0,hybrid_rrf_pgvector
313,82a6b4eaafe5af9acd4814932fa159a69237e3633487b95590b95c6671f5d663,servlet 2.4.0 source bundle is appearing,5,3610,98ca8bc37db41f976dc97eff723266c370c82c9d06af9ebd7f9f865fbc844c02,pausa,0.1155139888468103,0.8844860111531897,0.04547511312217195,0.8671589128261682,hybrid_rrf_pgvector
314,44ce8b782174a468aa471d06b51bb867f9fb807fa47ee6fbd553995d22eef08c,Spelling suggestions creates a zombie compartment,1,0,737a8c586e01a3db3f0e7f8cdf0146c83a33197e8d2e8f1ab813f7fbb5ddbbae,play,1.0,0.0,0.03278688524590164,-0.09999999999999999,hybrid_rrf_pgvector
314,44ce8b782174a468aa471d06b51bb867f9fb807fa47ee6fbd553995d22eef08c,Spelling suggestions creates a zombie compartment,2,2,50f50c77354314a73686fd77a1e2c3b3b4b8a48d5bbfdc5391409e149234c098,play,1.0,0.0,0.031746031746031744,-0.09999999999999999,hybrid_rrf_pgvector
314,44ce8b782174a468aa471d06b51bb867f9fb807fa47ee6fbd553995d22eef08c,Spelling suggestions creates a zombie compartment,3,1,7175846e309b39507fa4c4cfa3ee674c5626208653c00dcf439122eea5f9aec0,pausa,1.0,0.0,0.03225806451612903,-0.15,hybrid_rrf_pgvector
314,44ce8b782174a468aa471d06b51bb867f9fb807fa47ee6fbd553995d22eef08c,Spelling suggestions creates a zombie compartment,4,3,08db3dc49103c8ccfff8b8dd59d2b8fa79ebca6f181aec85d18c2d9e440dc33f,pausa,1.0,0.0,0.03125,-0.15,hybrid_rrf_pgvector
314,44ce8b782174a468aa471d06b51bb867f9fb807fa47ee6fbd553995d22eef08c,Spelling suggestions creates a zombie compartment,5,4,c020e3e61c72b8025cbdaa2c813ae36f00080d2900b13a19128931d6d15dd411,stop,1.0,0.0,0.03076923076923077,-0.15,hybrid_rrf_pgvector
315,ee7142a3feae2c5b4d1c6ed1dfc0828005092b7ae7d75e288bec088b9cfd4add,User/Password is not restored in Network Connection preference page if http proxy is not used,1,4945,b3147a9b89b0f5ab8f547a02eb785522c07058313edab1955941847751c79117,play,0.15539344959364243,0.8446065504063576,0.048915917503966164,0.8712975329673113,hybrid_rrf_pgvector
315,ee7142a3feae2c5b4d1c6ed1dfc0828005092b7ae7d75e288bec088b9cfd4add,User/Password is not restored in Network Connection preference page if http proxy is not used,2,138,1804c0f92a431c8db8e441c4ec55bfc06bf020d91c7f06784cb02f738ed7fa52,play,0.15539344959364243,0.8446065504063576,0.048651507139079855,0.8712975329673113,hybrid_rrf_pgvector
315,ee7142a3feae2c5b4d1c6ed1dfc0828005092b7ae7d75e288bec088b9cfd4add,User/Password is not restored in Network Connection preference page if http proxy is not used,3,4548,95a436e705b0ff015b471c80859ee8b73460700936befb228429c145d796e4d5,play,0.18456279868663317,0.8154372013133668,0.04713064713064713,0.8377527815103719,hybrid_rrf_pgvector
315,ee7142a3feae2c5b4d1c6ed1dfc0828005092b7ae7d75e288bec088b9cfd4add,User/Password is not restored in Network Connection preference page if http proxy is not used,4,5147,b6ac57e1c95e0a47ae1e299a16c79aaf58bc6bbfd2b7b83e60f369dda51ba20f,play,0.21002895510505049,0.7899710448949495,0.046875,0.808466701629192,hybrid_rrf_pgvector
315,ee7142a3feae2c5b4d1c6ed1dfc0828005092b7ae7d75e288bec088b9cfd4add,User/Password is not restored in Network Connection preference page if http proxy is not used,5,4532,3077569d0eb368013b779a701d5b63522b00bf2433bbd5a1735964cc3b015e3e,stop,0.22548832300850485,0.7745116769914951,0.046176046176046176,0.7406884285402194,hybrid_rrf_pgvector
316,eb14f5514805a51eacb0af12e690c6625e796a5a74c268dddf3767ad4945be36,typing in URL autoselects itself if browser.urlbar.clickSelectsAll is set to true,1,98,b7cdd9649cd3d1ef815b5d253db2eaffc01ac98f6ff4518cf5c811de5256af98,play,0.10817597250970201,0.891824027490298,0.03278688524590164,0.9255976316138428,hybrid_rrf_pgvector
316,eb14f5514805a51eacb0af12e690c6625e796a5a74c268dddf3767ad4945be36,typing in URL autoselects itself if browser.urlbar.clickSelectsAll is set to true,2,1876,30e3c83b36c4085c1260335061d526723c75ceeef28f89bc602e6878258a9d6d,play,0.12851121536443166,0.8714887846355683,0.048651507139079855,0.9022121023309037,hybrid_rrf_pgvector
316,eb14f5514805a51eacb0af12e690c6625e796a5a74c268dddf3767ad4945be36,typing in URL autoselects itself if browser.urlbar.clickSelectsAll is set to true,3,4208,5ec0511c0f12491a231be95f49a27f1910d1ef10abf262c638ad26aa63cfd071,play,0.27130915147463397,0.728690848525366,0.04437621202327085,0.737994475804171,hybrid_rrf_pgvector
316,eb14f5514805a51eacb0af12e690c6625e796a5a74c268dddf3767ad4945be36,typing in URL autoselects itself if browser.urlbar.clickSelectsAll is set to true,4,4346,c525228e4bd89e9f83e3912ec9e7dbc992150c32f011b5fcc93cf59973674b25,play,0.27130915147463397,0.728690848525366,0.031009615384615385,0.737994475804171,hybrid_rrf_pgvector
316,eb14f5514805a51eacb0af12e690c6625e796a5a74c268dddf3767ad4945be36,typing in URL autoselects itself if browser.urlbar.clickSelectsAll is set to true,5,4821,97c5c0a244503b41789966e9bf5bff3c547ba344d44501d652eb5b652953ac55,play,0.27130915147463397,0.728690848525366,0.03036576949620428,0.737994475804171,hybrid_rrf_pgvector
317,5950aeefbcd88f2c08bda690437e3b9d19b8916a81b589219c714026f77217b6,I want to receive mail when: Some attachment data changes,1,5879,4630a05ab68098be4aa5209886b5f784ef2cd539f8670409ef40c2bfa8dbece9,play,0.34897556674570596,0.651024433254294,0.03278688524590164,0.6486780982424382,hybrid_rrf_pgvector
317,5950aeefbcd88f2c08bda690437e3b9d19b8916a81b589219c714026f77217b6,I want to receive mail when: Some attachment data changes,2,5076,fa9c3032ebad31c1d2b11a516a0d2415eacb1fc2baf4f547840c7817e1897029,stop,0.37880716456220953,0.6211928354377905,0.03200204813108039,0.5643717607534591,hybrid_rrf_pgvector
317,5950aeefbcd88f2c08bda690437e3b9d19b8916a81b589219c714026f77217b6,I want to receive mail when: Some attachment data changes,3,4270,8f7eac44aeb14ac79b61e69d033fb095496460097d8a6fae50d7cb2aab91607a,play,0.4291706200432239,0.5708293799567761,0.044117647058823525,0.5564537869502926,hybrid_rrf_pgvector
317,5950aeefbcd88f2c08bda690437e3b9d19b8916a81b589219c714026f77217b6,I want to receive mail when: Some attachment data changes,4,4926,ea86df9a72cf5f50adee8f69a8ce23e21556b774a9254e6283f2c840d54820a8,play,0.4567721556128046,0.5432278443871954,0.04416308329351808,0.5247120210452747,hybrid_rrf_pgvector
317,5950aeefbcd88f2c08bda690437e3b9d19b8916a81b589219c714026f77217b6,I want to receive mail when: Some attachment data changes,5,3569,cbbc5f65bcd183f69cf1dc2a98d6cf5c2ed1a641ab0e7686317d59746cefbf11,pausa,0.4567721556128046,0.5432278443871954,0.04392998306041784,0.4747120210452747,hybrid_rrf_pgvector
318,2f3a2a2621f1a0a890f23798ea1a827297c40083b74d5ea4f05e08a65a85043e,Use lazy services in Services.jsm,1,5092,64db0c8f8cf95cc1e2dbbb2b7e594def389bb341a90929c767fa7b2487ecf0f6,stop,1.1102230246251565e-16,0.9999999999999999,0.04722835723395651,1.0499999999999998,hybrid_rrf_pgvector
318,2f3a2a2621f1a0a890f23798ea1a827297c40083b74d5ea4f05e08a65a85043e,Use lazy services in Services.jsm,2,4981,510df3e113184c04cffbbcbeb6271bd1fe5bd98144a4c1122ccc6d86380fdcca,play,1.1102230246251565e-16,0.9999999999999999,0.04534011967810716,0.9999999999999999,hybrid_rrf_pgvector
318,2f3a2a2621f1a0a890f23798ea1a827297c40083b74d5ea4f05e08a65a85043e,Use lazy services in Services.jsm,3,4907,b311660b14dd88215ce6e6789565b75d1a6eeb073382ee882bc6b81ee74465b4,pausa,1.1102230246251565e-16,0.9999999999999999,0.031024531024531024,0.9999999999999999,hybrid_rrf_pgvector
318,2f3a2a2621f1a0a890f23798ea1a827297c40083b74d5ea4f05e08a65a85043e,Use lazy services in Services.jsm,4,4339,4ffc4e610f90dec40626b69eec35577e9e2a4a3899665f0ed2b2737487a36c33,play,1.1102230246251565e-16,0.9999999999999999,0.02964426877470356,0.9999999999999999,hybrid_rrf_pgvector
318,2f3a2a2621f1a0a890f23798ea1a827297c40083b74d5ea4f05e08a65a85043e,Use lazy services in Services.jsm,5,4320,a6611b6ca5d126a8596b22b1c7137def88ffb5e71aae7a0e33605b6e660f25c1,play,1.1102230246251565e-16,0.9999999999999999,0.029211087420042643,0.9999999999999999,hybrid_rrf_pgvector
319,27c98ec4585ce1d5b545a4839e354dfc61318d5a588bba20aa7607fe2c0e7fb2,browser/base/content/test/tabview/browser_tabview_bug624265.js | Found a tab after previous test timed out,1,5049,ed97a19ed3ef7a4631883f1af2b0f84871cc7d48d02ed91c27a971ffe46edae3,pausa,0.015289194696914366,0.9847108053030856,0.04918032786885246,1.0324174260985484,hybrid_rrf_pgvector
319,27c98ec4585ce1d5b545a4839e354dfc61318d5a588bba20aa7607fe2c0e7fb2,browser/base/content/test/tabview/browser_tabview_bug624265.js | Found a tab after previous test timed out,2,412,f0936d9fb3f40ad62747052fabb00023204ba43a84f5972459e9a0e5b1f68eb3,pausa,0.03291227183551615,0.9670877281644839,0.045327668234194096,1.0121508873891565,hybrid_rrf_pgvector
319,27c98ec4585ce1d5b545a4839e354dfc61318d5a588bba20aa7607fe2c0e7fb2,browser/base/content/test/tabview/browser_tabview_bug624265.js | Found a tab after previous test timed out,3,2340,ecd467367bea8af041bae2ac9f4f34db9069c1a55cc48f59603becd636eff83f,pausa,0.03291227183551615,0.9670877281644839,0.04483608742004264,1.0121508873891565,hybrid_rrf_pgvector
319,27c98ec4585ce1d5b545a4839e354dfc61318d5a588bba20aa7607fe2c0e7fb2,browser/base/content/test/tabview/browser_tabview_bug624265.js | Found a tab after previous test timed out,4,225,fefdf9dcc1b7f7b909808ff8311add794da958c5da560245d5abbd779f71b7a6,pausa,0.05497306101377075,0.9450269389862292,0.04372294372294372,0.9867809798341637,hybrid_rrf_pgvector
319,27c98ec4585ce1d5b545a4839e354dfc61318d5a588bba20aa7607fe2c0e7fb2,browser/base/content/test/tabview/browser_tabview_bug624265.js | Found a tab after previous test timed out,5,2813,c28e79a53c781c1a55b2fdd22d0f6afe331912bf3a3e78921975a27d5433442b,stop,0.03291227183551615,0.9670877281644839,0.04413702239789197,0.9621508873891564,hybrid_rrf_pgvector
320,f471e869b897c40970ecad3e7dccffb45b01202fdaad2b20de89900ee099b16a,SellectionListener possible bug,1,5257,6c6923267e99279b9937663c3bed649e3612d5664239b1a4c63e97046ccbf103,play,0.0,1.0,0.04675081813931744,1.0,hybrid_rrf_pgvector
320,f471e869b897c40970ecad3e7dccffb45b01202fdaad2b20de89900ee099b16a,SellectionListener possible bug,2,5121,3e748273594d46e30090f2476102e89bb1cf55f4924b156de85364d7d71963b5,play,0.0,1.0,0.046671404880360104,1.0,hybrid_rrf_pgvector
320,f471e869b897c40970ecad3e7dccffb45b01202fdaad2b20de89900ee099b16a,SellectionListener possible bug,3,4315,c0dce16ba0e502dbb011e9a8c2480db90a651de4e0aeef11042944fd6a6e36a0,play,0.0,1.0,0.045928030303030304,1.0,hybrid_rrf_pgvector
320,f471e869b897c40970ecad3e7dccffb45b01202fdaad2b20de89900ee099b16a,SellectionListener possible bug,4,4257,66ef9b659891a6fa4f29e71c4fce494115d93d8998959e07e60182ada337bf07,stop,0.0,1.0,0.04501587087188492,1.0,hybrid_rrf_pgvector
320,f471e869b897c40970ecad3e7dccffb45b01202fdaad2b20de89900ee099b16a,SellectionListener possible bug,5,5943,c1d2cde977f9a5b91c6d6c3eed4199501861899d7b56f2e967fad305e95ab042,play,0.0,1.0,0.03278688524590164,1.0,hybrid_rrf_pgvector
321,d7469d2fc8dbb4b0c26f4f742edd3cf214a8c5998c3d0e85e9bef216685947a4,Wifi worker not connecting to access point on akami,1,457,7b18b17f84ba6064664dc08360f2c07088249c87022842681f47126bca2bf9fc,stop,0.031296006130756227,0.9687039938692438,0.048915917503966164,1.0140095929496302,hybrid_rrf_pgvector
321,d7469d2fc8dbb4b0c26f4f742edd3cf214a8c5998c3d0e85e9bef216685947a4,Wifi worker not connecting to access point on akami,2,5438,16fdefd5984eb3724786c7380d4eb992d9a67fd96e046cd6678b42734c676fb6,stop,0.052542295535561556,0.9474577044644384,0.04814747488101534,0.9895763601341042,hybrid_rrf_pgvector
321,d7469d2fc8dbb4b0c26f4f742edd3cf214a8c5998c3d0e85e9bef216685947a4,Wifi worker not connecting to access point on akami,3,1334,b80995af81003d8836b069df5288eb18c6f7b16d75b1cfb2cde7d1374a45f016,stop,0.052542295535561556,0.9474577044644384,0.04762704813108039,0.9895763601341042,hybrid_rrf_pgvector
321,d7469d2fc8dbb4b0c26f4f742edd3cf214a8c5998c3d0e85e9bef216685947a4,Wifi worker not connecting to access point on akami,4,320,c16f8dcbb42986e17a8ac7eb49dd43a0cb7cee090d66791788e7b26b63098c7e,play,0.052542295535561556,0.9474577044644384,0.047371031746031744,0.9395763601341042,hybrid_rrf_pgvector
321,d7469d2fc8dbb4b0c26f4f742edd3cf214a8c5998c3d0e85e9bef216685947a4,Wifi worker not connecting to access point on akami,5,4879,d7575e07b1b9a0ae5ba0197e295e31c29db1d8a9e26bd862e1935b5557e195c4,stop,0.2629378132730249,0.7370621867269751,0.045054945054945054,0.7476215147360215,hybrid_rrf_pgvector
322,a49d8a8cdbc6d07991e96b689b500e11d6a8366c882434bcd67132b6e1753018,[Generate Getters and Setters] Placing definitions in implementation file works unreliably,1,2879,77b1526c92216db5c435d082cf10d1ec38d56c7686747c9873d6834668115631,play,0.1274146293675147,0.8725853706324853,0.045084103293058515,0.9034731762273581,hybrid_rrf_pgvector
322,a49d8a8cdbc6d07991e96b689b500e11d6a8366c882434bcd67132b6e1753018,[Generate Getters and Setters] Placing definitions in implementation file works unreliably,2,1327,d0975ddc01cf48bda8f798e60d40db72f97594c709f0d78a2e297a7350475152,play,0.1274146293675147,0.8725853706324853,0.03177805800756621,0.9034731762273581,hybrid_rrf_pgvector
322,a49d8a8cdbc6d07991e96b689b500e11d6a8366c882434bcd67132b6e1753018,[Generate Getters and Setters] Placing definitions in implementation file works unreliably,3,2109,690cd97a5ce6762e77488124cffa3ddce5e48b78b6eb3338865e279b44a5b4b9,play,0.1274146293675147,0.8725853706324853,0.030776515151515152,0.9034731762273581,hybrid_rrf_pgvector
322,a49d8a8cdbc6d07991e96b689b500e11d6a8366c882434bcd67132b6e1753018,[Generate Getters and Setters] Placing definitions in implementation file works unreliably,4,1317,4b07eb031a4d6608cae0d9128cd929cfe8356d209992b3934ef13df1e2130882,pausa,0.1274146293675147,0.8725853706324853,0.045773301032768075,0.8534731762273581,hybrid_rrf_pgvector
322,a49d8a8cdbc6d07991e96b689b500e11d6a8366c882434bcd67132b6e1753018,[Generate Getters and Setters] Placing definitions in implementation file works unreliably,5,3648,4f3984e58836d7a0c6264e25c792f7354a579500bff4d36b68e93181a259521e,pausa,0.1274146293675147,0.8725853706324853,0.031099324975891997,0.8534731762273581,hybrid_rrf_pgvector
323,941d29fd7c4354242b72268ca2f0303df61f9d6a722179067e08233d70a37f64,Add constraint to suppress data channel,1,4975,d23a120ed21a0bbd58852996436e672ccc21a624c5c7317d7c3080cfd8ad6ccc,play,0.03521861824915873,0.9647813817508413,0.04767399003253049,1.0094985890134676,hybrid_rrf_pgvector
323,941d29fd7c4354242b72268ca2f0303df61f9d6a722179067e08233d70a37f64,Add constraint to suppress data channel,2,4961,ef9e506cb17b3824c735340702214976d19f1adb881cd71a0cbead61dd399fa0,pausa,0.03521861824915873,0.9647813817508413,0.04715356328259554,0.9594985890134675,hybrid_rrf_pgvector
323,941d29fd7c4354242b72268ca2f0303df61f9d6a722179067e08233d70a37f64,Add constraint to suppress data channel,3,4791,852054979a41cbf3226672d5a45d5a4ddc17d3b0a66ef7337885a3e5ba04334f,pausa,0.03521861824915873,0.9647813817508413,0.04574275362318841,0.9594985890134675,hybrid_rrf_pgvector
323,941d29fd7c4354242b72268ca2f0303df61f9d6a722179067e08233d70a37f64,Add constraint to suppress data channel,4,4767,ebef766f4b31bc554ef2673dea0d5405537af8a8f679a7a718dc3cc311ac5d34,pausa,0.03521861824915873,0.9647813817508413,0.04437621202327085,0.9594985890134675,hybrid_rrf_pgvector
323,941d29fd7c4354242b72268ca2f0303df61f9d6a722179067e08233d70a37f64,Add constraint to suppress data channel,5,4925,7564da71ed5ec8088767dc606889071ce2eef3f6be1686c0bf2fed70d594f30d,pausa,0.03521861824915873,0.9647813817508413,0.03125763125763126,0.9594985890134675,hybrid_rrf_pgvector
324,8c25b6baac9a2e353c1f7b390db0d4585c8ae90de5486b765131d1e38a5e58c2,New Plugin Project Wizard and MS Narrator lock up workbench,1,951,55f1f952f82bd42f305ba2f325addb6f1c654560d9c6ca9d7cba36c52a0a9023,play,0.05444955522368433,0.9455504447763157,0.048915917503966164,0.9873830114927631,hybrid_rrf_pgvector
324,8c25b6baac9a2e353c1f7b390db0d4585c8ae90de5486b765131d1e38a5e58c2,New Plugin Project Wizard and MS Narrator lock up workbench,2,4465,e4c8f1d224ea0b47e846a5f055638610930facbc4c1d06dce8574c4f1c72afdb,play,0.07198145371343678,0.9280185462865632,0.048651507139079855,0.9672213282295478,hybrid_rrf_pgvector
324,8c25b6baac9a2e353c1f7b390db0d4585c8ae90de5486b765131d1e38a5e58c2,New Plugin Project Wizard and MS Narrator lock up workbench,3,4855,430e3e51421f9123af37d6a498b4127038a35aea520148c1584250ab64194352,play,0.1112587742188359,0.8887412257811641,0.04592074592074592,0.9220524096483388,hybrid_rrf_pgvector
324,8c25b6baac9a2e353c1f7b390db0d4585c8ae90de5486b765131d1e38a5e58c2,New Plugin Project Wizard and MS Narrator lock up workbench,4,5630,7089eff74a8631b1619fd2c1882c1470ef8be46906dbac3be941819584b890bd,play,0.1183358080875806,0.8816641919124194,0.046176046176046176,0.9139138206992824,hybrid_rrf_pgvector
324,8c25b6baac9a2e353c1f7b390db0d4585c8ae90de5486b765131d1e38a5e58c2,New Plugin Project Wizard and MS Narrator lock up workbench,5,1277,7c9122faf996f2dfaa3a32d9eb93b38c40913ed17e92331b99bd0ff90c79fda4,stop,0.10431263609842611,0.8956873639015739,0.04574275362318841,0.88004046848681,hybrid_rrf_pgvector
325,a2fc1798212b31cace9fc5c748dc19193f15e1d43b24ce06d362509961cd80b9,[Templates] introduce factories for ast-nodes.,1,2720,0f962fe0cb530c1535d79e2bd211164b12b5ef04640585043e35d172f1ce562b,pausa,0.0,1.0,0.04918032786885246,1.05,hybrid_rrf_pgvector
325,a2fc1798212b31cace9fc5c748dc19193f15e1d43b24ce06d362509961cd80b9,[Templates] introduce factories for ast-nodes.,2,2171,7149ebc8a3d5fbd888740c75adebb4721c1b61960eb88db96fe0f5d84c7c1cec,pausa,0.0,1.0,0.04838709677419355,1.05,hybrid_rrf_pgvector
325,a2fc1798212b31cace9fc5c748dc19193f15e1d43b24ce06d362509961cd80b9,[Templates] introduce factories for ast-nodes.,3,2363,760a71e70b14e353d59329efa7385120c40123f1a70edcded85956630b32bb9a,play,0.14581963361652073,0.8541803663834793,0.047619047619047616,0.8323074213410011,hybrid_rrf_pgvector
325,a2fc1798212b31cace9fc5c748dc19193f15e1d43b24ce06d362509961cd80b9,[Templates] introduce factories for ast-nodes.,4,2998,18cce8f67808319a5bfb6135f57f5e25e7f60a539ed874642a7586f57144a333,play,0.2866102912876538,0.7133897087123462,0.031009615384615385,0.6703981650191981,hybrid_rrf_pgvector
325,a2fc1798212b31cace9fc5c748dc19193f15e1d43b24ce06d362509961cd80b9,[Templates] introduce factories for ast-nodes.,5,4900,05aac3f658d4e51e741f769982a4aec6d16fe03b70e83b00228628a82762b82d,play,0.2866102912876538,0.7133897087123462,0.031009615384615385,0.6703981650191981,hybrid_rrf_pgvector
326,54fbd34cb00461b7490364e3016d3eb8368e3fd9e5cd2f3dd77a11501b65cf0c,Exception in asynchronous callback not visible in web or error console,1,2543,723059d32e3fd5f74a135a30ad2f9a2675eeb3717089f23642cd84e1db818c1c,play,0.23053284455429224,0.7694671554457078,0.047619047619047616,0.784887228762564,hybrid_rrf_pgvector
326,54fbd34cb00461b7490364e3016d3eb8368e3fd9e5cd2f3dd77a11501b65cf0c,Exception in asynchronous callback not visible in web or error console,2,4605,d06ad7c88b08585b40829eb2f23d7cf3eddf3c515721ad1e89603a19e2028b52,stop,0.21599356845909123,0.7840064315409088,0.03278688524590164,0.7516073962720451,hybrid_rrf_pgvector
326,54fbd34cb00461b7490364e3016d3eb8368e3fd9e5cd2f3dd77a11501b65cf0c,Exception in asynchronous callback not visible in web or error console,3,3005,dc4a9255477bbd107fadc233c935f6fed839624a74a4ec81da9d848b1bdc0222,pausa,0.23053284455429224,0.7694671554457078,0.04838709677419355,0.734887228762564,hybrid_rrf_pgvector
326,54fbd34cb00461b7490364e3016d3eb8368e3fd9e5cd2f3dd77a11501b65cf0c,Exception in asynchronous callback not visible in web or error console,4,3836,7be7037b89a2c962b8ba55f551d58b1c5fe70c02bd02e3e3daf67bcdff60911a,stop,0.23529200675845097,0.764707993241549,0.030303030303030304,0.7294141922277814,hybrid_rrf_pgvector
326,54fbd34cb00461b7490364e3016d3eb8368e3fd9e5cd2f3dd77a11501b65cf0c,Exception in asynchronous callback not visible in web or error console,5,2201,65e6ad5e4bd1992e08ccaa3870e460871b1d75d532fb50532616e09f4bc533d6,pausa,0.23529200675845097,0.764707993241549,0.029411764705882353,0.7294141922277814,hybrid_rrf_pgvector
327,3efc314aa8abacb8f732e991fefe05cea4e5235a806ba28a84fb2af22ea57674,"FeedWriter should pull image from accessor, not property bag",1,132,215fd7b9a7c7210d71753fac9ee405c81910a6c7c66ec5f9d1b037deae43dc9d,pausa,1.1102230246251565e-16,0.9999999999999999,0.04918032786885246,0.9999999999999999,hybrid_rrf_pgvector
327,3efc314aa8abacb8f732e991fefe05cea4e5235a806ba28a84fb2af22ea57674,"FeedWriter should pull image from accessor, not property bag",2,1424,9b3db4e21439765a37e9b220c1e5f5448c2e623adc6e342a4f28a8091fc637bb,play,0.07857813011261316,0.9214218698873868,0.03225806451612903,0.959635150370495,hybrid_rrf_pgvector
327,3efc314aa8abacb8f732e991fefe05cea4e5235a806ba28a84fb2af22ea57674,"FeedWriter should pull image from accessor, not property bag",3,3421,ec2e7cf4afdba61420bf359e518ad455c4eb82d6c9c47c0bfddb7e7470143835,play,0.11178819027256459,0.8882118097274354,0.044563279857397504,0.9214435811865508,hybrid_rrf_pgvector
327,3efc314aa8abacb8f732e991fefe05cea4e5235a806ba28a84fb2af22ea57674,"FeedWriter should pull image from accessor, not property bag",4,404,843f4cb240063d8c2cb3fc6704b7fa2a98edbfc3b09a769965e171b3894fe99b,pausa,0.09590444888342198,0.904095551116578,0.04568764568764569,0.8897098837840647,hybrid_rrf_pgvector
327,3efc314aa8abacb8f732e991fefe05cea4e5235a806ba28a84fb2af22ea57674,"FeedWriter should pull image from accessor, not property bag",5,3107,cce80b704153995921008c39f9e94278deeaa8451c3e08d2befb7cc49648e4ea,pausa,0.11043278027544479,0.8895672197245552,0.04572376214167259,0.8730023026832385,hybrid_rrf_pgvector
328,ee28bd0218d70c1f7a117b27ad1bbbcbe3079325a1690824639a5dd592a94917,nsSMILTimedElement::GetNextInterval should return PRBool instead of nsresult,1,3127,579ca3b45ac9af0d36941d25ca57ab138dc93476702ac8065d2c6e440cd1b2cd,play,0.0,1.0,0.04918032786885246,1.0,hybrid_rrf_pgvector
328,ee28bd0218d70c1f7a117b27ad1bbbcbe3079325a1690824639a5dd592a94917,nsSMILTimedElement::GetNextInterval should return PRBool instead of nsresult,2,5338,8ce16f5c9f53ba41d1efc5f04d27e6cbe1bbef6f62efc040dac3251ba2207ce1,pausa,0.05277568808172184,0.9472243119182782,0.04788306451612903,0.98930795870602,hybrid_rrf_pgvector
328,ee28bd0218d70c1f7a117b27ad1bbbcbe3079325a1690824639a5dd592a94917,nsSMILTimedElement::GetNextInterval should return PRBool instead of nsresult,3,4697,47fd4c6eb2ac4d38936d54449e8beab8acdb63e841c61d775d524a1819a9b589,pausa,0.05277568808172184,0.9472243119182782,0.04787506400409626,0.98930795870602,hybrid_rrf_pgvector
328,ee28bd0218d70c1f7a117b27ad1bbbcbe3079325a1690824639a5dd592a94917,nsSMILTimedElement::GetNextInterval should return PRBool instead of nsresult,4,4575,d535cf1cc64934faa6677a432d635eb8cf9e94063729fdc7ca7c25c5ea62d9eb,play,0.05277568808172184,0.9472243119182782,0.04640151515151515,0.9393079587060199,hybrid_rrf_pgvector
328,ee28bd0218d70c1f7a117b27ad1bbbcbe3079325a1690824639a5dd592a94917,nsSMILTimedElement::GetNextInterval should return PRBool instead of nsresult,5,2735,5c3f883c1fb6b702fd128d37c4e6b9096fa419c10dc04db3f59f2fb013061898,play,0.05277568808172184,0.9472243119182782,0.04592074592074592,0.9393079587060199,hybrid_rrf_pgvector
329,cc8bbcfeca8e56e22e12b3c47bd0f8255314407fc0a9049ccb8549be8583f023,bugzilla.dtd is not valid,1,2362,ee4da01b0d415ffb85339aa0523177cbfaa34701fab346fdecdf5ee67f71e55a,play,0.079396441934248,0.920603558065752,0.048651507139079855,0.9586940917756148,hybrid_rrf_pgvector
329,cc8bbcfeca8e56e22e12b3c47bd0f8255314407fc0a9049ccb8549be8583f023,bugzilla.dtd is not valid,2,3867,a85c1bd47c26cc027e34178dd4981cffc68d814f11e78dc1fcbd460f6d060985,pausa,0.0494993901489158,0.9505006098510842,0.048915917503966164,0.9430757013287469,hybrid_rrf_pgvector
329,cc8bbcfeca8e56e22e12b3c47bd0f8255314407fc0a9049ccb8549be8583f023,bugzilla.dtd is not valid,3,3715,e15a95bab07242f030c5e825c7236b871662e7a0b89db7c8d65e2d570a111383,play,0.12591811477209391,0.8740818852279061,0.04713064713064713,0.9051941680120921,hybrid_rrf_pgvector
329,cc8bbcfeca8e56e22e12b3c47bd0f8255314407fc0a9049ccb8549be8583f023,bugzilla.dtd is not valid,4,2881,af5951bdc644a4354d7588307de47f65bede6d57fd0a0afe3aeef6bf559e24d2,stop,0.21023892514948006,0.7897610748505199,0.046875,0.7582252360780979,hybrid_rrf_pgvector
329,cc8bbcfeca8e56e22e12b3c47bd0f8255314407fc0a9049ccb8549be8583f023,bugzilla.dtd is not valid,5,3747,268ac01dbf3261b6116b7542035c5bab6e60e76e56ab26f9b92b78cf58f9b873,pausa,0.28649560977820854,0.7135043902217915,0.03125763125763126,0.6705300487550602,hybrid_rrf_pgvector
330,b0e3d43dbbf1f4b62d7ae36b08a2023c8ba8763148034cd99fc036d9dcc8c40d,nsWindow::mIMEComposing is used uninitialised,1,4484,f65547a2ff20107b09df6c2320fa3f0de7f44646214a7cb24e31785fe458a6c4,play,-2.220446049250313e-16,1.0000000000000002,0.04814747488101534,1.0500000000000003,hybrid_rrf_pgvector
330,b0e3d43dbbf1f4b62d7ae36b08a2023c8ba8763148034cd99fc036d9dcc8c40d,nsWindow::mIMEComposing is used uninitialised,2,3038,abdeee1701b5a7838ad15c78afcd558c4a90f058e9b473918bb5d358f8da5252,play,-2.220446049250313e-16,1.0000000000000002,0.047169957774465976,1.0500000000000003,hybrid_rrf_pgvector
330,b0e3d43dbbf1f4b62d7ae36b08a2023c8ba8763148034cd99fc036d9dcc8c40d,nsWindow::mIMEComposing is used uninitialised,3,3944,1dd5bb65aabb57a25e504460818101c1d84075f163e7ae8cc898a6005238d5d8,play,-2.220446049250313e-16,1.0000000000000002,0.04688263125763126,1.0500000000000003,hybrid_rrf_pgvector
330,b0e3d43dbbf1f4b62d7ae36b08a2023c8ba8763148034cd99fc036d9dcc8c40d,nsWindow::mIMEComposing is used uninitialised,4,2167,413bad50e02208f28101c7070cf49efee437542897b08eb7c12cdd5af28f263d,play,-2.220446049250313e-16,1.0000000000000002,0.04501587087188492,1.0500000000000003,hybrid_rrf_pgvector
330,b0e3d43dbbf1f4b62d7ae36b08a2023c8ba8763148034cd99fc036d9dcc8c40d,nsWindow::mIMEComposing is used uninitialised,5,4022,862e9f6bc9d9a1fba4577d20e4c4bffb396493a571b5a97b784a45402a77f51e,stop,-2.220446049250313e-16,1.0000000000000002,0.04787506400409626,1.0000000000000002,hybrid_rrf_pgvector
331,0af94b83a8a1846ba48dbdee54faad7b7a486396a1632cb09e9bb789a44a00c9,GCLI predictions list vertical scrollbar is positioned wrong,1,1432,5210dbf36e4af2b1b49d0784f9069671df7729765435e7ca19463855809c6264,play,0.0,1.0,0.04486461251167133,1.05,hybrid_rrf_pgvector
331,0af94b83a8a1846ba48dbdee54faad7b7a486396a1632cb09e9bb789a44a00c9,GCLI predictions list vertical scrollbar is positioned wrong,2,5871,eef590a23c6a7012c8aa149d7452bde7effd9348e0ecdae777ce7da005e235fe,play,0.0,1.0,0.03278688524590164,1.05,hybrid_rrf_pgvector
331,0af94b83a8a1846ba48dbdee54faad7b7a486396a1632cb09e9bb789a44a00c9,GCLI predictions list vertical scrollbar is positioned wrong,3,5458,81fc487a5aada9602d8682794c9412e79e99ffbf508c68dab45b5a6a0e5439c6,pausa,0.0,1.0,0.04722835723395651,1.0,hybrid_rrf_pgvector
331,0af94b83a8a1846ba48dbdee54faad7b7a486396a1632cb09e9bb789a44a00c9,GCLI predictions list vertical scrollbar is positioned wrong,4,4274,11ac0f30b468165512c62df9310c7329c6185a49594f2382cb82f3ff0eda85ef,stop,0.0,1.0,0.04664224664224664,1.0,hybrid_rrf_pgvector
331,0af94b83a8a1846ba48dbdee54faad7b7a486396a1632cb09e9bb789a44a00c9,GCLI predictions list vertical scrollbar is positioned wrong,5,3541,a7812bafeb49d75a92db91aa225198e5d8ad43a6d5737fef965fcb6110d1fcbc,pausa,0.0,1.0,0.04548239750445633,1.0,hybrid_rrf_pgvector
332,7410fc36e22307782ad263d4482fa482dcdd492c06cc6a8809cfc1abc0f41f2c,"Stop button shouldn't be ghosted, since this adds N ms to page load time",1,4864,debb20db4af79ccf80e92f6afeb80ca42d0b7fe65df50b939b5e7e3a9bc55aae,play,0.14797881127414425,0.8520211887258557,0.03200204813108039,0.8798243670347341,hybrid_rrf_pgvector
332,7410fc36e22307782ad263d4482fa482dcdd492c06cc6a8809cfc1abc0f41f2c,"Stop button shouldn't be ghosted, since this adds N ms to page load time",2,4301,9d6f8aacdffa27adedc33ff64b37fa30f028222865b9585dd2912b40ef4877f5,play,0.14797881127414425,0.8520211887258557,0.030776515151515152,0.8798243670347341,hybrid_rrf_pgvector
332,7410fc36e22307782ad263d4482fa482dcdd492c06cc6a8809cfc1abc0f41f2c,"Stop button shouldn't be ghosted, since this adds N ms to page load time",3,4931,507de1105af8ea9a07012270c44b018d8296eca298ed7149a4480197c8abe635,pausa,0.14797881127414425,0.8520211887258557,0.03252247488101534,0.8298243670347341,hybrid_rrf_pgvector
332,7410fc36e22307782ad263d4482fa482dcdd492c06cc6a8809cfc1abc0f41f2c,"Stop button shouldn't be ghosted, since this adds N ms to page load time",4,5608,dedb075827c2d6a232f6a97eafe945bcb36807c0cd0ea740dc579a301a866c95,stop,0.14797881127414425,0.8520211887258557,0.03131881575727918,0.8298243670347341,hybrid_rrf_pgvector
332,7410fc36e22307782ad263d4482fa482dcdd492c06cc6a8809cfc1abc0f41f2c,"Stop button shouldn't be ghosted, since this adds N ms to page load time",5,4412,ee63871e58226eed98bb7e22ab4ab43132cf6e135173799f3ff6d4c96e5852ff,pausa,0.14797881127414425,0.8520211887258557,0.030536130536130537,0.8298243670347341,hybrid_rrf_pgvector
333,f4e9af069887e87cabe68ed5c846f4b290dc4abf973a0398c14a51c59a31232d,refactor windows native drawing prep,1,4424,5868ced002e40e2eca3b5530db885a442601f1153ea74c85f090e42ca287b901,pausa,0.0498897364514439,0.9501102635485561,0.04740957966764418,0.9926268030808396,hybrid_rrf_pgvector
333,f4e9af069887e87cabe68ed5c846f4b290dc4abf973a0398c14a51c59a31232d,refactor windows native drawing prep,2,5850,b0f880a6769990e02bc039fc80e382b0ec8b998f0fbfafba753fb595d57c03c8,pausa,0.0498897364514439,0.9501102635485561,0.046943815757279184,0.9926268030808396,hybrid_rrf_pgvector
333,f4e9af069887e87cabe68ed5c846f4b290dc4abf973a0398c14a51c59a31232d,refactor windows native drawing prep,3,4087,6865fbedda87102f16f3f72eae15ab35951cee80b594a7f3f2918a52c98f84de,pausa,0.0498897364514439,0.9501102635485561,0.04596351361057244,0.9926268030808396,hybrid_rrf_pgvector
333,f4e9af069887e87cabe68ed5c846f4b290dc4abf973a0398c14a51c59a31232d,refactor windows native drawing prep,4,3496,a618c5abf6a11a0ed2d42c4b670a1183635662cb9ed4ca812d02634bfbdf60b1,pausa,0.0498897364514439,0.9501102635485561,0.045934988518943745,0.9926268030808396,hybrid_rrf_pgvector
333,f4e9af069887e87cabe68ed5c846f4b290dc4abf973a0398c14a51c59a31232d,refactor windows native drawing prep,5,1377,45a0dd906a05cde0e0c918fe3487b4ea26258e67f67116393387419ce76259d2,stop,0.0498897364514439,0.9501102635485561,0.04648394036050738,0.9426268030808396,hybrid_rrf_pgvector
334,fd7f1b71ec451476de077c216cf12cc3906c393bea5c6f159797a8479d46c224,lock_sparc*.il should not be used on x86 machine,1,4484,f65547a2ff20107b09df6c2320fa3f0de7f44646214a7cb24e31785fe458a6c4,play,-2.220446049250313e-16,1.0000000000000002,0.04814747488101534,1.0500000000000003,hybrid_rrf_pgvector
334,fd7f1b71ec451476de077c216cf12cc3906c393bea5c6f159797a8479d46c224,lock_sparc*.il should not be used on x86 machine,2,3038,abdeee1701b5a7838ad15c78afcd558c4a90f058e9b473918bb5d358f8da5252,play,-2.220446049250313e-16,1.0000000000000002,0.047169957774465976,1.0500000000000003,hybrid_rrf_pgvector
334,fd7f1b71ec451476de077c216cf12cc3906c393bea5c6f159797a8479d46c224,lock_sparc*.il should not be used on x86 machine,3,3944,1dd5bb65aabb57a25e504460818101c1d84075f163e7ae8cc898a6005238d5d8,play,-2.220446049250313e-16,1.0000000000000002,0.04688263125763126,1.0500000000000003,hybrid_rrf_pgvector
334,fd7f1b71ec451476de077c216cf12cc3906c393bea5c6f159797a8479d46c224,lock_sparc*.il should not be used on x86 machine,4,2167,413bad50e02208f28101c7070cf49efee437542897b08eb7c12cdd5af28f263d,play,-2.220446049250313e-16,1.0000000000000002,0.04501587087188492,1.0500000000000003,hybrid_rrf_pgvector
334,fd7f1b71ec451476de077c216cf12cc3906c393bea5c6f159797a8479d46c224,lock_sparc*.il should not be used on x86 machine,5,4022,862e9f6bc9d9a1fba4577d20e4c4bffb396493a571b5a97b784a45402a77f51e,stop,-2.220446049250313e-16,1.0000000000000002,0.04787506400409626,1.0000000000000002,hybrid_rrf_pgvector
335,a79af94d5179033d51bf581bbc88ef662f01725772de814fa6caa3ccf671410a,use NS_DEBUG_ASSIGN for security,1,4339,4ffc4e610f90dec40626b69eec35577e9e2a4a3899665f0ed2b2737487a36c33,play,0.09339715530321868,0.9066028446967813,0.030309988518943745,0.9425932714012986,hybrid_rrf_pgvector
335,a79af94d5179033d51bf581bbc88ef662f01725772de814fa6caa3ccf671410a,use NS_DEBUG_ASSIGN for security,2,4389,97a98a43b6e5ac203f2f2840e85c5d8c437d7571d11b692bab06c3578f388001,play,0.09339715530321868,0.9066028446967813,0.03007688828584351,0.9425932714012986,hybrid_rrf_pgvector
335,a79af94d5179033d51bf581bbc88ef662f01725772de814fa6caa3ccf671410a,use NS_DEBUG_ASSIGN for security,3,4137,b618fe23590422298d63fa67dbb1b1be2276a351bb5750613f91e3603eaebacd,play,0.09339715530321868,0.9066028446967813,0.029910714285714284,0.9425932714012986,hybrid_rrf_pgvector
335,a79af94d5179033d51bf581bbc88ef662f01725772de814fa6caa3ccf671410a,use NS_DEBUG_ASSIGN for security,4,4883,4452582bdf7b3051e0d4542cf0a30cf0fd04c54d8261c98cf67b21822c2bb563,stop,0.061976837145212516,0.9380231628547875,0.03278688524590164,0.9287266372830056,hybrid_rrf_pgvector
335,a79af94d5179033d51bf581bbc88ef662f01725772de814fa6caa3ccf671410a,use NS_DEBUG_ASSIGN for security,5,4460,24affefa38f3c0941dffc27e71bef12122590765674c96ba7379ecd3a62192cf,pausa,0.09339715530321868,0.9066028446967813,0.029877369007803793,0.8925932714012985,hybrid_rrf_pgvector
336,061f3d6baee8793080f4d6ad0ec5725aa96040d55c6a41a4cdb7df7393cf81f0,dom.identity.enabled pref missing from about:config,1,2249,40c69295f68b65fee0249a885f38ef755030b7342155ed9ad5c1d20f6fe5d6eb,play,0.08565758632695653,0.9143424136730435,0.04560453004299347,0.9514937757240001,hybrid_rrf_pgvector
336,061f3d6baee8793080f4d6ad0ec5725aa96040d55c6a41a4cdb7df7393cf81f0,dom.identity.enabled pref missing from about:config,2,3898,8e4bafc5ed2a8443f7f677cd758fe5bb08bbd64ccc6f4676969040cb1af4c5da,pausa,0.08565758632695653,0.9143424136730435,0.04740957966764418,0.901493775724,hybrid_rrf_pgvector
336,061f3d6baee8793080f4d6ad0ec5725aa96040d55c6a41a4cdb7df7393cf81f0,dom.identity.enabled pref missing from about:config,3,3578,e581d238109d950bb0a61deca83660a9ddd70a09288e4ace687abec0be6f30b7,stop,0.08565758632695653,0.9143424136730435,0.04618300439195962,0.901493775724,hybrid_rrf_pgvector
336,061f3d6baee8793080f4d6ad0ec5725aa96040d55c6a41a4cdb7df7393cf81f0,dom.identity.enabled pref missing from about:config,4,3020,7bbeb0ac65655d8edfb60317d056f46614363f576b5d6a48e88707e2c043f8d5,pausa,0.08565758632695653,0.9143424136730435,0.04483608742004264,0.901493775724,hybrid_rrf_pgvector
336,061f3d6baee8793080f4d6ad0ec5725aa96040d55c6a41a4cdb7df7393cf81f0,dom.identity.enabled pref missing from about:config,5,485,979cdb037a0bdf37c7192fd73fd819cbc888280e288db9ecc3f0cf9457d2b557,stop,0.08565758632695653,0.9143424136730435,0.04465148378191856,0.901493775724,hybrid_rrf_pgvector
337,c9f9feb7b083cc783de11431e9fa9573f5f4c3fa3d7bbc57c43d97ec6076ce28,element.attributes.removeNamedItemNS(<non-existent attribute NS and name>) returns null instead of throwing,1,3843,d3d18508ee8984a77eef703ab64052cd4760844daf575d92777d309291756254,play,0.23937064271031416,0.7606293572896858,0.03252247488101534,0.7747237608831388,hybrid_rrf_pgvector
337,c9f9feb7b083cc783de11431e9fa9573f5f4c3fa3d7bbc57c43d97ec6076ce28,element.attributes.removeNamedItemNS(<non-existent attribute NS and name>) returns null instead of throwing,2,119,2bbf2c1fce53706805138e4742a9af19fcb7ec377fa541a5c7e32d4e8ff1af6f,play,0.23937064271031416,0.7606293572896858,0.03125763125763126,0.7747237608831388,hybrid_rrf_pgvector
337,c9f9feb7b083cc783de11431e9fa9573f5f4c3fa3d7bbc57c43d97ec6076ce28,element.attributes.removeNamedItemNS(<non-existent attribute NS and name>) returns null instead of throwing,3,4120,5af47eaa8db12128d1b263c10d7d664536706909b3a470a1a49883161e66f98e,pausa,0.23937064271031416,0.7606293572896858,0.032018442622950824,0.7247237608831387,hybrid_rrf_pgvector
337,c9f9feb7b083cc783de11431e9fa9573f5f4c3fa3d7bbc57c43d97ec6076ce28,element.attributes.removeNamedItemNS(<non-existent attribute NS and name>) returns null instead of throwing,4,310,a78de85d77c6ccd9e4d9301913e69ce277d2ea4a643c9b9a0e04e29a22c4ae79,pausa,0.23937064271031416,0.7606293572896858,0.03200204813108039,0.7247237608831387,hybrid_rrf_pgvector
337,c9f9feb7b083cc783de11431e9fa9573f5f4c3fa3d7bbc57c43d97ec6076ce28,element.attributes.removeNamedItemNS(<non-existent attribute NS and name>) returns null instead of throwing,5,227,1e7a58a8f6c1f259fbd1cbdfc5769f707423e6269648a3fbd8c007d5cc102cd0,pausa,0.23937064271031416,0.7606293572896858,0.031009615384615385,0.7247237608831387,hybrid_rrf_pgvector
338,9971be97f813f946f495f1b875f7d37aad21f0426fca9a7ce3a632368a8bf7f8,add swt's nl files for swt stand-alone download,1,2214,987c1cb02be699bf6221db5816955b1070cf32e7aa025d0a1f84751f522b4916,play,0.009927286472757424,0.9900727135272426,0.04918032786885246,1.038583620556329,hybrid_rrf_pgvector
338,9971be97f813f946f495f1b875f7d37aad21f0426fca9a7ce3a632368a8bf7f8,add swt's nl files for swt stand-alone download,2,1517,a900a01c0fbcfcc34271c19615901d4fb52f7192ed2023d8e85c5d7e7854010c,play,0.09561436521590783,0.9043856347840922,0.02919863597612958,0.940043480001706,hybrid_rrf_pgvector
338,9971be97f813f946f495f1b875f7d37aad21f0426fca9a7ce3a632368a8bf7f8,add swt's nl files for swt stand-alone download,3,2737,b125c421dd755a7f6fb14516799edd84548d8c1236d4d425bec28c7d6f9a1ed6,pausa,0.09561436521590783,0.9043856347840922,0.031754032258064516,0.890043480001706,hybrid_rrf_pgvector
338,9971be97f813f946f495f1b875f7d37aad21f0426fca9a7ce3a632368a8bf7f8,add swt's nl files for swt stand-alone download,4,1842,03c90e2b54313f9152722ff398a60f2cc272865771059886d1fd5afc3e5156f9,pausa,0.09561436521590783,0.9043856347840922,0.03055037313432836,0.890043480001706,hybrid_rrf_pgvector
338,9971be97f813f946f495f1b875f7d37aad21f0426fca9a7ce3a632368a8bf7f8,add swt's nl files for swt stand-alone download,5,1815,d5994c22979e1c9120282c445ca93bc11fd343ff88ef717284d66d41a36057ab,pausa,0.09561436521590783,0.9043856347840922,0.030536130536130537,0.890043480001706,hybrid_rrf_pgvector
339,b6789c47adcf8379b35b5def06dd6e0a34d44832bdcab92ed9dc320b149595ea,CCombo#deselectAll() doesn't clear Text,1,1199,81410b5249512563d8462249cf1e947d279cb57fd4dbf0d92ac2ce9588cff25b,play,0.04800964440212496,0.951990355597875,0.04918032786885246,0.9947889089375563,hybrid_rrf_pgvector
339,b6789c47adcf8379b35b5def06dd6e0a34d44832bdcab92ed9dc320b149595ea,CCombo#deselectAll() doesn't clear Text,2,1269,91cb6616a337e64ef7e51d44386c1982564ec83cde227e6540d84239cf78aada,play,0.20730977495689207,0.7926902250431079,0.031746031746031744,0.8115937587995742,hybrid_rrf_pgvector
339,b6789c47adcf8379b35b5def06dd6e0a34d44832bdcab92ed9dc320b149595ea,CCombo#deselectAll() doesn't clear Text,3,4819,3dbcca7e7feeb7138bb39ddf4eace92eafaee56ca2635463bb4fbf76b88765ba,play,0.222169988487543,0.777830011512457,0.04620592054390803,0.7945045132393256,hybrid_rrf_pgvector
339,b6789c47adcf8379b35b5def06dd6e0a34d44832bdcab92ed9dc320b149595ea,CCombo#deselectAll() doesn't clear Text,4,2089,9df9ccb20fdf06268a48f2f1e120f1845e40eb70669bd3b68a769b0aa125f401,play,0.222169988487543,0.777830011512457,0.043064182194616975,0.7945045132393256,hybrid_rrf_pgvector
339,b6789c47adcf8379b35b5def06dd6e0a34d44832bdcab92ed9dc320b149595ea,CCombo#deselectAll() doesn't clear Text,5,4856,8b2e3d713273508ffff18197734966e23576ebde42ab2394be51cf5d6f92e1b3,stop,0.19501241851817774,0.8049875814818223,0.03225806451612903,0.7757357187040956,hybrid_rrf_pgvector
340,f8a0df5a23a81b5944356bdad3036bbe7a6ab71a2d7c1157064ad579d52fa5ea,not always creating object frames for plugin instances instantiated by stream,1,4168,4028d3c061999b1c01ed940d6fd3b13ccdbf014db329d8549caf9f6431734f5c,play,0.09661740605381719,0.9033825939461828,0.04620389822595705,0.9388899830381103,hybrid_rrf_pgvector
340,f8a0df5a23a81b5944356bdad3036bbe7a6ab71a2d7c1157064ad579d52fa5ea,not always creating object frames for plugin instances instantiated by stream,2,2222,2b8a1361ec56249b6dfded9461dc7b9119ee23d2124612895b7a2b5c02ac40f4,play,0.09661740605381719,0.9033825939461828,0.04556626169529395,0.9388899830381103,hybrid_rrf_pgvector
340,f8a0df5a23a81b5944356bdad3036bbe7a6ab71a2d7c1157064ad579d52fa5ea,not always creating object frames for plugin instances instantiated by stream,3,4252,5e75ae30f93f4ee80766ff9aac21444a206270c0416d9b7443d302ece90b6958,stop,0.09661740605381719,0.9033825939461828,0.046176046176046176,0.8888899830381103,hybrid_rrf_pgvector
340,f8a0df5a23a81b5944356bdad3036bbe7a6ab71a2d7c1157064ad579d52fa5ea,not always creating object frames for plugin instances instantiated by stream,4,4657,5420a5dce56f27dc43a816dcef51965833d748b5e96e768bf488271b7d8ce468,pausa,0.09661740605381719,0.9033825939461828,0.045979778526721235,0.8888899830381103,hybrid_rrf_pgvector
340,f8a0df5a23a81b5944356bdad3036bbe7a6ab71a2d7c1157064ad579d52fa5ea,not always creating object frames for plugin instances instantiated by stream,5,3458,1f197561e034d309a1a4eedd21cd4dac9c891bd37df690ab73b1b5cfa22d0cfb,play,0.15599441157276916,0.8440055884272308,0.04538503926160628,0.8706064266913155,hybrid_rrf_pgvector
341,10f8503b15739f8cc0bccf2a07309ae39e0a638529a8f1e9a0d4a1cb514e0acd,"on darkroom demo, image doesn't display unless it's zoomed",1,3831,2e5ce5094ae6fe82fd943ae5edf93f2f7075abe409e7f5df1a5a070d52c14bf2,play,-2.220446049250313e-16,1.0000000000000002,0.030679156908665108,1.0500000000000003,hybrid_rrf_pgvector
341,10f8503b15739f8cc0bccf2a07309ae39e0a638529a8f1e9a0d4a1cb514e0acd,"on darkroom demo, image doesn't display unless it's zoomed",2,701,36add59acf6b362492519829545b8ddcedbeb653f485e8dc8fad626092370b93,play,-2.220446049250313e-16,1.0000000000000002,0.0304147465437788,1.0500000000000003,hybrid_rrf_pgvector
341,10f8503b15739f8cc0bccf2a07309ae39e0a638529a8f1e9a0d4a1cb514e0acd,"on darkroom demo, image doesn't display unless it's zoomed",3,3734,6f9df917bfff8896ca52ef3b79ee978ee25a02e9ba075ccf2a54472aee9b2336,pausa,-2.220446049250313e-16,1.0000000000000002,0.032266458495966696,1.0000000000000002,hybrid_rrf_pgvector
341,10f8503b15739f8cc0bccf2a07309ae39e0a638529a8f1e9a0d4a1cb514e0acd,"on darkroom demo, image doesn't display unless it's zoomed",4,2877,c512376c8a2cfbbd6d6046ecbd06ef12a92dc4b6b972cb44624c81db129092cf,stop,-2.220446049250313e-16,1.0000000000000002,0.03149801587301587,1.0000000000000002,hybrid_rrf_pgvector
341,10f8503b15739f8cc0bccf2a07309ae39e0a638529a8f1e9a0d4a1cb514e0acd,"on darkroom demo, image doesn't display unless it's zoomed",5,5488,cebfcbaf3398d58101e9346b00a0a1a6982c7a4888e7401a27b4d257fbc33619,pausa,-2.220446049250313e-16,1.0000000000000002,0.030776515151515152,1.0000000000000002,hybrid_rrf_pgvector
342,908e3c5d20c7fdd32dc5ba2e82f8cac0ac155fe4b24b0ad97ccb50079d8ccff1,nsIDKey is harmful and dead,1,3775,b8731d9200eae5475dea3bc097b3e5a608c07cbcee6f534039c37cfd7c34df38,pausa,0.0,1.0,0.048915917503966164,1.05,hybrid_rrf_pgvector
342,908e3c5d20c7fdd32dc5ba2e82f8cac0ac155fe4b24b0ad97ccb50079d8ccff1,nsIDKey is harmful and dead,2,3174,6d8017520a3c120eab3b67c8b2afa005f84e764240a32274da29151076c6790e,pausa,0.0,1.0,0.048651507139079855,1.05,hybrid_rrf_pgvector
342,908e3c5d20c7fdd32dc5ba2e82f8cac0ac155fe4b24b0ad97ccb50079d8ccff1,nsIDKey is harmful and dead,3,942,afced5ecb62992331d69271c7438b62ddfafaec8cae0870cb73fa345a59de577,stop,0.20279340824662073,0.7972065917533793,0.046897546897546896,0.7667875805163862,hybrid_rrf_pgvector
342,908e3c5d20c7fdd32dc5ba2e82f8cac0ac155fe4b24b0ad97ccb50079d8ccff1,nsIDKey is harmful and dead,4,5209,02f18d42d2e6fc6d65b3dec25f121a5e1054104b80481b3a38eebeeb6909a9ec,stop,0.20996806844926375,0.7900319315507363,0.03055037313432836,0.7585367212833467,hybrid_rrf_pgvector
342,908e3c5d20c7fdd32dc5ba2e82f8cac0ac155fe4b24b0ad97ccb50079d8ccff1,nsIDKey is harmful and dead,5,3009,f9b04431324fc0d0ba098ac7295917fb54f6b922bc87fd6c05491221000d7653,stop,0.20996806844926375,0.7900319315507363,0.02964426877470356,0.7585367212833467,hybrid_rrf_pgvector
343,2b6a846e2035520cbad56c0a1b2b6bf942d8e70f2a86bf407daf10d984b0325f,Cmd-N shortcuts don't work on mac/trunk,1,5346,1c5a4933eb4b7fea1afb006be14a7cbf80cebfd3e0d8b4a31bae5da313e6ecc8,pausa,0.14346602568204547,0.8565339743179545,0.04918032786885246,0.8850140704656477,hybrid_rrf_pgvector
343,2b6a846e2035520cbad56c0a1b2b6bf942d8e70f2a86bf407daf10d984b0325f,Cmd-N shortcuts don't work on mac/trunk,2,1811,f69d1706c6ef3a558f43c4093199cfee977c536d6e3100877238e9e9b76c1584,pausa,0.17635214225455975,0.8236478577454402,0.04713064713064713,0.8471950364072564,hybrid_rrf_pgvector
343,2b6a846e2035520cbad56c0a1b2b6bf942d8e70f2a86bf407daf10d984b0325f,Cmd-N shortcuts don't work on mac/trunk,3,3445,4eab9a0de70bbf16de798be0b0ac6e7e123f5cd215d45dd039bbb5898adf1492,play,0.1716533452851523,0.8283466547148477,0.04838709677419355,0.8025986529220749,hybrid_rrf_pgvector
343,2b6a846e2035520cbad56c0a1b2b6bf942d8e70f2a86bf407daf10d984b0325f,Cmd-N shortcuts don't work on mac/trunk,4,947,d55b6a6dd5f35e9174c2cc9c79ce71372c7a579ca94b40792cdfbbc5e78a0671,pausa,0.25930561012826026,0.7406943898717397,0.04712301587301587,0.7517985483525007,hybrid_rrf_pgvector
343,2b6a846e2035520cbad56c0a1b2b6bf942d8e70f2a86bf407daf10d984b0325f,Cmd-N shortcuts don't work on mac/trunk,5,500,93a324c3aaf15e55d374891fc02179a67957f45c7b64ae50008846edb161a0f1,pausa,0.2644634852638912,0.7355365147361088,0.03076923076923077,0.7458669919465252,hybrid_rrf_pgvector
344,6300e20c9c850507c80dbe1c1fe0b85440757b24acd9bc3cb69ed24a4d2bd635,DNS: page reload should set bypass cache flag,1,2870,fbb419aa24260fbba135f830a5b7ffd5d0272f64ba7cf2e5baaee87551181454,pausa,0.15059156501040305,0.849408434989597,0.04841188524590165,0.8768197002380366,hybrid_rrf_pgvector
344,6300e20c9c850507c80dbe1c1fe0b85440757b24acd9bc3cb69ed24a4d2bd635,DNS: page reload should set bypass cache flag,2,479,cd7b2b02e0a31f01743bc4aac00d2c5b0bbe4cdde2b187cc64b0e132c65105ca,pausa,0.17193369099740985,0.8280663090025902,0.048651507139079855,0.8522762553529787,hybrid_rrf_pgvector
344,6300e20c9c850507c80dbe1c1fe0b85440757b24acd9bc3cb69ed24a4d2bd635,DNS: page reload should set bypass cache flag,3,452,59badc4c5a2da732bbf996ef64ba7c8e2a12bcf39361f849db4d0f569ab16b47,play,0.17193369099740985,0.8280663090025902,0.04787506400409626,0.8022762553529786,hybrid_rrf_pgvector
344,6300e20c9c850507c80dbe1c1fe0b85440757b24acd9bc3cb69ed24a4d2bd635,DNS: page reload should set bypass cache flag,4,5924,5d85c794c8227499c029c0b7135641485435154ea6628a481839af2f56b69ebd,stop,0.2056499025076557,0.7943500974923443,0.046634615384615385,0.763502612116196,hybrid_rrf_pgvector
344,6300e20c9c850507c80dbe1c1fe0b85440757b24acd9bc3cb69ed24a4d2bd635,DNS: page reload should set bypass cache flag,5,5289,16b20b2292a4b1b8744eafc7c468a5515e9d338451da08b0f083fbaefc64614c,play,0.2056499025076557,0.7943500974923443,0.044782770638784684,0.763502612116196,hybrid_rrf_pgvector
345,549c27565c573a15b3272524dc22405339820f8b8217970688d4052c72f70220,Update logo for Miramar branding,1,4624,106e26431bfd3f9b1197c23ead2a11bc0a31ba033e94b2aa3d6b2e2a47d46010,play,0.04067010250133096,0.959329897498669,0.048131080389144903,1.0032293821234695,hybrid_rrf_pgvector
345,549c27565c573a15b3272524dc22405339820f8b8217970688d4052c72f70220,Update logo for Miramar branding,2,4266,e204a89f0a25913656e0c5219b31ef0f2d601dacb3698d9be41c421d4b770630,pausa,0.04067010250133096,0.959329897498669,0.04814747488101534,0.9532293821234694,hybrid_rrf_pgvector
345,549c27565c573a15b3272524dc22405339820f8b8217970688d4052c72f70220,Update logo for Miramar branding,3,4289,1d0859f0eb9d0c3cb36500097d2aff424c51a8fc465719cf0405e35bdc663717,stop,0.04067010250133096,0.959329897498669,0.04813947436898257,0.9532293821234694,hybrid_rrf_pgvector
345,549c27565c573a15b3272524dc22405339820f8b8217970688d4052c72f70220,Update logo for Miramar branding,4,4997,40e44ac62e7ee82bc0a2dfc4f7700cf48267ea2edc9195c8de01abfe0826e23e,pausa,0.04067010250133096,0.959329897498669,0.04627081163075461,0.9532293821234694,hybrid_rrf_pgvector
345,549c27565c573a15b3272524dc22405339820f8b8217970688d4052c72f70220,Update logo for Miramar branding,5,3986,6c75bf43d31f2d9393ce622be034cb35acb824400bf953a295004ab1b712036b,stop,0.04067010250133096,0.959329897498669,0.045228403437358664,0.9532293821234694,hybrid_rrf_pgvector
346,eb7bf3eaeae74c54be27d17c983d16e1a8dc08f1ec0aec38cd83d977ce785123,User without canconfirm can create confirmed bug,1,5257,6c6923267e99279b9937663c3bed649e3612d5664239b1a4c63e97046ccbf103,play,0.0,1.0,0.04675081813931744,1.0,hybrid_rrf_pgvector
346,eb7bf3eaeae74c54be27d17c983d16e1a8dc08f1ec0aec38cd83d977ce785123,User without canconfirm can create confirmed bug,2,5121,3e748273594d46e30090f2476102e89bb1cf55f4924b156de85364d7d71963b5,play,0.0,1.0,0.046671404880360104,1.0,hybrid_rrf_pgvector
346,eb7bf3eaeae74c54be27d17c983d16e1a8dc08f1ec0aec38cd83d977ce785123,User without canconfirm can create confirmed bug,3,4315,c0dce16ba0e502dbb011e9a8c2480db90a651de4e0aeef11042944fd6a6e36a0,play,0.0,1.0,0.045928030303030304,1.0,hybrid_rrf_pgvector
346,eb7bf3eaeae74c54be27d17c983d16e1a8dc08f1ec0aec38cd83d977ce785123,User without canconfirm can create confirmed bug,4,4257,66ef9b659891a6fa4f29e71c4fce494115d93d8998959e07e60182ada337bf07,stop,0.0,1.0,0.04501587087188492,1.0,hybrid_rrf_pgvector
346,eb7bf3eaeae74c54be27d17c983d16e1a8dc08f1ec0aec38cd83d977ce785123,User without canconfirm can create confirmed bug,5,5943,c1d2cde977f9a5b91c6d6c3eed4199501861899d7b56f2e967fad305e95ab042,play,0.0,1.0,0.03278688524590164,1.0,hybrid_rrf_pgvector
347,fe052d49fa5ccefa1b56eec1f38cd3d114e40f466592a2d28d9f6e8ec9a0d8a2,Cairo/Qt fails to build -- yet again.,1,3351,42d07bc9c812e7fee71bedd6f55dd5885b0ecb205e25743de12ae6ffaa502e8b,play,0.055486877142313484,0.9445131228576865,0.04839549075403121,0.9861900912863395,hybrid_rrf_pgvector
347,fe052d49fa5ccefa1b56eec1f38cd3d114e40f466592a2d28d9f6e8ec9a0d8a2,Cairo/Qt fails to build -- yet again.,2,4886,8213946a7a998eaf130fce1fa6c1ac97f5f64e8b5f39b3d05db05e19220342c3,stop,0.055486877142313484,0.9445131228576865,0.04865990111891752,0.9361900912863395,hybrid_rrf_pgvector
347,fe052d49fa5ccefa1b56eec1f38cd3d114e40f466592a2d28d9f6e8ec9a0d8a2,Cairo/Qt fails to build -- yet again.,3,140,dfd96236d95ee12f881e5fb841c5f73a4b6166c72bb6f02dae01a7b5614a319c,pausa,0.055486877142313484,0.9445131228576865,0.048131080389144903,0.9361900912863395,hybrid_rrf_pgvector
347,fe052d49fa5ccefa1b56eec1f38cd3d114e40f466592a2d28d9f6e8ec9a0d8a2,Cairo/Qt fails to build -- yet again.,4,1807,c9041539729318448d0597a4ed8549d629bac643257067513e2cd1df11dc7914,pausa,0.08730848619939025,0.9126915138006098,0.04617537313432836,0.8995952408707012,hybrid_rrf_pgvector
347,fe052d49fa5ccefa1b56eec1f38cd3d114e40f466592a2d28d9f6e8ec9a0d8a2,Cairo/Qt fails to build -- yet again.,5,1153,fcdbcf7722bed1ad1901d93759f8ef71bb485b814caf34daebc8a25fece6d44d,pausa,0.09254885051828388,0.9074511494817161,0.04526198439241918,0.8935688219039736,hybrid_rrf_pgvector
348,e761c6771bf55d7a9a20659014b15c806570e54db57854111f617fe894ca9ab6,Variables View  reveal selection unexpectedly,1,2481,5dd09ce9581feed6addf8346fc61fa7d76fe13d9a45e67c326642a2164bae660,play,0.02755087448046123,0.9724491255195388,0.03278688524590164,1.0183164943474696,hybrid_rrf_pgvector
348,e761c6771bf55d7a9a20659014b15c806570e54db57854111f617fe894ca9ab6,Variables View  reveal selection unexpectedly,2,2157,a7505037f3b9d3a7cb1f9fcc268286d128d20c32021ec5a335cc44d2bcf8d59b,play,0.02755087448046123,0.9724491255195388,0.03149801587301587,1.0183164943474696,hybrid_rrf_pgvector
348,e761c6771bf55d7a9a20659014b15c806570e54db57854111f617fe894ca9ab6,Variables View  reveal selection unexpectedly,3,5664,89b6850a6226c62691dea735d767807626a0dbb460b7bad817c9fe33ac4ec5c4,play,0.02755087448046123,0.9724491255195388,0.029877369007803793,1.0183164943474696,hybrid_rrf_pgvector
348,e761c6771bf55d7a9a20659014b15c806570e54db57854111f617fe894ca9ab6,Variables View  reveal selection unexpectedly,4,1907,f5b685d1396f217efbab044fe86d223e587856ef8e5a808facd5e4eb775260b5,pausa,0.02755087448046123,0.9724491255195388,0.03055037313432836,0.9683164943474696,hybrid_rrf_pgvector
348,e761c6771bf55d7a9a20659014b15c806570e54db57854111f617fe894ca9ab6,Variables View  reveal selection unexpectedly,5,5411,3fe3f48e794c10038c819b39d4eeed727d8726b22a4a77ca9b79a1b3a2a3753a,pausa,0.02755087448046123,0.9724491255195388,0.03007688828584351,0.9683164943474696,hybrid_rrf_pgvector
349,ab4c194ca0bfd6f443d23dddaa9dbe7131f9ead6a3b6b89a98875f5acc888559,[JFace] JavaDoc of ControlDecoration#setDescriptionText is wrong,1,1432,5210dbf36e4af2b1b49d0784f9069671df7729765435e7ca19463855809c6264,play,0.0,1.0,0.04486461251167133,1.05,hybrid_rrf_pgvector
349,ab4c194ca0bfd6f443d23dddaa9dbe7131f9ead6a3b6b89a98875f5acc888559,[JFace] JavaDoc of ControlDecoration#setDescriptionText is wrong,2,5871,eef590a23c6a7012c8aa149d7452bde7effd9348e0ecdae777ce7da005e235fe,play,0.0,1.0,0.03278688524590164,1.05,hybrid_rrf_pgvector
349,ab4c194ca0bfd6f443d23dddaa9dbe7131f9ead6a3b6b89a98875f5acc888559,[JFace] JavaDoc of ControlDecoration#setDescriptionText is wrong,3,5458,81fc487a5aada9602d8682794c9412e79e99ffbf508c68dab45b5a6a0e5439c6,pausa,0.0,1.0,0.04722835723395651,1.0,hybrid_rrf_pgvector
349,ab4c194ca0bfd6f443d23dddaa9dbe7131f9ead6a3b6b89a98875f5acc888559,[JFace] JavaDoc of ControlDecoration#setDescriptionText is wrong,4,4274,11ac0f30b468165512c62df9310c7329c6185a49594f2382cb82f3ff0eda85ef,stop,0.0,1.0,0.04664224664224664,1.0,hybrid_rrf_pgvector
349,ab4c194ca0bfd6f443d23dddaa9dbe7131f9ead6a3b6b89a98875f5acc888559,[JFace] JavaDoc of ControlDecoration#setDescriptionText is wrong,5,3541,a7812bafeb49d75a92db91aa225198e5d8ad43a6d5737fef965fcb6110d1fcbc,pausa,0.0,1.0,0.04548239750445633,1.0,hybrid_rrf_pgvector
350,10ad12bdc090182f2c099d45a0aaeb2731841a3255dbe9ef23c09db48e771519,Improve performance for non-reentrant closures,1,5856,735873e8c8077813adf1e506e3cddb27f50b165db3cf21956497fffd40ac955a,pausa,0.10392326845575961,0.8960767315442404,0.04918032786885246,0.9304882412758765,hybrid_rrf_pgvector
350,10ad12bdc090182f2c099d45a0aaeb2731841a3255dbe9ef23c09db48e771519,Improve performance for non-reentrant closures,2,5756,966f7eb53846514196f9b176b3a8eb7263fb2c84a1fd01456ee0be2088f11ec2,pausa,0.10392326845575961,0.8960767315442404,0.04838709677419355,0.9304882412758765,hybrid_rrf_pgvector
350,10ad12bdc090182f2c099d45a0aaeb2731841a3255dbe9ef23c09db48e771519,Improve performance for non-reentrant closures,3,3912,b7c885044c66929160fd8596a4bf4d402b2b27fda8f469abf09fbff5b0abf79e,stop,0.10392326845575961,0.8960767315442404,0.047619047619047616,0.8804882412758764,hybrid_rrf_pgvector
350,10ad12bdc090182f2c099d45a0aaeb2731841a3255dbe9ef23c09db48e771519,Improve performance for non-reentrant closures,4,3404,200ba95295986ddf22bd4ad885bc63a95c7e143d4a7be9e227fe4ad0ae29ec8f,pausa,0.1526935170840812,0.8473064829159188,0.04640151515151515,0.8744024553533066,hybrid_rrf_pgvector
350,10ad12bdc090182f2c099d45a0aaeb2731841a3255dbe9ef23c09db48e771519,Improve performance for non-reentrant closures,5,2876,b5d5661bd285d9b126caf8a3f2240153f3ab31d185759be444e83d755c7a4160,stop,0.1526935170840812,0.8473064829159188,0.04639423076923077,0.8244024553533066,hybrid_rrf_pgvector
351,030adbbe65b696a90525be5c704aac3f493f8af1f977f8c449c6cc8529560af2,Remove unused nv_stopped and nv_done strings,1,5089,d88f2d14d8b46c06fccacbafcfc165c3e304e02a674b8a830c857949807cd6a5,play,0.0230102371789338,0.9769897628210662,0.03278688524590164,1.0235382272442262,hybrid_rrf_pgvector
351,030adbbe65b696a90525be5c704aac3f493f8af1f977f8c449c6cc8529560af2,Remove unused nv_stopped and nv_done strings,2,4826,bca52d39158e2bab3f32cfb5ede18817c6f1cd52bf1759d90e135550c20308eb,play,0.0230102371789338,0.9769897628210662,0.03225806451612903,1.0235382272442262,hybrid_rrf_pgvector
351,030adbbe65b696a90525be5c704aac3f493f8af1f977f8c449c6cc8529560af2,Remove unused nv_stopped and nv_done strings,3,3669,6238199d6b09c922f5e36dfed7b812e55788db92de42bead5cb1bf12d338155c,play,0.0230102371789338,0.9769897628210662,0.031746031746031744,1.0235382272442262,hybrid_rrf_pgvector
351,030adbbe65b696a90525be5c704aac3f493f8af1f977f8c449c6cc8529560af2,Remove unused nv_stopped and nv_done strings,4,4103,a7187191f3df6b9e3e83b9f5974dc6fef88a2133225f1af25d2a2e9703693971,play,0.02533898942893109,0.9746610105710689,0.047643442622950824,1.0208601621567293,hybrid_rrf_pgvector
351,030adbbe65b696a90525be5c704aac3f493f8af1f977f8c449c6cc8529560af2,Remove unused nv_stopped and nv_done strings,5,986,84678ff8f553ff69809ba05b50f33c69506b4c635dffbeab538dd50e9f7ab199,play,0.03274249883088676,0.9672575011691132,0.030536130536130537,1.0123461263444802,hybrid_rrf_pgvector
352,4a2ce2b9061c63d2bb8299c4def6ebfcf6ce15cfbf496adbf56ad41aaac48e19,EV certs need to be treated as providing less certainty of authentication if OCSP is disabled.,1,4104,e519c0a9becc89e72fdcf4ff63b47aef9a7287e153cf7638405f1445cdb37069,stop,0.055053094505683964,0.944946905494316,0.048131080389144903,0.9866889413184635,hybrid_rrf_pgvector
352,4a2ce2b9061c63d2bb8299c4def6ebfcf6ce15cfbf496adbf56ad41aaac48e19,EV certs need to be treated as providing less certainty of authentication if OCSP is disabled.,2,2678,bb588ecfef634534655526622b6f18ab82ff0499222c185f5fdb2dc98d72f25b,stop,0.055053094505683964,0.944946905494316,0.04692957315908136,0.9866889413184635,hybrid_rrf_pgvector
352,4a2ce2b9061c63d2bb8299c4def6ebfcf6ce15cfbf496adbf56ad41aaac48e19,EV certs need to be treated as providing less certainty of authentication if OCSP is disabled.,3,4380,be8dff00b0d468b29d804886729be5b430163ad625b1b621d943c2f80005281a,pausa,0.055053094505683964,0.944946905494316,0.047643442622950824,0.9366889413184635,hybrid_rrf_pgvector
352,4a2ce2b9061c63d2bb8299c4def6ebfcf6ce15cfbf496adbf56ad41aaac48e19,EV certs need to be treated as providing less certainty of authentication if OCSP is disabled.,4,3841,382a078fa6a48b0868411991686521c8238cbb0ca7e549c350f9489529929e55,pausa,0.055053094505683964,0.944946905494316,0.04738666351569577,0.9366889413184635,hybrid_rrf_pgvector
352,4a2ce2b9061c63d2bb8299c4def6ebfcf6ce15cfbf496adbf56ad41aaac48e19,EV certs need to be treated as providing less certainty of authentication if OCSP is disabled.,5,978,270dc4cfacb922c908c2b668beaddcd856994eb88a1076c1bf423b145387798d,pausa,0.055053094505683964,0.944946905494316,0.04640914640914641,0.9366889413184635,hybrid_rrf_pgvector
353,a13f4ba1ec42acdfca23adf011ff3a2782305b15aead36523788570bbc275673,security review microsummaries,1,3981,4247ec2ca8f57f19d1ac91eac51fd90d3ef8a5672757006e9c38dab5730cf662,stop,0.0,1.0,0.04839549075403121,1.05,hybrid_rrf_pgvector
353,a13f4ba1ec42acdfca23adf011ff3a2782305b15aead36523788570bbc275673,security review microsummaries,2,3009,f9b04431324fc0d0ba098ac7295917fb54f6b922bc87fd6c05491221000d7653,stop,0.0,1.0,0.045750384880819665,1.05,hybrid_rrf_pgvector
353,a13f4ba1ec42acdfca23adf011ff3a2782305b15aead36523788570bbc275673,security review microsummaries,3,2497,3430ea554ac2500db4620e7eddc655dd531dbd2b1cfd9f13d6f3df663a663b4c,stop,0.0,1.0,0.04570188828584351,1.05,hybrid_rrf_pgvector
353,a13f4ba1ec42acdfca23adf011ff3a2782305b15aead36523788570bbc275673,security review microsummaries,4,1231,71b0258d5c95a3c33054e4ff566d7458154df683c76793051b122014c5ea524f,stop,0.0,1.0,0.045592078599080404,1.05,hybrid_rrf_pgvector
353,a13f4ba1ec42acdfca23adf011ff3a2782305b15aead36523788570bbc275673,security review microsummaries,5,2273,bdfbb26a622eb1aacf9f393a162fe21f20e331e44d0c8b364dde3489dcb530ba,stop,0.0,1.0,0.04548239750445633,1.05,hybrid_rrf_pgvector
354,f9d4aa118afb909f1be425bfa99d2f4bfad2661a441f3fa35369bcfeb8118238,Changing the window transparency mode loses the maximized/minimized window state,1,5710,9dff7cbaac389eafe57e73718b800ccb2eb8f84b7cee4ba9920454a1ba99e444,play,0.08731024394530662,0.9126897560546934,0.04841188524590165,0.9495932194628974,hybrid_rrf_pgvector
354,f9d4aa118afb909f1be425bfa99d2f4bfad2661a441f3fa35369bcfeb8118238,Changing the window transparency mode loses the maximized/minimized window state,2,3350,f1421fcce89fa3935577c646b9123ebcc6e12bd7f8909e1feb015fadc3038af4,play,0.08731024394530662,0.9126897560546934,0.04762704813108039,0.9495932194628974,hybrid_rrf_pgvector
354,f9d4aa118afb909f1be425bfa99d2f4bfad2661a441f3fa35369bcfeb8118238,Changing the window transparency mode loses the maximized/minimized window state,3,1185,039c27b79fe4a2ed8359519b82eea04c0b3a22c7f0016fff5990ba30a4b4c85b,play,0.08731024394530662,0.9126897560546934,0.04692957315908136,0.9495932194628974,hybrid_rrf_pgvector
354,f9d4aa118afb909f1be425bfa99d2f4bfad2661a441f3fa35369bcfeb8118238,Changing the window transparency mode loses the maximized/minimized window state,4,3117,b666d5763690c47d32413516c9918ce2ff88e499244af1e32ccc547a95384972,pausa,0.08731024394530662,0.9126897560546934,0.04762704813108039,0.8995932194628974,hybrid_rrf_pgvector
354,f9d4aa118afb909f1be425bfa99d2f4bfad2661a441f3fa35369bcfeb8118238,Changing the window transparency mode loses the maximized/minimized window state,5,3430,2384241e6490dda84affd96f79d4929825e0a0be439b44e82d90aa93e3eb3acd,pausa,0.08731024394530662,0.9126897560546934,0.04692742126540875,0.8995932194628974,hybrid_rrf_pgvector
355,8457c17c5e8b533c487144b75649f8238bfe7bfbf707fe4e5333368467d69ea0,[win] Tp crashes with inifinite recursion in mozilla::plugins::PluginInstanceChild::SetWindowLongAHook,1,3778,0201d955343ac63321106f5e9cd018264edf94f9b316cc94436a28f8b4a80c71,stop,2.220446049250313e-16,0.9999999999999998,0.04918032786885246,1.0499999999999998,hybrid_rrf_pgvector
355,8457c17c5e8b533c487144b75649f8238bfe7bfbf707fe4e5333368467d69ea0,[win] Tp crashes with inifinite recursion in mozilla::plugins::PluginInstanceChild::SetWindowLongAHook,2,1991,0d1be83d66e7991ae71ec55546216ea3b1e2b483b9a80b84406e395ae1298899,stop,0.17384665512787523,0.8261533448721248,0.0304147465437788,0.8500763466029435,hybrid_rrf_pgvector
355,8457c17c5e8b533c487144b75649f8238bfe7bfbf707fe4e5333368467d69ea0,[win] Tp crashes with inifinite recursion in mozilla::plugins::PluginInstanceChild::SetWindowLongAHook,3,4829,eb300cc82bbb6a6a2209054e19e75b0c86b1667839c9e62fa9aba56ab9ef0256,stop,0.17384665512787523,0.8261533448721248,0.030330882352941176,0.8500763466029435,hybrid_rrf_pgvector
355,8457c17c5e8b533c487144b75649f8238bfe7bfbf707fe4e5333368467d69ea0,[win] Tp crashes with inifinite recursion in mozilla::plugins::PluginInstanceChild::SetWindowLongAHook,4,879,8f14e276b3311dea0d46c05754a89827b135e99ee01ce22567831cf5f74c7eb7,stop,0.17384665512787523,0.8261533448721248,0.02919863597612958,0.8500763466029435,hybrid_rrf_pgvector
355,8457c17c5e8b533c487144b75649f8238bfe7bfbf707fe4e5333368467d69ea0,[win] Tp crashes with inifinite recursion in mozilla::plugins::PluginInstanceChild::SetWindowLongAHook,5,1500,ad676bdef9b778de572cdb18879cac13417dc390edf7c030166d6220b4583d2a,pausa,0.17384665512787523,0.8261533448721248,0.03128054740957967,0.8000763466029435,hybrid_rrf_pgvector
356,a627ce6e661f7ce8fcb813ac56e3eb6514a2d151c85a2e60bb8150afc4426438,Timeout immediately after INFO TEST-PASS | /tests/content/media/video/test/test_load.html | Test4 - events received in order,1,5751,cd8f02e716726c462672d56560670f2e04a9ef3f2d5b89b58cc62825f7f927f1,play,0.06614320204545732,0.9338567979545427,0.04918032786885246,0.9739353176477241,hybrid_rrf_pgvector
356,a627ce6e661f7ce8fcb813ac56e3eb6514a2d151c85a2e60bb8150afc4426438,Timeout immediately after INFO TEST-PASS | /tests/content/media/video/test/test_load.html | Test4 - events received in order,2,5769,e2dec132783185e79cc408db32252e1e1e239c01deec2966194f55afeeb24d70,pausa,0.09728444655271407,0.9027155534472859,0.03200204813108039,0.8881228864643789,hybrid_rrf_pgvector
356,a627ce6e661f7ce8fcb813ac56e3eb6514a2d151c85a2e60bb8150afc4426438,Timeout immediately after INFO TEST-PASS | /tests/content/media/video/test/test_load.html | Test4 - events received in order,3,2521,2735784f6f4b27457b71184fa776f216d329ffbafa4df0b10ab464a98adc6c1b,pausa,0.09728444655271407,0.9027155534472859,0.031009615384615385,0.8881228864643789,hybrid_rrf_pgvector
356,a627ce6e661f7ce8fcb813ac56e3eb6514a2d151c85a2e60bb8150afc4426438,Timeout immediately after INFO TEST-PASS | /tests/content/media/video/test/test_load.html | Test4 - events received in order,4,1107,8c884dc722e1fc4a0dd0beaa9b40f504ff13f357ec4c0d408baac5f2ed56a78c,stop,0.09728444655271407,0.9027155534472859,0.030834914611005692,0.8881228864643789,hybrid_rrf_pgvector
356,a627ce6e661f7ce8fcb813ac56e3eb6514a2d151c85a2e60bb8150afc4426438,Timeout immediately after INFO TEST-PASS | /tests/content/media/video/test/test_load.html | Test4 - events received in order,5,4962,216989d8216166169ad54993ddf81e25b3dbee75ec8b1426f30485e45018c5e1,pausa,0.09728444655271407,0.9027155534472859,0.030798389007344232,0.8881228864643789,hybrid_rrf_pgvector
357,3b7f8bf0cf46806d15878f89f6eaadabc9920d16537d552e2f0abdded2a26403,Middle click mouse scrolling does not have the correct behavior,1,4494,e755528cd56d7f1fc2a53c14c09e53c845a52b17d25b9c5f71a24aff93ce4cac,pausa,0.08562523361699037,0.9143747663830096,0.04838709677419355,0.9515309813404611,hybrid_rrf_pgvector
357,3b7f8bf0cf46806d15878f89f6eaadabc9920d16537d552e2f0abdded2a26403,Middle click mouse scrolling does not have the correct behavior,2,745,de47e1dce4082bdc0bb1f0c497eca54f83abcf1db146bbd14438c97526ba6816,play,0.051562857194304534,0.9484371428056955,0.04918032786885246,0.9407027142265498,hybrid_rrf_pgvector
357,3b7f8bf0cf46806d15878f89f6eaadabc9920d16537d552e2f0abdded2a26403,Middle click mouse scrolling does not have the correct behavior,3,3682,2e77c10bf2354f93ec1a3c729ec08aae3955accb27ff56a0c8af36155039fc45,pausa,0.13311984018903922,0.8668801598109608,0.046897546897546896,0.896912183782605,hybrid_rrf_pgvector
357,3b7f8bf0cf46806d15878f89f6eaadabc9920d16537d552e2f0abdded2a26403,Middle click mouse scrolling does not have the correct behavior,4,2430,2497d6eba47dae78bf7e7d5e2b231f4d3b9f0cd66c25009854bcce6f02db2fcb,pausa,0.13311984018903922,0.8668801598109608,0.04574275362318841,0.896912183782605,hybrid_rrf_pgvector
357,3b7f8bf0cf46806d15878f89f6eaadabc9920d16537d552e2f0abdded2a26403,Middle click mouse scrolling does not have the correct behavior,5,4572,05e7dae949df1104c6e49cdb3ffe63dd9e4738b845566435486cb18e131faf53,pausa,0.18234500284011035,0.8176549971598897,0.044782770638784684,0.8403032467338731,hybrid_rrf_pgvector
358,4cfd649b12bb64c4d3ddc97d1e3f0db5412b6967eba1efef23d0342c222a9cce,"""Assertion failure: slot < fp->nvars"" or [@ js_Interpret]",1,787,bd69d599ea26489177659ac73ca4e28babda342232722db4a6acb27478176d27,stop,-2.220446049250313e-16,1.0000000000000002,0.03128054740957967,1.0500000000000003,hybrid_rrf_pgvector
358,4cfd649b12bb64c4d3ddc97d1e3f0db5412b6967eba1efef23d0342c222a9cce,"""Assertion failure: slot < fp->nvars"" or [@ js_Interpret]",2,2243,cc42012f4b8784ee7b1df8172516f59875609f72fffc3ac96101f1458d229bdd,stop,-2.220446049250313e-16,1.0000000000000002,0.030776515151515152,1.0500000000000003,hybrid_rrf_pgvector
358,4cfd649b12bb64c4d3ddc97d1e3f0db5412b6967eba1efef23d0342c222a9cce,"""Assertion failure: slot < fp->nvars"" or [@ js_Interpret]",3,5528,930b8c6ba468c3978cb95b6e8ea6ef2d1d2c9582d81198678ae7921686ab533d,stop,-2.220446049250313e-16,1.0000000000000002,0.03007688828584351,1.0500000000000003,hybrid_rrf_pgvector
358,4cfd649b12bb64c4d3ddc97d1e3f0db5412b6967eba1efef23d0342c222a9cce,"""Assertion failure: slot < fp->nvars"" or [@ js_Interpret]",4,847,5acdb0f40d758253596208d048e23ebd2d58d36589b2abc6084d7e68654fb050,stop,-2.220446049250313e-16,1.0000000000000002,0.01639344262295082,1.0500000000000003,hybrid_rrf_pgvector
358,4cfd649b12bb64c4d3ddc97d1e3f0db5412b6967eba1efef23d0342c222a9cce,"""Assertion failure: slot < fp->nvars"" or [@ js_Interpret]",5,5270,5719b42d193579fd1623e58b8d530d8286040b714dadd86ffe2c392846fbc239,stop,-2.220446049250313e-16,1.0000000000000002,0.01639344262295082,1.0500000000000003,hybrid_rrf_pgvector
359,bada0dc043c6a774f4c4f1e47a73f305fd92c06f298bb827b0e3b830632771f2,"[10.5] Two key presses needed to ""Check for Updates""",1,3186,7d6a6911e6de973e93f230b092f0e6e3d8495ee6101277b160f64d0d497550df,stop,0.13709027151469066,0.8629097284853093,0.04813947436898257,0.8923461877581058,hybrid_rrf_pgvector
359,bada0dc043c6a774f4c4f1e47a73f305fd92c06f298bb827b0e3b830632771f2,"[10.5] Two key presses needed to ""Check for Updates""",2,3699,5377628c3b9017f8d89ed550d07375a2ba1f41b919dcbfd2fa06e63562e914ec,stop,0.17303128845032467,0.8269687115496753,0.04479638009049774,0.8510140182821266,hybrid_rrf_pgvector
359,bada0dc043c6a774f4c4f1e47a73f305fd92c06f298bb827b0e3b830632771f2,"[10.5] Two key presses needed to ""Check for Updates""",3,2656,6b7b661d6ee36d481be646ad7d1ae622c692e9cb18126c103143b202e5b09c36,pausa,0.13709027151469066,0.8629097284853093,0.047379032258064516,0.8423461877581058,hybrid_rrf_pgvector
359,bada0dc043c6a774f4c4f1e47a73f305fd92c06f298bb827b0e3b830632771f2,"[10.5] Two key presses needed to ""Check for Updates""",4,4377,b047d8bdea81aa587e80f0f5bd561aaa01e47eaaa2f6bcf62669afc3fa10a21c,play,0.17303128845032467,0.8269687115496753,0.04551728464771943,0.8010140182821266,hybrid_rrf_pgvector
359,bada0dc043c6a774f4c4f1e47a73f305fd92c06f298bb827b0e3b830632771f2,"[10.5] Two key presses needed to ""Check for Updates""",5,2310,89468771ca2b4b925cfdc7e81534f815ff696f563a557bd905dc2a05ce9def70,play,0.17303128845032467,0.8269687115496753,0.04435015112764473,0.8010140182821266,hybrid_rrf_pgvector
360,142639bdde37002b74c8df3c590a748b09886620e21012726494b2e36077608f,Slow right-click response with add-on Firegesture,1,3425,5806177d58dd2bd002922a9adb3ec4c494bf19d9b2c649d9ce40fc4d4e199b3a,pausa,0.048608281903715356,0.9513917180962846,0.048915917503966164,0.9941004758107274,hybrid_rrf_pgvector
360,142639bdde37002b74c8df3c590a748b09886620e21012726494b2e36077608f,Slow right-click response with add-on Firegesture,2,1522,f28f6e188b9c96069d136fcda8855f5432c8631cd88421ddf2e47852172c92d5,pausa,0.15577940387862466,0.8442205961213753,0.029850746268656716,0.8708536855395816,hybrid_rrf_pgvector
360,142639bdde37002b74c8df3c590a748b09886620e21012726494b2e36077608f,Slow right-click response with add-on Firegesture,3,5401,a111a699ba8246f1291e7d0e5040ac711f95ffa9024997198a3e0e6ed71eb543,pausa,0.15577940387862466,0.8442205961213753,0.016129032258064516,0.8708536855395816,hybrid_rrf_pgvector
360,142639bdde37002b74c8df3c590a748b09886620e21012726494b2e36077608f,Slow right-click response with add-on Firegesture,4,1251,379332e06b72d2a61757c52c79be11ac9466e1eefa2a54474d3444ff3ead2dbd,play,0.15577940387862466,0.8442205961213753,0.030117753623188408,0.8208536855395816,hybrid_rrf_pgvector
360,142639bdde37002b74c8df3c590a748b09886620e21012726494b2e36077608f,Slow right-click response with add-on Firegesture,5,5487,8e3c80c112df22b2bbd317cd3f6368f6478b49bab20a8601939facdee268c799,play,0.1647371285622402,0.8352628714377598,0.01639344262295082,0.8105523021534238,hybrid_rrf_pgvector
361,6bb18e6862dad03cecc045c43c4e87aad63079d12dc8a8943b2b11420bdf3c56,Crash: Failed to launch latest thunderbird on OpenSolaris,1,2747,f4bc9000f593aac6fc6bffccb39588640d71331ccfa661e0afd74fea444a6fb5,stop,0.1444768122153277,0.8555231877846723,0.03278688524590164,0.8838516659523732,hybrid_rrf_pgvector
361,6bb18e6862dad03cecc045c43c4e87aad63079d12dc8a8943b2b11420bdf3c56,Crash: Failed to launch latest thunderbird on OpenSolaris,2,1209,295cd1fa58b1ff7988150ee36df48867c19f3f1f64f4d69fd1e59fe6a80b3c47,stop,0.1728618724606511,0.8271381275393489,0.03225806451612903,0.8512088466702513,hybrid_rrf_pgvector
361,6bb18e6862dad03cecc045c43c4e87aad63079d12dc8a8943b2b11420bdf3c56,Crash: Failed to launch latest thunderbird on OpenSolaris,3,2431,6773ba3dd911c717000baf0aec6b2c7d6c540acf4c2d78aa437723cfad40ba90,stop,0.3068749263035757,0.6931250736964243,0.01639344262295082,0.6970938347508879,hybrid_rrf_pgvector
361,6bb18e6862dad03cecc045c43c4e87aad63079d12dc8a8943b2b11420bdf3c56,Crash: Failed to launch latest thunderbird on OpenSolaris,4,2402,17adedbfc8b19423e6f87d128c6de54f4523aad17e1eb6c0be4ee2e28c6d3162,stop,0.3068749263035757,0.6931250736964243,0.016129032258064516,0.6970938347508879,hybrid_rrf_pgvector
361,6bb18e6862dad03cecc045c43c4e87aad63079d12dc8a8943b2b11420bdf3c56,Crash: Failed to launch latest thunderbird on OpenSolaris,5,2680,91ff70e6eb3ae040e9b49e313ffdb5de6c720d56943ce731f6a39b92b03b11b0,pausa,0.2817612052299945,0.7182387947700055,0.031009615384615385,0.6759746139855063,hybrid_rrf_pgvector
362,18f6fb9e74dff73d9091fd311a29c996264b3a1d36974dcd2a430e5e64a06c2a,CVS site is not clear on Eclipse 3.0.x and CVS 1.11.20 compatability,1,5979,ac7f23cf6a337f608db56df6bb11f9ffed375f61bbab6c7d0ab34a3e92f6ce2e,stop,0.0,1.0,0.04918032786885246,1.05,hybrid_rrf_pgvector
362,18f6fb9e74dff73d9091fd311a29c996264b3a1d36974dcd2a430e5e64a06c2a,CVS site is not clear on Eclipse 3.0.x and CVS 1.11.20 compatability,2,5637,ddb3fa6f8711d4743b03693376b6ee4cd80259d1853f949bfea920492dc947de,stop,0.0,1.0,0.047379032258064516,1.05,hybrid_rrf_pgvector
362,18f6fb9e74dff73d9091fd311a29c996264b3a1d36974dcd2a430e5e64a06c2a,CVS site is not clear on Eclipse 3.0.x and CVS 1.11.20 compatability,3,5857,bb1643a6a885aaa21d2a0b1bc5106110902ead6240a00ceb284d25ea8f364676,play,0.0,1.0,0.048131080389144903,1.0,hybrid_rrf_pgvector
362,18f6fb9e74dff73d9091fd311a29c996264b3a1d36974dcd2a430e5e64a06c2a,CVS site is not clear on Eclipse 3.0.x and CVS 1.11.20 compatability,4,5819,60d45246b2c1685c666a8889e3ac26113d8ac259879f04db8c43c857024a81f1,pausa,0.0,1.0,0.04713064713064713,1.0,hybrid_rrf_pgvector
362,18f6fb9e74dff73d9091fd311a29c996264b3a1d36974dcd2a430e5e64a06c2a,CVS site is not clear on Eclipse 3.0.x and CVS 1.11.20 compatability,5,4569,876bc6fdf45c27169860c6323b88d810446ec462a34466b5c4bbfe8e667bbc1e,play,0.0,1.0,0.04616113053613054,1.0,hybrid_rrf_pgvector
363,f4a8e10db4bb364877cd51d7b8be0b0cffff6272ce725a87e1d5cf756eef2961,JavaScript onKeyDown event is not fired in certain Command + key combinations,1,2968,250f0329097bd33b6462480b649178b80aff12b8411eed5d7c051aed1b7cbf0d,pausa,0.08090961898209315,0.9190903810179069,0.04675081813931744,0.9569539381705929,hybrid_rrf_pgvector
363,f4a8e10db4bb364877cd51d7b8be0b0cffff6272ce725a87e1d5cf756eef2961,JavaScript onKeyDown event is not fired in certain Command + key combinations,2,1128,fee7f55800964b53ac526a83f79e36bde5aeeb26bd9f1b786f031e0d33dca51b,pausa,0.09019911308329198,0.909800886916708,0.046671404880360104,0.9462710199542143,hybrid_rrf_pgvector
363,f4a8e10db4bb364877cd51d7b8be0b0cffff6272ce725a87e1d5cf756eef2961,JavaScript onKeyDown event is not fired in certain Command + key combinations,3,5226,c07a6f82b7ec592e3c8c5e95679af05b452943983396c12b700ebc059820d940,pausa,0.10412275546384198,0.895877244536158,0.04664224664224664,0.9302588312165818,hybrid_rrf_pgvector
363,f4a8e10db4bb364877cd51d7b8be0b0cffff6272ce725a87e1d5cf756eef2961,JavaScript onKeyDown event is not fired in certain Command + key combinations,4,5087,5b19bcf1b659be6b07d515bc947160ef9ba1fee19810064b259ce230bc31033e,pausa,0.10412275546384198,0.895877244536158,0.04598642976252085,0.9302588312165818,hybrid_rrf_pgvector
363,f4a8e10db4bb364877cd51d7b8be0b0cffff6272ce725a87e1d5cf756eef2961,JavaScript onKeyDown event is not fired in certain Command + key combinations,5,5307,96b6351a7949b18f80cf3f93ff0b89a449a2e5022f2eda45ea4f139cfce97dad,stop,0.08090961898209315,0.9190903810179069,0.047072599531615925,0.9069539381705929,hybrid_rrf_pgvector
364,ac11da801e7ecc58d09b7991ed7e93800b11b821a9bad63ba306e66f32eb2228,Removing JSExtendedClass.close,1,0,737a8c586e01a3db3f0e7f8cdf0146c83a33197e8d2e8f1ab813f7fbb5ddbbae,play,1.0,0.0,0.03278688524590164,-0.09999999999999999,hybrid_rrf_pgvector
364,ac11da801e7ecc58d09b7991ed7e93800b11b821a9bad63ba306e66f32eb2228,Removing JSExtendedClass.close,2,2,50f50c77354314a73686fd77a1e2c3b3b4b8a48d5bbfdc5391409e149234c098,play,1.0,0.0,0.031746031746031744,-0.09999999999999999,hybrid_rrf_pgvector
364,ac11da801e7ecc58d09b7991ed7e93800b11b821a9bad63ba306e66f32eb2228,Removing JSExtendedClass.close,3,1,7175846e309b39507fa4c4cfa3ee674c5626208653c00dcf439122eea5f9aec0,pausa,1.0,0.0,0.03225806451612903,-0.15,hybrid_rrf_pgvector
364,ac11da801e7ecc58d09b7991ed7e93800b11b821a9bad63ba306e66f32eb2228,Removing JSExtendedClass.close,4,3,08db3dc49103c8ccfff8b8dd59d2b8fa79ebca6f181aec85d18c2d9e440dc33f,pausa,1.0,0.0,0.03125,-0.15,hybrid_rrf_pgvector
364,ac11da801e7ecc58d09b7991ed7e93800b11b821a9bad63ba306e66f32eb2228,Removing JSExtendedClass.close,5,4,c020e3e61c72b8025cbdaa2c813ae36f00080d2900b13a19128931d6d15dd411,stop,1.0,0.0,0.03076923076923077,-0.15,hybrid_rrf_pgvector
365,c2e824af64c6c136b5aba35cd0445a072f75f65769b7d69a23cd36c7f5ed4e3a,"TM: ""Assertion failure: v != JSVAL_ERROR_COOKIE, at ../jstracer.cpp""",1,4710,40f86385fa4bd0786e6d3aa99a17991fdcd9ef07dc4437bfde5cda02cc149f17,stop,-2.220446049250313e-16,1.0000000000000002,0.04600640126586831,1.0500000000000003,hybrid_rrf_pgvector
365,c2e824af64c6c136b5aba35cd0445a072f75f65769b7d69a23cd36c7f5ed4e3a,"TM: ""Assertion failure: v != JSVAL_ERROR_COOKIE, at ../jstracer.cpp""",2,2961,db98a00b9a5bcbe693f0dc670ab5241c23d492658954601b774f2da61ee7fe94,stop,-2.220446049250313e-16,1.0000000000000002,0.045715497737556565,1.0500000000000003,hybrid_rrf_pgvector
365,c2e824af64c6c136b5aba35cd0445a072f75f65769b7d69a23cd36c7f5ed4e3a,"TM: ""Assertion failure: v != JSVAL_ERROR_COOKIE, at ../jstracer.cpp""",3,1072,7b538efc9122ca072d2ef8be7643d237d36f22aae2e3f3a6b8cddc3c0ebd8c7a,stop,-2.220446049250313e-16,1.0000000000000002,0.04534011967810716,1.0500000000000003,hybrid_rrf_pgvector
365,c2e824af64c6c136b5aba35cd0445a072f75f65769b7d69a23cd36c7f5ed4e3a,"TM: ""Assertion failure: v != JSVAL_ERROR_COOKIE, at ../jstracer.cpp""",4,2790,b420fb03af211123e277e9d415df40140992c6455d87891895b178b7ce27f501,stop,-2.220446049250313e-16,1.0000000000000002,0.045028884159318945,1.0500000000000003,hybrid_rrf_pgvector
365,c2e824af64c6c136b5aba35cd0445a072f75f65769b7d69a23cd36c7f5ed4e3a,"TM: ""Assertion failure: v != JSVAL_ERROR_COOKIE, at ../jstracer.cpp""",5,2638,04d9968dbfbcf11dc81c286b982fba7803596f237646e756d0daa17604d0a327,stop,-2.220446049250313e-16,1.0000000000000002,0.044136460554371,1.0500000000000003,hybrid_rrf_pgvector
366,09a06099f012ed176d05845466a203ff7a1dbbddc4c9b3f4d0dbb570a2965349,read-only Combo.setText() does not fire Modify event on GTK,1,3200,1d932e9d8422ac6530a47f1b03ea30b078807bde611476115871f74dad44bc00,pausa,0.22271969604936026,0.7772803039506397,0.03278688524590164,0.7938723495432357,hybrid_rrf_pgvector
366,09a06099f012ed176d05845466a203ff7a1dbbddc4c9b3f4d0dbb570a2965349,read-only Combo.setText() does not fire Modify event on GTK,2,2413,8e2c730f0bb6156da441a2115b7d19029017dd2bbf122eaf3718fa22ff825a79,pausa,0.22990596386432927,0.7700940361356707,0.03149801587301587,0.7856081415560214,hybrid_rrf_pgvector
366,09a06099f012ed176d05845466a203ff7a1dbbddc4c9b3f4d0dbb570a2965349,read-only Combo.setText() does not fire Modify event on GTK,3,3179,90cfa7b169247df32923b806607a3b1405b843d572512a84fb62b8b0696e94da,pausa,0.2420278674675891,0.7579721325324109,0.04669647292598113,0.7716679524122726,hybrid_rrf_pgvector
366,09a06099f012ed176d05845466a203ff7a1dbbddc4c9b3f4d0dbb570a2965349,read-only Combo.setText() does not fire Modify event on GTK,4,2944,65e6cdbff3aaccdd2be19126a1b97d68ff754c4a0de5c4db1a1310d9fe463754,play,0.2292197792568782,0.7707802207431218,0.03225806451612903,0.7363972538545901,hybrid_rrf_pgvector
366,09a06099f012ed176d05845466a203ff7a1dbbddc4c9b3f4d0dbb570a2965349,read-only Combo.setText() does not fire Modify event on GTK,5,3061,465411739427ef1b2fa954e889ae663cc6db7f8c75c4149ab290a65fd73761c8,stop,0.22990596386432927,0.7700940361356707,0.03149801587301587,0.7356081415560214,hybrid_rrf_pgvector
367,6ff05a310a6d6b24743dcfa5df02131ca7284f83cc2404e8ba7c7b4153753779,[OOPP] Assertion in RPCChannel's EnqueuePendingMessages: ABORT: expected mDeferred to have 0 or 1 items,1,2409,1efd26c58b17f8ed02a64238bea8a6d3e4a641972f86b876356881e5892840eb,stop,0.0,1.0,0.04370384104323105,1.05,hybrid_rrf_pgvector
367,6ff05a310a6d6b24743dcfa5df02131ca7284f83cc2404e8ba7c7b4153753779,[OOPP] Assertion in RPCChannel's EnqueuePendingMessages: ABORT: expected mDeferred to have 0 or 1 items,2,4517,9922e381618ad3220d653b866c368deb6820e8da1c29293f6f6c6d6a6e5fd4da,stop,0.0,1.0,0.030776515151515152,1.05,hybrid_rrf_pgvector
367,6ff05a310a6d6b24743dcfa5df02131ca7284f83cc2404e8ba7c7b4153753779,[OOPP] Assertion in RPCChannel's EnqueuePendingMessages: ABORT: expected mDeferred to have 0 or 1 items,3,2625,661ad4918023a765e18cbf97aaa2bc72bfa335688d2e3358c541644eb063b5e9,stop,0.0,1.0,0.03057889822595705,1.05,hybrid_rrf_pgvector
367,6ff05a310a6d6b24743dcfa5df02131ca7284f83cc2404e8ba7c7b4153753779,[OOPP] Assertion in RPCChannel's EnqueuePendingMessages: ABORT: expected mDeferred to have 0 or 1 items,4,5198,c1b06641b9c424f37edeaadad9bf294563df306192f5725241d9361eeaa8e45f,pausa,0.0,1.0,0.046470330908794336,1.0,hybrid_rrf_pgvector
367,6ff05a310a6d6b24743dcfa5df02131ca7284f83cc2404e8ba7c7b4153753779,[OOPP] Assertion in RPCChannel's EnqueuePendingMessages: ABORT: expected mDeferred to have 0 or 1 items,5,5129,0bab0a24031c4508892dfbd182fdccd6ba666e4ce6e6052a11986ba313d11f37,play,0.0,1.0,0.030834914611005692,1.0,hybrid_rrf_pgvector
368,a81a67d208ecd1c9e09536dc2ac8642fa2b2535cad422758f3f8e3770726afb9,move GetContextForContent to nsContentUtils and use it,1,5092,64db0c8f8cf95cc1e2dbbb2b7e594def389bb341a90929c767fa7b2487ecf0f6,stop,1.1102230246251565e-16,0.9999999999999999,0.04722835723395651,1.0499999999999998,hybrid_rrf_pgvector
368,a81a67d208ecd1c9e09536dc2ac8642fa2b2535cad422758f3f8e3770726afb9,move GetContextForContent to nsContentUtils and use it,2,4981,510df3e113184c04cffbbcbeb6271bd1fe5bd98144a4c1122ccc6d86380fdcca,play,1.1102230246251565e-16,0.9999999999999999,0.04534011967810716,0.9999999999999999,hybrid_rrf_pgvector
368,a81a67d208ecd1c9e09536dc2ac8642fa2b2535cad422758f3f8e3770726afb9,move GetContextForContent to nsContentUtils and use it,3,4907,b311660b14dd88215ce6e6789565b75d1a6eeb073382ee882bc6b81ee74465b4,pausa,1.1102230246251565e-16,0.9999999999999999,0.031024531024531024,0.9999999999999999,hybrid_rrf_pgvector
368,a81a67d208ecd1c9e09536dc2ac8642fa2b2535cad422758f3f8e3770726afb9,move GetContextForContent to nsContentUtils and use it,4,4339,4ffc4e610f90dec40626b69eec35577e9e2a4a3899665f0ed2b2737487a36c33,play,1.1102230246251565e-16,0.9999999999999999,0.02964426877470356,0.9999999999999999,hybrid_rrf_pgvector
368,a81a67d208ecd1c9e09536dc2ac8642fa2b2535cad422758f3f8e3770726afb9,move GetContextForContent to nsContentUtils and use it,5,4320,a6611b6ca5d126a8596b22b1c7137def88ffb5e71aae7a0e33605b6e660f25c1,play,1.1102230246251565e-16,0.9999999999999999,0.029211087420042643,0.9999999999999999,hybrid_rrf_pgvector
369,4915e85c49ce8712f5648190c40646000567f9419bb581b15dc26ab03e652d57,NPE when compiler options are displayed,1,3507,aa49f73b52f9c19c68e315cee311475106d89ce8976e561daca29508d808a4e9,play,0.08080952602597158,0.9191904739740284,0.04918032786885246,0.9570690450701327,hybrid_rrf_pgvector
369,4915e85c49ce8712f5648190c40646000567f9419bb581b15dc26ab03e652d57,NPE when compiler options are displayed,2,3918,d1168debf2de5af50269c0b3027389e8e4f549dcd80352cb2b34a393b04982be,pausa,0.16983858672761576,0.8301614132723842,0.04570188828584351,0.8046856252632418,hybrid_rrf_pgvector
369,4915e85c49ce8712f5648190c40646000567f9419bb581b15dc26ab03e652d57,NPE when compiler options are displayed,3,5079,f75cdb8810e448669ef360aa406a83a3e1271d9f1327ad817ffea5cb6ef1eb70,pausa,0.16983858672761576,0.8301614132723842,0.04547511312217195,0.8046856252632418,hybrid_rrf_pgvector
369,4915e85c49ce8712f5648190c40646000567f9419bb581b15dc26ab03e652d57,NPE when compiler options are displayed,4,5702,732b3c9d6476bd024eb10a156ad458a70c45bcb076313c1aeec54b82698fd49b,pausa,0.16983858672761576,0.8301614132723842,0.04483608742004264,0.8046856252632418,hybrid_rrf_pgvector
369,4915e85c49ce8712f5648190c40646000567f9419bb581b15dc26ab03e652d57,NPE when compiler options are displayed,5,3461,10849cc70f921bbecb0632d54c2629df908c7f2397ccd8d9c7c50d87edca5e44,pausa,0.16983858672761576,0.8301614132723842,0.04391088038070517,0.8046856252632418,hybrid_rrf_pgvector
370,a064810a11ecf832b0a38b0fc890d4efbb457cb575ed04c7865b24d9c870ff0f,[assist] already defined name is proposed as variable name,1,3859,7f65ab4d882ac71047f158146ea965b7ff290de08f7d12ae3f439116747d80f3,pausa,0.021703416779050633,0.9782965832209494,0.04918032786885246,1.0250410707040918,hybrid_rrf_pgvector
370,a064810a11ecf832b0a38b0fc890d4efbb457cb575ed04c7865b24d9c870ff0f,[assist] already defined name is proposed as variable name,2,4589,beb7ad5efcf2599e9fd5d161a146540979fde981a3e3929c501567cfb5d2cc32,pausa,0.14474122442193504,0.855258775578065,0.04787506400409626,0.8835475919147747,hybrid_rrf_pgvector
370,a064810a11ecf832b0a38b0fc890d4efbb457cb575ed04c7865b24d9c870ff0f,[assist] already defined name is proposed as variable name,3,4509,57dc8a67841e90b0b5607dc843bb0f074ae07658cfefbf312efaca5c8835d99f,pausa,0.14474122442193504,0.855258775578065,0.04738666351569577,0.8835475919147747,hybrid_rrf_pgvector
370,a064810a11ecf832b0a38b0fc890d4efbb457cb575ed04c7865b24d9c870ff0f,[assist] already defined name is proposed as variable name,4,1063,ffb9c1f2ae23a5885b0f2032fc30417c47a821624d85e7ec602cd8633cd48291,pausa,0.14983628500883106,0.8501637149911689,0.045535714285714284,0.8776882722398444,hybrid_rrf_pgvector
370,a064810a11ecf832b0a38b0fc890d4efbb457cb575ed04c7865b24d9c870ff0f,[assist] already defined name is proposed as variable name,5,5497,7222019b779990e66970c0329fce9f5e1f804356bf2071390dd45a803bf40ae8,pausa,0.15189367615667815,0.8481063238433219,0.045799361928394185,0.8753222724198202,hybrid_rrf_pgvector
371,127fdcccfa1e38bd844ca45d6dc75ebb6851d5fbe05b064374a0441ab3568bd2,[SECURITY] Quips (adding/approving/deleting) lacks CSRF protection,1,1061,d1a7317a3c5da41f46a832b65c7a73f2871ecec1eabff097cf7a5c049a5667da,play,0.12731526359242873,0.8726847364075713,0.048131080389144903,0.903587446868707,hybrid_rrf_pgvector
371,127fdcccfa1e38bd844ca45d6dc75ebb6851d5fbe05b064374a0441ab3568bd2,[SECURITY] Quips (adding/approving/deleting) lacks CSRF protection,2,3358,a2ade7a2a927ed066de720275cf92d8589b553893b4db41b34bfede5c4dbc3fa,pausa,0.12731526359242873,0.8726847364075713,0.04865990111891752,0.8535874468687069,hybrid_rrf_pgvector
371,127fdcccfa1e38bd844ca45d6dc75ebb6851d5fbe05b064374a0441ab3568bd2,[SECURITY] Quips (adding/approving/deleting) lacks CSRF protection,3,710,89c7b347dcd9e2c7b4763cf54dc78086677d3d0bf8752edb4c80c712d00ffde9,stop,0.12731526359242873,0.8726847364075713,0.04839549075403121,0.8535874468687069,hybrid_rrf_pgvector
371,127fdcccfa1e38bd844ca45d6dc75ebb6851d5fbe05b064374a0441ab3568bd2,[SECURITY] Quips (adding/approving/deleting) lacks CSRF protection,4,4694,0835031b22a676bd86d71ed5ad5af6b3143bbb0822e224c5828ef007a8712f87,pausa,0.12879656807714535,0.8712034319228547,0.045454545454545456,0.8518839467112829,hybrid_rrf_pgvector
371,127fdcccfa1e38bd844ca45d6dc75ebb6851d5fbe05b064374a0441ab3568bd2,[SECURITY] Quips (adding/approving/deleting) lacks CSRF protection,5,5199,61195271997d731203f65d1a22ec006871e1a79038632ce7029f6af1d8ffc34f,stop,0.12879656807714535,0.8712034319228547,0.044802742142132146,0.8518839467112829,hybrid_rrf_pgvector
372,a66dd3b911179b482d8976b47a97ed71438e3b062a54f4bc0f258e784496aff3,Remove nsIOptionElement and nsIRadioControlElement,1,5555,f73db480200ffaf0c0113bb4f3a9e1e43942882fde79f750dd550d9545367576,pausa,0.0,1.0,0.03200204813108039,1.05,hybrid_rrf_pgvector
372,a66dd3b911179b482d8976b47a97ed71438e3b062a54f4bc0f258e784496aff3,Remove nsIOptionElement and nsIRadioControlElement,2,5308,8d3b9d8f5463a5d273dfd2e07ed25808054386954327c53bf0bd94048dbc475f,pausa,0.0,1.0,0.030776515151515152,1.05,hybrid_rrf_pgvector
372,a66dd3b911179b482d8976b47a97ed71438e3b062a54f4bc0f258e784496aff3,Remove nsIOptionElement and nsIRadioControlElement,3,5914,5a60ff2c1e3aafa7c9af0426630585a3139f0e0ef9a0109cc3e84fff91cc58cc,play,0.0,1.0,0.03278688524590164,1.0,hybrid_rrf_pgvector
372,a66dd3b911179b482d8976b47a97ed71438e3b062a54f4bc0f258e784496aff3,Remove nsIOptionElement and nsIRadioControlElement,4,5500,3775b4e800f314c688e56ed505f8ef23524edcb48c43e706af477ed3c4e1339f,play,0.0,1.0,0.03200204813108039,1.0,hybrid_rrf_pgvector
372,a66dd3b911179b482d8976b47a97ed71438e3b062a54f4bc0f258e784496aff3,Remove nsIOptionElement and nsIRadioControlElement,5,5154,1cea6709090f44c12cf46a0ac11b9784fcd1f14731b33df8ae5c5d4599c2fe3d,play,0.0,1.0,0.030776515151515152,1.0,hybrid_rrf_pgvector
373,609d6407df275cd93005d127a2627ecb88a62f9e7f7472552754dd40b8430d77,'Code Style' preference page should have a single selection table,1,4945,b3147a9b89b0f5ab8f547a02eb785522c07058313edab1955941847751c79117,play,0.09810210333208391,0.9018978966679161,0.048915917503966164,0.9371825811681036,hybrid_rrf_pgvector
373,609d6407df275cd93005d127a2627ecb88a62f9e7f7472552754dd40b8430d77,'Code Style' preference page should have a single selection table,2,138,1804c0f92a431c8db8e441c4ec55bfc06bf020d91c7f06784cb02f738ed7fa52,play,0.09810210333208391,0.9018978966679161,0.048651507139079855,0.9371825811681036,hybrid_rrf_pgvector
373,609d6407df275cd93005d127a2627ecb88a62f9e7f7472552754dd40b8430d77,'Code Style' preference page should have a single selection table,3,5893,4c504dcc7413c711860e26ef19a5d77dd60fdd1654fd1a5cbca98baf5ea19599,play,0.13551767176724827,0.8644823282327517,0.046634615384615385,0.8941546774676645,hybrid_rrf_pgvector
373,609d6407df275cd93005d127a2627ecb88a62f9e7f7472552754dd40b8430d77,'Code Style' preference page should have a single selection table,4,5147,b6ac57e1c95e0a47ae1e299a16c79aaf58bc6bbfd2b7b83e60f369dda51ba20f,play,0.14517680086174545,0.8548231991382546,0.04569460390355913,0.8830466790089928,hybrid_rrf_pgvector
373,609d6407df275cd93005d127a2627ecb88a62f9e7f7472552754dd40b8430d77,'Code Style' preference page should have a single selection table,5,4548,95a436e705b0ff015b471c80859ee8b73460700936befb228429c145d796e4d5,play,0.14994232789847128,0.8500576721015287,0.045008912655971484,0.8775663229167581,hybrid_rrf_pgvector
374,9c7bd7d588b8ee32987bda4f097cd205bc03ccc0f8f8ed18e2f73c4a23868c57,GetViewportInfo does not read minimum-scale and maximum-scale correctly,1,3246,c9e7b0ee8439d0f222dd2b042dad3943f9e3897bef531b2aef38ed31dba4f973,play,0.054722618778261456,0.9452773812217385,0.046897546897546896,0.9870689884049993,hybrid_rrf_pgvector
374,9c7bd7d588b8ee32987bda4f097cd205bc03ccc0f8f8ed18e2f73c4a23868c57,GetViewportInfo does not read minimum-scale and maximum-scale correctly,2,5709,769800485fe11772c997a3a7ab56a7f921f8fae386689dc9d79b28ad9fcccb10,pausa,0.054722618778261456,0.9452773812217385,0.04814747488101534,0.9370689884049993,hybrid_rrf_pgvector
374,9c7bd7d588b8ee32987bda4f097cd205bc03ccc0f8f8ed18e2f73c4a23868c57,GetViewportInfo does not read minimum-scale and maximum-scale correctly,3,3979,a81cfb4061a1f185f2e2f92507a81d44ee3aca48e720a91bb662eef8ede088c1,stop,0.054722618778261456,0.9452773812217385,0.04722835723395651,0.9370689884049993,hybrid_rrf_pgvector
374,9c7bd7d588b8ee32987bda4f097cd205bc03ccc0f8f8ed18e2f73c4a23868c57,GetViewportInfo does not read minimum-scale and maximum-scale correctly,4,3153,059ab6dea22382ab5478d0654195f7ab9b16817d2cb8c3136c5b8ceb81a6eb23,pausa,0.054722618778261456,0.9452773812217385,0.0471386476426799,0.9370689884049993,hybrid_rrf_pgvector
374,9c7bd7d588b8ee32987bda4f097cd205bc03ccc0f8f8ed18e2f73c4a23868c57,GetViewportInfo does not read minimum-scale and maximum-scale correctly,5,1187,3be60dae25a3f3b56084c5cca1106b506219e1b9bead64e0d24d5245d6692ee2,pausa,0.08175869695005966,0.9182413030499403,0.04580520732883317,0.9059774985074314,hybrid_rrf_pgvector
375,f763cc899909632f1aaed4afeb5a9adb90969732a1ab952aaf46e8b0be38a4d4,Protocol layer performance overhead is too much in some cases,1,5856,735873e8c8077813adf1e506e3cddb27f50b165db3cf21956497fffd40ac955a,pausa,0.042410500909022986,0.957589499090977,0.04839549075403121,1.0012279239546236,hybrid_rrf_pgvector
375,f763cc899909632f1aaed4afeb5a9adb90969732a1ab952aaf46e8b0be38a4d4,Protocol layer performance overhead is too much in some cases,2,5756,966f7eb53846514196f9b176b3a8eb7263fb2c84a1fd01456ee0be2088f11ec2,pausa,0.042410500909022986,0.957589499090977,0.04814747488101534,1.0012279239546236,hybrid_rrf_pgvector
375,f763cc899909632f1aaed4afeb5a9adb90969732a1ab952aaf46e8b0be38a4d4,Protocol layer performance overhead is too much in some cases,3,3919,ded805ac1fb0e3402b27c33d9a7941349112d6dab37892b2e4adf8abadff98ea,pausa,0.0428635000586417,0.9571364999413583,0.047643442622950824,1.000706974932562,hybrid_rrf_pgvector
375,f763cc899909632f1aaed4afeb5a9adb90969732a1ab952aaf46e8b0be38a4d4,Protocol layer performance overhead is too much in some cases,4,3912,b7c885044c66929160fd8596a4bf4d402b2b27fda8f469abf09fbff5b0abf79e,stop,0.042410500909022986,0.957589499090977,0.04787506400409626,0.9512279239546235,hybrid_rrf_pgvector
375,f763cc899909632f1aaed4afeb5a9adb90969732a1ab952aaf46e8b0be38a4d4,Protocol layer performance overhead is too much in some cases,5,2016,9228671a450c123ca94ccc23ef93bf7ef00b3f7d709b60bdc680226b6bf16eb7,pausa,0.10257267074080789,0.8974273292591921,0.04569460390355913,0.9320414286480709,hybrid_rrf_pgvector
376,ef2fa44f9a72cca63bd36129cb38a4af248dabecb30b84e4ec484087c8d65344,[AccessFu] Add preference for enabling/disabling AccessFu,1,4961,ef9e506cb17b3824c735340702214976d19f1adb881cd71a0cbead61dd399fa0,pausa,0.09833755654795473,0.9016624434520453,0.04740957966764418,0.9369118099698521,hybrid_rrf_pgvector
376,ef2fa44f9a72cca63bd36129cb38a4af248dabecb30b84e4ec484087c8d65344,[AccessFu] Add preference for enabling/disabling AccessFu,2,4925,7564da71ed5ec8088767dc606889071ce2eef3f6be1686c0bf2fed70d594f30d,pausa,0.09833755654795473,0.9016624434520453,0.04529114263053263,0.9369118099698521,hybrid_rrf_pgvector
376,ef2fa44f9a72cca63bd36129cb38a4af248dabecb30b84e4ec484087c8d65344,[AccessFu] Add preference for enabling/disabling AccessFu,3,4276,8a841f74a10d5ab26a78afb2c1ebc9c899915092af8a1ae3469dd87b953917da,pausa,0.09833755654795473,0.9016624434520453,0.04480274214213215,0.9369118099698521,hybrid_rrf_pgvector
376,ef2fa44f9a72cca63bd36129cb38a4af248dabecb30b84e4ec484087c8d65344,[AccessFu] Add preference for enabling/disabling AccessFu,4,5401,a111a699ba8246f1291e7d0e5040ac711f95ffa9024997198a3e0e6ed71eb543,pausa,0.09833755654795473,0.9016624434520453,0.031099324975891997,0.9369118099698521,hybrid_rrf_pgvector
376,ef2fa44f9a72cca63bd36129cb38a4af248dabecb30b84e4ec484087c8d65344,[AccessFu] Add preference for enabling/disabling AccessFu,5,3454,076b0cbe0b6ffe098a1751a0d09e8c98ff8778f728739e3f1b39515e3c43a599,play,0.09833755654795473,0.9016624434520453,0.043916969772983816,0.8869118099698521,hybrid_rrf_pgvector
377,f6aa781710715c5965877e926671ea9aec3a3bb3a6b8ab3d57424472f81bb37d,"Intermittent Crash on sears.shoplocal.com, might be flash related",1,304,e9663377d1d7c4ce27e5db9793774aed6934110575c4c409166b7f52bb468331,stop,0.018424890478971778,0.9815751095210282,0.04918032786885246,1.0288113759491824,hybrid_rrf_pgvector
377,f6aa781710715c5965877e926671ea9aec3a3bb3a6b8ab3d57424472f81bb37d,"Intermittent Crash on sears.shoplocal.com, might be flash related",2,3943,de742bbf18a9defafc64c2d771615e19a53f3d4a83d400c9be4d45f20a05bab3,stop,0.036833747896198865,0.9631662521038011,0.04764267990074442,1.0076411899193713,hybrid_rrf_pgvector
377,f6aa781710715c5965877e926671ea9aec3a3bb3a6b8ab3d57424472f81bb37d,"Intermittent Crash on sears.shoplocal.com, might be flash related",3,3199,5c0a39bda469e5342d9813008e38d5991b7cc13336623bf626ddd799514f9100,stop,0.036833747896198865,0.9631662521038011,0.046897546897546896,1.0076411899193713,hybrid_rrf_pgvector
377,f6aa781710715c5965877e926671ea9aec3a3bb3a6b8ab3d57424472f81bb37d,"Intermittent Crash on sears.shoplocal.com, might be flash related",4,602,637ef5727fc10d83ac8ea0fb45e52912671fabd642b534a4b8332f039ed8fd6d,stop,0.08815948975403776,0.9118405102459622,0.04664224664224664,0.9486165867828567,hybrid_rrf_pgvector
377,f6aa781710715c5965877e926671ea9aec3a3bb3a6b8ab3d57424472f81bb37d,"Intermittent Crash on sears.shoplocal.com, might be flash related",5,389,320d3a3e62602aecbf714deeb65f25144fc50e974067ae2c8465aedde7f179e4,stop,0.09200591188735907,0.9079940881126409,0.04456964190903192,0.9441932013295371,hybrid_rrf_pgvector
378,7379519e44871e579712c7da6f6115a1ebb62545b6c12ec4f44ccc51626b0af3,move content/base/test/*.xul to mochitest-chrome,1,5780,9cb1101663c6229e54601760f6e4f8daf88742f028846776341526828330df34,pausa,0.06806677361668645,0.9319332263833136,0.03278688524590164,0.9717232103408107,hybrid_rrf_pgvector
378,7379519e44871e579712c7da6f6115a1ebb62545b6c12ec4f44ccc51626b0af3,move content/base/test/*.xul to mochitest-chrome,2,2340,ecd467367bea8af041bae2ac9f4f34db9069c1a55cc48f59603becd636eff83f,pausa,0.06806677361668645,0.9319332263833136,0.031024531024531024,0.9717232103408107,hybrid_rrf_pgvector
378,7379519e44871e579712c7da6f6115a1ebb62545b6c12ec4f44ccc51626b0af3,move content/base/test/*.xul to mochitest-chrome,3,5516,96456ed2295b4b98255624590c7f8a56e3a39880259eadf80cf68ebcf524ce87,pausa,0.06806677361668645,0.9319332263833136,0.030834914611005692,0.9717232103408107,hybrid_rrf_pgvector
378,7379519e44871e579712c7da6f6115a1ebb62545b6c12ec4f44ccc51626b0af3,move content/base/test/*.xul to mochitest-chrome,4,2813,c28e79a53c781c1a55b2fdd22d0f6afe331912bf3a3e78921975a27d5433442b,stop,0.06806677361668645,0.9319332263833136,0.0315136476426799,0.9217232103408106,hybrid_rrf_pgvector
378,7379519e44871e579712c7da6f6115a1ebb62545b6c12ec4f44ccc51626b0af3,move content/base/test/*.xul to mochitest-chrome,5,3807,67c37b5a9bc1b36bf10da497aedcfd1a3456ee598159d30e446afb18de48c73a,play,0.06806677361668645,0.9319332263833136,0.031009615384615385,0.9217232103408106,hybrid_rrf_pgvector
379,32e2ea892070d812d290162e0566d153dff3c1d842abe5e7a2c506d1ae03472f,split OTS out of libxul on Windows to relieve pressure on the linker,1,4424,5868ced002e40e2eca3b5530db885a442601f1153ea74c85f090e42ca287b901,pausa,-2.220446049250313e-16,1.0000000000000002,0.048131080389144903,1.0500000000000003,hybrid_rrf_pgvector
379,32e2ea892070d812d290162e0566d153dff3c1d842abe5e7a2c506d1ae03472f,split OTS out of libxul on Windows to relieve pressure on the linker,2,5850,b0f880a6769990e02bc039fc80e382b0ec8b998f0fbfafba753fb595d57c03c8,pausa,-2.220446049250313e-16,1.0000000000000002,0.047492767598842814,1.0500000000000003,hybrid_rrf_pgvector
379,32e2ea892070d812d290162e0566d153dff3c1d842abe5e7a2c506d1ae03472f,split OTS out of libxul on Windows to relieve pressure on the linker,3,4087,6865fbedda87102f16f3f72eae15ab35951cee80b594a7f3f2918a52c98f84de,pausa,-2.220446049250313e-16,1.0000000000000002,0.046897546897546896,1.0500000000000003,hybrid_rrf_pgvector
379,32e2ea892070d812d290162e0566d153dff3c1d842abe5e7a2c506d1ae03472f,split OTS out of libxul on Windows to relieve pressure on the linker,4,3496,a618c5abf6a11a0ed2d42c4b670a1183635662cb9ed4ca812d02634bfbdf60b1,pausa,-2.220446049250313e-16,1.0000000000000002,0.046634615384615385,1.0500000000000003,hybrid_rrf_pgvector
379,32e2ea892070d812d290162e0566d153dff3c1d842abe5e7a2c506d1ae03472f,split OTS out of libxul on Windows to relieve pressure on the linker,5,1377,45a0dd906a05cde0e0c918fe3487b4ea26258e67f67116393387419ce76259d2,stop,-2.220446049250313e-16,1.0000000000000002,0.04666516279419505,1.0000000000000002,hybrid_rrf_pgvector
380,fe0a7feefe2198d4e5c02651536e6848beab8f4359bb528e134c58023aca77a8,Fallback to --with-system-libevent=/usr when system libevent doesn't have a pkgconfig file,1,5185,54b88dbab44b96a504d20f90a13fde63268596d15f5d67b14db8984bab52ce1f,play,-4.440892098500626e-16,1.0000000000000004,0.04918032786885246,1.0500000000000005,hybrid_rrf_pgvector
380,fe0a7feefe2198d4e5c02651536e6848beab8f4359bb528e134c58023aca77a8,Fallback to --with-system-libevent=/usr when system libevent doesn't have a pkgconfig file,2,4239,5e50a9c2131a428c7dbe16a78d1b4799aa9040d4bb629ae694e0d075334902de,play,0.02425964282680837,0.9757403571731916,0.04788306451612903,1.0221014107491704,hybrid_rrf_pgvector
380,fe0a7feefe2198d4e5c02651536e6848beab8f4359bb528e134c58023aca77a8,Fallback to --with-system-libevent=/usr when system libevent doesn't have a pkgconfig file,3,5009,a170a129bd9c7dd369292ee53156ba20fe85b16a0fc862a04509b804776e2084,pausa,0.09973341961890769,0.9002665803810923,0.031746031746031744,0.8853065674382562,hybrid_rrf_pgvector
380,fe0a7feefe2198d4e5c02651536e6848beab8f4359bb528e134c58023aca77a8,Fallback to --with-system-libevent=/usr when system libevent doesn't have a pkgconfig file,4,3539,d05e95d77ad520e094cf6635fccd2f1eb72ecb6aedd72f0ed47b3e2897135610,play,0.16429516510684417,0.8357048348931558,0.04500226142017187,0.8610605601271293,hybrid_rrf_pgvector
380,fe0a7feefe2198d4e5c02651536e6848beab8f4359bb528e134c58023aca77a8,Fallback to --with-system-libevent=/usr when system libevent doesn't have a pkgconfig file,5,2826,6079b65d18be2453a2db61d730bd2824157b1629c48b527102086c517d021e61,pausa,0.14784533831894342,0.8521546616810566,0.03125,0.829977860933215,hybrid_rrf_pgvector
381,a0bb2db0dc3aa77e8d0912dd285c74695aebd17e57321d4abe273dcb039c8105,Use file buffers in Java element Compare,1,4561,c94f5acd81705bab9b2a78aa2ada958422e2d0e1802e83e06d14be4af3b97240,play,0.2560989270258014,0.7439010729741986,0.03278688524590164,0.7554862339203284,hybrid_rrf_pgvector
381,a0bb2db0dc3aa77e8d0912dd285c74695aebd17e57321d4abe273dcb039c8105,Use file buffers in Java element Compare,2,4560,37196758b654e3041c53ab9d371bc737c80ca517b4a650a51ea3cab5a3e32aac,pausa,0.2581793631023124,0.7418206368976876,0.03225806451612903,0.7030937324323407,hybrid_rrf_pgvector
381,a0bb2db0dc3aa77e8d0912dd285c74695aebd17e57321d4abe273dcb039c8105,Use file buffers in Java element Compare,3,340,b7d49c9541f22596e0c6fb445b9215a0d933e3932284292e66a0fad09cc85510,play,0.31789193238137003,0.68210806761863,0.031746031746031744,0.6844242777614244,hybrid_rrf_pgvector
381,a0bb2db0dc3aa77e8d0912dd285c74695aebd17e57321d4abe273dcb039c8105,Use file buffers in Java element Compare,4,2223,b91a6065c7a031e8c9cb7768ba90abd744ef57ceeae449bce78c95ea9e6958f9,play,0.3365609793253411,0.6634390206746589,0.03125,0.6629548737758577,hybrid_rrf_pgvector
381,a0bb2db0dc3aa77e8d0912dd285c74695aebd17e57321d4abe273dcb039c8105,Use file buffers in Java element Compare,5,5829,6e9884993fb61f16eb43ea168e41c8e028264f9d61064c45358e3545367623a4,play,0.36582063706502566,0.6341793629349743,0.03076923076923077,0.6293062673752206,hybrid_rrf_pgvector
382,17dd0fc9ccbd6971138ccd0403c1fc1222aee1faa8da99765ac345c18769ed4c,[Model Sync] Compare editor doesn't save,1,5045,6b838916ac1fd284de6061c7f8cb7bc8470ed649c3b70962d94244e9d1e9edb9,pausa,0.07240235734818556,0.9275976426518144,0.03278688524590164,0.9167372890495866,hybrid_rrf_pgvector
382,17dd0fc9ccbd6971138ccd0403c1fc1222aee1faa8da99765ac345c18769ed4c,[Model Sync] Compare editor doesn't save,2,1407,792411c5daf79f30cbfd1ab3ea9f00051b8b44e9406b7b1fa2206bc515171035,play,0.1401260251073071,0.8598739748926929,0.047619047619047616,0.8888550711265969,hybrid_rrf_pgvector
382,17dd0fc9ccbd6971138ccd0403c1fc1222aee1faa8da99765ac345c18769ed4c,[Model Sync] Compare editor doesn't save,3,3327,2b17ddc63ef39f151036e6bb393e2b92dea20e33c1e2c4192ec9848fdb127fb1,stop,0.12591153258872656,0.8740884674112734,0.04838709677419355,0.8552017375229645,hybrid_rrf_pgvector
382,17dd0fc9ccbd6971138ccd0403c1fc1222aee1faa8da99765ac345c18769ed4c,[Model Sync] Compare editor doesn't save,4,1463,9dfeeb0dccd95fcc678283c642ef22d2068f3a8999596a44e652fc9731dbde67,pausa,0.16776737091951177,0.8322326290804882,0.031009615384615385,0.8070675234425615,hybrid_rrf_pgvector
382,17dd0fc9ccbd6971138ccd0403c1fc1222aee1faa8da99765ac345c18769ed4c,[Model Sync] Compare editor doesn't save,5,791,9b74efcb7121f77dbfc227b8927ec740210679c8b9cca4594718c25f25e6f866,pausa,0.18119025547126355,0.8188097445287364,0.04500226142017187,0.791631206208047,hybrid_rrf_pgvector
383,1fb08f21f595dfc27baf57eff8eaed1794ee2c832f4d70bd33f36ac13fe2982e,UWinnipeg (theory PPM repo) instructions are not necessary with recent ActiveState releases,1,0,737a8c586e01a3db3f0e7f8cdf0146c83a33197e8d2e8f1ab813f7fbb5ddbbae,play,1.0,0.0,0.03278688524590164,-0.09999999999999999,hybrid_rrf_pgvector
383,1fb08f21f595dfc27baf57eff8eaed1794ee2c832f4d70bd33f36ac13fe2982e,UWinnipeg (theory PPM repo) instructions are not necessary with recent ActiveState releases,2,2,50f50c77354314a73686fd77a1e2c3b3b4b8a48d5bbfdc5391409e149234c098,play,1.0,0.0,0.031746031746031744,-0.09999999999999999,hybrid_rrf_pgvector
383,1fb08f21f595dfc27baf57eff8eaed1794ee2c832f4d70bd33f36ac13fe2982e,UWinnipeg (theory PPM repo) instructions are not necessary with recent ActiveState releases,3,1,7175846e309b39507fa4c4cfa3ee674c5626208653c00dcf439122eea5f9aec0,pausa,1.0,0.0,0.03225806451612903,-0.15,hybrid_rrf_pgvector
383,1fb08f21f595dfc27baf57eff8eaed1794ee2c832f4d70bd33f36ac13fe2982e,UWinnipeg (theory PPM repo) instructions are not necessary with recent ActiveState releases,4,3,08db3dc49103c8ccfff8b8dd59d2b8fa79ebca6f181aec85d18c2d9e440dc33f,pausa,1.0,0.0,0.03125,-0.15,hybrid_rrf_pgvector
383,1fb08f21f595dfc27baf57eff8eaed1794ee2c832f4d70bd33f36ac13fe2982e,UWinnipeg (theory PPM repo) instructions are not necessary with recent ActiveState releases,5,4,c020e3e61c72b8025cbdaa2c813ae36f00080d2900b13a19128931d6d15dd411,stop,1.0,0.0,0.03076923076923077,-0.15,hybrid_rrf_pgvector
384,b057a491638bfa53039cb448901d376d0fe9a5c20f42969bae05345bd0b2ce57,Reopening bug: [Workbench] Main toolbar missing when starting new workspace,1,1277,7c9122faf996f2dfaa3a32d9eb93b38c40913ed17e92331b99bd0ff90c79fda4,stop,0.1814943754987468,0.8185056245012532,0.0479384003974168,0.8412814681764412,hybrid_rrf_pgvector
384,b057a491638bfa53039cb448901d376d0fe9a5c20f42969bae05345bd0b2ce57,Reopening bug: [Workbench] Main toolbar missing when starting new workspace,2,245,91557652fdda48c5c3eccb5945eacabfe596e741960ebeb4def4d326dea973f2,stop,0.1863527369940764,0.8136472630059236,0.03225806451612903,0.8356943524568122,hybrid_rrf_pgvector
384,b057a491638bfa53039cb448901d376d0fe9a5c20f42969bae05345bd0b2ce57,Reopening bug: [Workbench] Main toolbar missing when starting new workspace,3,1240,62ca712a499c9f00f55ed4e4115dfabce1016f7151b62b25a32360e32d8573fc,pausa,0.20387451901054376,0.7961254809894562,0.04813947436898257,0.7655443031378747,hybrid_rrf_pgvector
384,b057a491638bfa53039cb448901d376d0fe9a5c20f42969bae05345bd0b2ce57,Reopening bug: [Workbench] Main toolbar missing when starting new workspace,4,384,9d7df22252d7ceb58a6bb6f8de5060cdae25735d58c645be89d86fd1bfab2291,play,0.2090156849241348,0.7909843150758652,0.047379032258064516,0.759631962337245,hybrid_rrf_pgvector
384,b057a491638bfa53039cb448901d376d0fe9a5c20f42969bae05345bd0b2ce57,Reopening bug: [Workbench] Main toolbar missing when starting new workspace,5,4810,739d8382c59fc7efa7eba49973f311379ee2d404c94a4573ffe7c7cc695fc92c,play,0.2532977132572125,0.7467022867427875,0.04568764568764569,0.7087076297542056,hybrid_rrf_pgvector
385,430367494f2aa265face86db19775a6601870a9d7f25a769e718ed8e5b92768b,Speed up nsXULDocument's id handling...,1,5170,6a28304938086b5e1d72254c6a872a502a71ca142412213c99566da29f074bd1,play,0.08782826646212749,0.9121717335378725,0.04813947436898257,0.9489974935685535,hybrid_rrf_pgvector
385,430367494f2aa265face86db19775a6601870a9d7f25a769e718ed8e5b92768b,Speed up nsXULDocument's id handling...,2,1284,767a7ae7c59aa3e7c898c6001a6ebe7dbc19d05b901c6433e840393bbc898610,pausa,0.06197588218736261,0.9380241178126374,0.048915917503966164,0.928727735484533,hybrid_rrf_pgvector
385,430367494f2aa265face86db19775a6601870a9d7f25a769e718ed8e5b92768b,Speed up nsXULDocument's id handling...,3,273,940b141131955be7df25bf82d87bf390e70dba60abcda3c242b994a843700aec,stop,0.06197588218736261,0.9380241178126374,0.048131080389144903,0.928727735484533,hybrid_rrf_pgvector
385,430367494f2aa265face86db19775a6601870a9d7f25a769e718ed8e5b92768b,Speed up nsXULDocument's id handling...,4,3042,9f20a401c7dbadae5c8b25a1f38d96b118fd4e2b603273ec3ebdfe335a83e336,pausa,0.11256078908533507,0.8874392109146649,0.03125,0.8705550925518647,hybrid_rrf_pgvector
385,430367494f2aa265face86db19775a6601870a9d7f25a769e718ed8e5b92768b,Speed up nsXULDocument's id handling...,5,2516,0e34f354a9f2eb67525fecd4c4f9fde8830830137116459abf7839b29f013cda,pausa,0.14402294977564356,0.8559770502243564,0.04639423076923077,0.83437360775801,hybrid_rrf_pgvector
386,9e3a429a3947cd76dd4182c2ad5f0a3c5960b297cbf4609168e0439d079e8e70,eMetric_TouchEnabled should be true on maemo/qt,1,4154,cc9b09ea0ae31fa797cb75a8d9f38d710bf2cf1ca847ece17c319fd276817c27,play,0.06847196334315697,0.931528036656843,0.048131080389144903,0.9712572421553696,hybrid_rrf_pgvector
386,9e3a429a3947cd76dd4182c2ad5f0a3c5960b297cbf4609168e0439d079e8e70,eMetric_TouchEnabled should be true on maemo/qt,2,2284,91c245e24859e9e2fded7096137755e5b79ca95c23d0e50ab1f49a9602dfe378,play,0.06847196334315697,0.931528036656843,0.04787506400409626,0.9712572421553696,hybrid_rrf_pgvector
386,9e3a429a3947cd76dd4182c2ad5f0a3c5960b297cbf4609168e0439d079e8e70,eMetric_TouchEnabled should be true on maemo/qt,3,5963,c00aafefbc6c1119b30b61db05f631930cf4377f1718b9453c9b59db43071a1e,pausa,0.06523895879036612,0.9347610412096339,0.04918032786885246,0.9249751973910789,hybrid_rrf_pgvector
386,9e3a429a3947cd76dd4182c2ad5f0a3c5960b297cbf4609168e0439d079e8e70,eMetric_TouchEnabled should be true on maemo/qt,4,3822,91f0ef504cead9a91eab45c3bb5129448278c0765066bc42a337794fecb09662,pausa,0.19905415878614674,0.8009458412138533,0.045535714285714284,0.7710877173959313,hybrid_rrf_pgvector
386,9e3a429a3947cd76dd4182c2ad5f0a3c5960b297cbf4609168e0439d079e8e70,eMetric_TouchEnabled should be true on maemo/qt,5,4941,95a2d9b154deef0847496054a886ba77e1759bc2247ef8bb51781b4aa4e9ff9d,stop,0.2837956109570161,0.7162043890429839,0.030536130536130537,0.6736350473994315,hybrid_rrf_pgvector
387,ad226cfa9f56b8607eceeef2ffb78a5162d5ca2a8cc3ac6d96a2f4ab5ab5c7d7,Crash [@ nsCanvasFrame::SetHasFocus] trying to focus frameset,1,1352,9fc22d288ea2a36e21d6a6782fcfb7e2137eccc929ecdf60593d5e325f0eb951,stop,0.07764605597379326,0.9223539440262067,0.032018442622950824,0.9607070356301378,hybrid_rrf_pgvector
387,ad226cfa9f56b8607eceeef2ffb78a5162d5ca2a8cc3ac6d96a2f4ab5ab5c7d7,Crash [@ nsCanvasFrame::SetHasFocus] trying to focus frameset,2,3753,bf21800fd1be4485bbe8ebcd133c59a611823c96ad5783f227149be6e9ecfc75,stop,0.09129996328711132,0.9087000367128887,0.0304147465437788,0.9450050422198221,hybrid_rrf_pgvector
387,ad226cfa9f56b8607eceeef2ffb78a5162d5ca2a8cc3ac6d96a2f4ab5ab5c7d7,Crash [@ nsCanvasFrame::SetHasFocus] trying to focus frameset,3,2899,51489c44490d0a008a893bab7c291edc3c220333cb3a3c90f93989f54ddeddff,stop,0.11945329123011073,0.8805467087698893,0.03177805800756621,0.9126287150853727,hybrid_rrf_pgvector
387,ad226cfa9f56b8607eceeef2ffb78a5162d5ca2a8cc3ac6d96a2f4ab5ab5c7d7,Crash [@ nsCanvasFrame::SetHasFocus] trying to focus frameset,4,1741,d7e16119777041ff1fc28709ad6c1d94d2e526e7f2ed51ae809d9eef911e8817,stop,0.11945329123011073,0.8805467087698893,0.03149801587301587,0.9126287150853727,hybrid_rrf_pgvector
387,ad226cfa9f56b8607eceeef2ffb78a5162d5ca2a8cc3ac6d96a2f4ab5ab5c7d7,Crash [@ nsCanvasFrame::SetHasFocus] trying to focus frameset,5,2020,d3bb540cf7db121f95d0bcb5d5db81b4b3609d90a4d6ee2a983f7a83146efc26,stop,0.11945329123011073,0.8805467087698893,0.03128054740957967,0.9126287150853727,hybrid_rrf_pgvector
388,07d2657af9d50a0faef11ca987b29db44c13b0352ac12dd4b149ca649862c1f8,nsCSSFrameConstructor::ContentAppended seems inefficient at determining insertion,1,0,737a8c586e01a3db3f0e7f8cdf0146c83a33197e8d2e8f1ab813f7fbb5ddbbae,play,1.0,0.0,0.03278688524590164,-0.09999999999999999,hybrid_rrf_pgvector
388,07d2657af9d50a0faef11ca987b29db44c13b0352ac12dd4b149ca649862c1f8,nsCSSFrameConstructor::ContentAppended seems inefficient at determining insertion,2,2,50f50c77354314a73686fd77a1e2c3b3b4b8a48d5bbfdc5391409e149234c098,play,1.0,0.0,0.031746031746031744,-0.09999999999999999,hybrid_rrf_pgvector
388,07d2657af9d50a0faef11ca987b29db44c13b0352ac12dd4b149ca649862c1f8,nsCSSFrameConstructor::ContentAppended seems inefficient at determining insertion,3,1,7175846e309b39507fa4c4cfa3ee674c5626208653c00dcf439122eea5f9aec0,pausa,1.0,0.0,0.03225806451612903,-0.15,hybrid_rrf_pgvector
388,07d2657af9d50a0faef11ca987b29db44c13b0352ac12dd4b149ca649862c1f8,nsCSSFrameConstructor::ContentAppended seems inefficient at determining insertion,4,3,08db3dc49103c8ccfff8b8dd59d2b8fa79ebca6f181aec85d18c2d9e440dc33f,pausa,1.0,0.0,0.03125,-0.15,hybrid_rrf_pgvector
388,07d2657af9d50a0faef11ca987b29db44c13b0352ac12dd4b149ca649862c1f8,nsCSSFrameConstructor::ContentAppended seems inefficient at determining insertion,5,4,c020e3e61c72b8025cbdaa2c813ae36f00080d2900b13a19128931d6d15dd411,stop,1.0,0.0,0.03076923076923077,-0.15,hybrid_rrf_pgvector
389,f65722bc3f67670f4162c1130226e2fd66d0484ac988bff4212fd8b17d7fb6a5,Enumerate style sets to add to about:memory,1,3987,915c19f32078414f9fc1da13f77a76bcdd693e2282310a3a73d911d825b8dbe5,pausa,0.030445370701114527,0.9695546292988855,0.03278688524590164,1.0149878236937182,hybrid_rrf_pgvector
389,f65722bc3f67670f4162c1130226e2fd66d0484ac988bff4212fd8b17d7fb6a5,Enumerate style sets to add to about:memory,2,1842,03c90e2b54313f9152722ff398a60f2cc272865771059886d1fd5afc3e5156f9,pausa,0.03625600530074147,0.9637439946992585,0.031009615384615385,1.0083055939041472,hybrid_rrf_pgvector
389,f65722bc3f67670f4162c1130226e2fd66d0484ac988bff4212fd8b17d7fb6a5,Enumerate style sets to add to about:memory,3,56,6672fbac5f56aff53313a575f654acfe7210dd3138aa15044a3770adf5327f06,pausa,0.03625600530074147,0.9637439946992585,0.0304147465437788,1.0083055939041472,hybrid_rrf_pgvector
389,f65722bc3f67670f4162c1130226e2fd66d0484ac988bff4212fd8b17d7fb6a5,Enumerate style sets to add to about:memory,4,2673,db4f4b38c4de20ac20b0567923c2d4800f944b0091fff77c5dd6c943bff5c4f5,pausa,0.03625600530074147,0.9637439946992585,0.03036576949620428,1.0083055939041472,hybrid_rrf_pgvector
389,f65722bc3f67670f4162c1130226e2fd66d0484ac988bff4212fd8b17d7fb6a5,Enumerate style sets to add to about:memory,5,1815,d5994c22979e1c9120282c445ca93bc11fd343ff88ef717284d66d41a36057ab,pausa,0.03625600530074147,0.9637439946992585,0.030309988518943745,1.0083055939041472,hybrid_rrf_pgvector
390,7779c8b9854766029e0490d846487ff2bf204d8015f67966f8995b249c030999,Notification bars on OS X should not draw a focus ring on buttons,1,4185,45aca2877b77fac31651e28edab0d8bc533e28a9fae8d76186b7412bc3013ae4,play,0.07221602205815747,0.9277839779418425,0.048131080389144903,0.966951574633119,hybrid_rrf_pgvector
390,7779c8b9854766029e0490d846487ff2bf204d8015f67966f8995b249c030999,Notification bars on OS X should not draw a focus ring on buttons,2,2408,30de2e66214a025774479ecdcbfc4fc39bb3c69d22659090c9ec9bc4e876b0f0,pausa,0.036097814551533935,0.9639021854484661,0.04918032786885246,0.958487513265736,hybrid_rrf_pgvector
390,7779c8b9854766029e0490d846487ff2bf204d8015f67966f8995b249c030999,Notification bars on OS X should not draw a focus ring on buttons,3,2577,63ed1030437a62a8f7d93517309ab4559e7bfab58cdbcfca0e0965a97335da5c,pausa,0.07221602205815747,0.9277839779418425,0.04712301587301587,0.9169515746331189,hybrid_rrf_pgvector
390,7779c8b9854766029e0490d846487ff2bf204d8015f67966f8995b249c030999,Notification bars on OS X should not draw a focus ring on buttons,4,1397,0dd43faf918bb47a2a9c9caddcbd283084e98f2d885d90c073bbbe897b5fce38,stop,0.07221602205815747,0.9277839779418425,0.04688263125763126,0.9169515746331189,hybrid_rrf_pgvector
390,7779c8b9854766029e0490d846487ff2bf204d8015f67966f8995b249c030999,Notification bars on OS X should not draw a focus ring on buttons,5,178,75c8fc40c3345d65d0a9ebcd7f632fb0e19d498177fde8165fc8d2e2c86a9e72,pausa,0.07221602205815747,0.9277839779418425,0.04592074592074592,0.9169515746331189,hybrid_rrf_pgvector
391,dc0e31e3408c4fc6d42d97ae0b2db33a63b5dfce584be718d6e6d3045383fd21,"remove JSRuntime::(rtLock, state)",1,3870,b00c65f61178123c364e7cb666c846835ace76e5e868850b4fbfcd1cf5481659,play,0.08640256819213676,0.9135974318078632,0.03278688524590164,0.9506370465790428,hybrid_rrf_pgvector
391,dc0e31e3408c4fc6d42d97ae0b2db33a63b5dfce584be718d6e6d3045383fd21,"remove JSRuntime::(rtLock, state)",2,5914,5a60ff2c1e3aafa7c9af0426630585a3139f0e0ef9a0109cc3e84fff91cc58cc,play,0.13212721419666895,0.867872785803331,0.030834914611005692,0.8980537036738307,hybrid_rrf_pgvector
391,dc0e31e3408c4fc6d42d97ae0b2db33a63b5dfce584be718d6e6d3045383fd21,"remove JSRuntime::(rtLock, state)",3,4876,045225a9aab65acf1253519bcb075202e6a30271fdbf39cd11cd3ecfaa229ef1,play,0.13212721419666895,0.867872785803331,0.02877846790890269,0.8980537036738307,hybrid_rrf_pgvector
391,dc0e31e3408c4fc6d42d97ae0b2db33a63b5dfce584be718d6e6d3045383fd21,"remove JSRuntime::(rtLock, state)",4,5246,90c3dbc034287f3df0d1081de7a1d206cc7da2aceb523dc24da5a51d4d46d1c3,pausa,0.13212721419666895,0.867872785803331,0.03007688828584351,0.8480537036738307,hybrid_rrf_pgvector
391,dc0e31e3408c4fc6d42d97ae0b2db33a63b5dfce584be718d6e6d3045383fd21,"remove JSRuntime::(rtLock, state)",5,4916,c5bb5e11a84b9355b66be05411a7586c6d36532cf2d7843880a6ae3e18f7b003,pausa,0.3534599832361842,0.6465400167638158,0.01639344262295082,0.5935210192783882,hybrid_rrf_pgvector
392,ab50225667da344efa91077b60154d93f754ee4d80eebda11a1b673d10c871b7,Crash [@ JSObject::isNative] or [@ BindLet],1,4474,7aff7b08cf4ec14680e5c7d813c2d47515b9f3080a495a3c5698d6e18d19b3e2,stop,1.1102230246251565e-16,0.9999999999999999,0.03125,1.0499999999999998,hybrid_rrf_pgvector
392,ab50225667da344efa91077b60154d93f754ee4d80eebda11a1b673d10c871b7,Crash [@ JSObject::isNative] or [@ BindLet],2,4495,d641dd1b95fe23500981178e0b7283359ebff7fdc09e832a666008afb7a5d959,stop,1.1102230246251565e-16,0.9999999999999999,0.03076923076923077,1.0499999999999998,hybrid_rrf_pgvector
392,ab50225667da344efa91077b60154d93f754ee4d80eebda11a1b673d10c871b7,Crash [@ JSObject::isNative] or [@ BindLet],3,2859,57eef7c17ee51f9b17233a62cf7081ff50600657802a36ed47745858161a5dd5,stop,1.1102230246251565e-16,0.9999999999999999,0.01639344262295082,1.0499999999999998,hybrid_rrf_pgvector
392,ab50225667da344efa91077b60154d93f754ee4d80eebda11a1b673d10c871b7,Crash [@ JSObject::isNative] or [@ BindLet],4,5557,60a2aab5c27d8c64bf97eea72f29a22e6aac0791f2ba6b2a5d8c1787c9f15121,stop,1.1102230246251565e-16,0.9999999999999999,0.01639344262295082,1.0499999999999998,hybrid_rrf_pgvector
392,ab50225667da344efa91077b60154d93f754ee4d80eebda11a1b673d10c871b7,Crash [@ JSObject::isNative] or [@ BindLet],5,2431,6773ba3dd911c717000baf0aec6b2c7d6c540acf4c2d78aa437723cfad40ba90,stop,1.1102230246251565e-16,0.9999999999999999,0.01639344262295082,1.0499999999999998,hybrid_rrf_pgvector
393,37d1d017e48e6e97d120b7d0ecd79caeff02111d9f5d236c0a80c9a2ca374c64,Large back button shouldn't be hovered when it also open,1,4864,debb20db4af79ccf80e92f6afeb80ca42d0b7fe65df50b939b5e7e3a9bc55aae,play,0.13729026712135495,0.862709732878645,0.04642338900734423,0.8921161928104419,hybrid_rrf_pgvector
393,37d1d017e48e6e97d120b7d0ecd79caeff02111d9f5d236c0a80c9a2ca374c64,Large back button shouldn't be hovered when it also open,2,4836,79d002669bc78f6dd663333c31645818f2cbd7cc1121916d09ca1b11a9a403b9,play,0.13729026712135495,0.862709732878645,0.04616113053613054,0.8921161928104419,hybrid_rrf_pgvector
393,37d1d017e48e6e97d120b7d0ecd79caeff02111d9f5d236c0a80c9a2ca374c64,Large back button shouldn't be hovered when it also open,3,4301,9d6f8aacdffa27adedc33ff64b37fa30f028222865b9585dd2912b40ef4877f5,play,0.13729026712135495,0.862709732878645,0.04456964190903192,0.8921161928104419,hybrid_rrf_pgvector
393,37d1d017e48e6e97d120b7d0ecd79caeff02111d9f5d236c0a80c9a2ca374c64,Large back button shouldn't be hovered when it also open,4,4931,507de1105af8ea9a07012270c44b018d8296eca298ed7149a4480197c8abe635,pausa,0.13729026712135495,0.862709732878645,0.04738666351569577,0.8421161928104418,hybrid_rrf_pgvector
393,37d1d017e48e6e97d120b7d0ecd79caeff02111d9f5d236c0a80c9a2ca374c64,Large back button shouldn't be hovered when it also open,5,2338,4ce275dbb897ab6fe2f4f4c451110fc85ecdf748fc4b16b0a5b86ebf958d717a,pausa,0.13729026712135495,0.862709732878645,0.04444444444444444,0.8421161928104418,hybrid_rrf_pgvector
394,02528b69308c856a27976ae4247701a355d2722d10fd2e159869356dc5d958b5,[spell checking] Add help doc for the 'Spelling' preference page,1,2821,955f4a0d230e9b6e87b8a0ececa9928b5f8a7b818ef91cd28dc5428d2b58433b,play,0.03962367261409305,0.960376327385907,0.04865990111891752,1.004432776493793,hybrid_rrf_pgvector
394,02528b69308c856a27976ae4247701a355d2722d10fd2e159869356dc5d958b5,[spell checking] Add help doc for the 'Spelling' preference page,2,4945,b3147a9b89b0f5ab8f547a02eb785522c07058313edab1955941847751c79117,play,0.12046342210639072,0.8795365778936093,0.04740305800756621,0.9114670645776507,hybrid_rrf_pgvector
394,02528b69308c856a27976ae4247701a355d2722d10fd2e159869356dc5d958b5,[spell checking] Add help doc for the 'Spelling' preference page,3,138,1804c0f92a431c8db8e441c4ec55bfc06bf020d91c7f06784cb02f738ed7fa52,play,0.12046342210639072,0.8795365778936093,0.0471386476426799,0.9114670645776507,hybrid_rrf_pgvector
394,02528b69308c856a27976ae4247701a355d2722d10fd2e159869356dc5d958b5,[spell checking] Add help doc for the 'Spelling' preference page,4,4548,95a436e705b0ff015b471c80859ee8b73460700936befb228429c145d796e4d5,play,0.15631146158482156,0.8436885384151784,0.045454545454545456,0.8702418191774552,hybrid_rrf_pgvector
394,02528b69308c856a27976ae4247701a355d2722d10fd2e159869356dc5d958b5,[spell checking] Add help doc for the 'Spelling' preference page,5,5147,b6ac57e1c95e0a47ae1e299a16c79aaf58bc6bbfd2b7b83e60f369dda51ba20f,play,0.18116169515182312,0.8188383048481769,0.045235361653272105,0.8416640505754035,hybrid_rrf_pgvector
395,d0d0476625b205100e5b3bcda5c2032dfc85a80bceea8dff3e5bd065e6a0a81a,nsStyleAnimation::Interpolate/Add/ComputeDistance need to not spam warnings for eStyleUnit_None,1,2428,993861585c6aac2d46b3d86854f5a5f297017dc3012abab302f5e09602ffb466,play,0.16303090623702188,0.8369690937629781,0.04838709677419355,0.8625144578274249,hybrid_rrf_pgvector
395,d0d0476625b205100e5b3bcda5c2032dfc85a80bceea8dff3e5bd065e6a0a81a,nsStyleAnimation::Interpolate/Add/ComputeDistance need to not spam warnings for eStyleUnit_None,2,4352,4c663152b1127766a4e4412a554ac6f6bf0a29074b96a81b1a6e3c9ee65af519,pausa,0.15256970260669112,0.8474302973933089,0.04918032786885246,0.8245448420023053,hybrid_rrf_pgvector
395,d0d0476625b205100e5b3bcda5c2032dfc85a80bceea8dff3e5bd065e6a0a81a,nsStyleAnimation::Interpolate/Add/ComputeDistance need to not spam warnings for eStyleUnit_None,3,3660,da3a269b94fbcc13ec34928d8cda5db552ee816ea8cf5865103834393e83807d,play,0.23193386321937193,0.7680661367806281,0.031024531024531024,0.7832760572977223,hybrid_rrf_pgvector
395,d0d0476625b205100e5b3bcda5c2032dfc85a80bceea8dff3e5bd065e6a0a81a,nsStyleAnimation::Interpolate/Add/ComputeDistance need to not spam warnings for eStyleUnit_None,4,4380,be8dff00b0d468b29d804886729be5b430163ad625b1b621d943c2f80005281a,pausa,0.23193386321937193,0.7680661367806281,0.031024531024531024,0.7332760572977223,hybrid_rrf_pgvector
395,d0d0476625b205100e5b3bcda5c2032dfc85a80bceea8dff3e5bd065e6a0a81a,nsStyleAnimation::Interpolate/Add/ComputeDistance need to not spam warnings for eStyleUnit_None,5,3841,382a078fa6a48b0868411991686521c8238cbb0ca7e549c350f9489529929e55,pausa,0.23193386321937193,0.7680661367806281,0.03076923076923077,0.7332760572977223,hybrid_rrf_pgvector
396,ca3dc08dc41c6c90877c73ec5a34eb4154d654e3334fe2a0a84862dee37142d8,Create new search and filter create dialogs don't work.,1,1791,b6a4d712ab7281eb687e201c383d3a439f5c3a8ea87f035a34e42c94e0b6d73f,play,0.19319253698716254,0.8068074630128375,0.04788306451612903,0.8278285824647631,hybrid_rrf_pgvector
396,ca3dc08dc41c6c90877c73ec5a34eb4154d654e3334fe2a0a84862dee37142d8,Create new search and filter create dialogs don't work.,2,3445,4eab9a0de70bbf16de798be0b0ac6e7e123f5cd215d45dd039bbb5898adf1492,play,0.19850187628973526,0.8014981237102647,0.047619047619047616,0.8217228422668045,hybrid_rrf_pgvector
396,ca3dc08dc41c6c90877c73ec5a34eb4154d654e3334fe2a0a84862dee37142d8,Create new search and filter create dialogs don't work.,3,5346,1c5a4933eb4b7fea1afb006be14a7cbf80cebfd3e0d8b4a31bae5da313e6ecc8,pausa,0.18640873769603516,0.8135912623039648,0.04918032786885246,0.7856299516495595,hybrid_rrf_pgvector
396,ca3dc08dc41c6c90877c73ec5a34eb4154d654e3334fe2a0a84862dee37142d8,Create new search and filter create dialogs don't work.,4,2608,8dc02b287620366380a4d99f6c438e4ad159fe4cd38a09e6b1ae4c2ac6e97e67,pausa,0.2953225668848254,0.7046774331151746,0.03055037313432836,0.6603790480824508,hybrid_rrf_pgvector
396,ca3dc08dc41c6c90877c73ec5a34eb4154d654e3334fe2a0a84862dee37142d8,Create new search and filter create dialogs don't work.,5,2684,71daae3a1d1afe9db69098435b09e7b42ec3c8ed1b7aaf4998ccc86d34388f20,pausa,0.2953225668848254,0.7046774331151746,0.030536130536130537,0.6603790480824508,hybrid_rrf_pgvector
397,03d5c68a78e51945763aa0e1f12b0421dac08a15fd39c37f9fbc52785a6436e4,Regression: Processing.js Performance Tests don't work,1,5346,1c5a4933eb4b7fea1afb006be14a7cbf80cebfd3e0d8b4a31bae5da313e6ecc8,pausa,0.1160119021176218,0.8839880978823782,0.04918032786885246,0.916586312564735,hybrid_rrf_pgvector
397,03d5c68a78e51945763aa0e1f12b0421dac08a15fd39c37f9fbc52785a6436e4,Regression: Processing.js Performance Tests don't work,2,3445,4eab9a0de70bbf16de798be0b0ac6e7e123f5cd215d45dd039bbb5898adf1492,play,0.11994783214206894,0.8800521678579311,0.048131080389144903,0.8620599930366207,hybrid_rrf_pgvector
397,03d5c68a78e51945763aa0e1f12b0421dac08a15fd39c37f9fbc52785a6436e4,Regression: Processing.js Performance Tests don't work,3,947,d55b6a6dd5f35e9174c2cc9c79ce71372c7a579ca94b40792cdfbbc5e78a0671,pausa,0.2262902041622391,0.7737097958377609,0.04787506400409626,0.7897662652134251,hybrid_rrf_pgvector
397,03d5c68a78e51945763aa0e1f12b0421dac08a15fd39c37f9fbc52785a6436e4,Regression: Processing.js Performance Tests don't work,4,3728,b9d90bff4c01229f2ce78fccf85c7ebf5fbf0fb58cc7b1b66c4a274906cbbb95,pausa,0.24245388344766994,0.7575461165523301,0.030330882352941176,0.7711780340351796,hybrid_rrf_pgvector
397,03d5c68a78e51945763aa0e1f12b0421dac08a15fd39c37f9fbc52785a6436e4,Regression: Processing.js Performance Tests don't work,5,1218,127985112df9f5e1bb2cc0aabb3ea16c6235c9291a5187bc4d2e8b869a1204a7,stop,0.24245388344766994,0.7575461165523301,0.02967032967032967,0.7211780340351795,hybrid_rrf_pgvector
398,e4ab9680e6ba1db96eea58a727f68b4781115d8598ebd80af4ebff84bc65d0fa,Location of new windows is incorrect; new windows open off screen,1,3109,72971e7ddfcbde9f9607470c67c261655bb498f0160c0124036a76731bad358d,play,0.17987151822450398,0.820128481775496,0.03278688524590164,0.8431477540418205,hybrid_rrf_pgvector
398,e4ab9680e6ba1db96eea58a727f68b4781115d8598ebd80af4ebff84bc65d0fa,Location of new windows is incorrect; new windows open off screen,2,1889,7cab8de49f8301ef22d936a566ebebe6b720a33808ea272974cd7364dd7f3ac6,stop,0.20490328260612567,0.7950967173938743,0.03225806451612903,0.7643612250029554,hybrid_rrf_pgvector
398,e4ab9680e6ba1db96eea58a727f68b4781115d8598ebd80af4ebff84bc65d0fa,Location of new windows is incorrect; new windows open off screen,3,4299,c6870b9ada7ec3f064f207a91a76439c26adf722115fe15ea877b129c2dc34c1,pausa,0.21931647945458832,0.7806835205454117,0.031746031746031744,0.7477860486272234,hybrid_rrf_pgvector
398,e4ab9680e6ba1db96eea58a727f68b4781115d8598ebd80af4ebff84bc65d0fa,Location of new windows is incorrect; new windows open off screen,4,4087,6865fbedda87102f16f3f72eae15ab35951cee80b594a7f3f2918a52c98f84de,pausa,0.2953549124213657,0.7046450875786343,0.04412400911045794,0.6603418507154295,hybrid_rrf_pgvector
398,e4ab9680e6ba1db96eea58a727f68b4781115d8598ebd80af4ebff84bc65d0fa,Location of new windows is incorrect; new windows open off screen,5,3496,a618c5abf6a11a0ed2d42c4b670a1183635662cb9ed4ca812d02634bfbdf60b1,pausa,0.2953549124213657,0.7046450875786343,0.04395604395604395,0.6603418507154295,hybrid_rrf_pgvector
399,22a8a59b64a1eb5fec172c3c74114bdb6fc31f0c8bd67bf0a01a84fb81d8ebe5,Intermittent jsreftest.html?test=js1_5/Regress/regress-68498-001.js | timed out waiting for reftest-wait to be removed (after onload fired),1,5049,ed97a19ed3ef7a4631883f1af2b0f84871cc7d48d02ed91c27a971ffe46edae3,pausa,0.05777751144126175,0.9422224885587382,0.04727963886909005,0.9835558618425491,hybrid_rrf_pgvector
399,22a8a59b64a1eb5fec172c3c74114bdb6fc31f0c8bd67bf0a01a84fb81d8ebe5,Intermittent jsreftest.html?test=js1_5/Regress/regress-68498-001.js | timed out waiting for reftest-wait to be removed (after onload fired),2,4363,8a28d849e0d0f0d8b75a7d4d996492b051962e8033d81f6941997910b0e2ecc0,pausa,0.06607616823775175,0.9339238317622482,0.048131080389144903,0.9740124065265855,hybrid_rrf_pgvector
399,22a8a59b64a1eb5fec172c3c74114bdb6fc31f0c8bd67bf0a01a84fb81d8ebe5,Intermittent jsreftest.html?test=js1_5/Regress/regress-68498-001.js | timed out waiting for reftest-wait to be removed (after onload fired),3,225,fefdf9dcc1b7f7b909808ff8311add794da958c5da560245d5abbd779f71b7a6,pausa,0.06987674865790994,0.9301232513420901,0.04787506400409626,0.9696417390434036,hybrid_rrf_pgvector
399,22a8a59b64a1eb5fec172c3c74114bdb6fc31f0c8bd67bf0a01a84fb81d8ebe5,Intermittent jsreftest.html?test=js1_5/Regress/regress-68498-001.js | timed out waiting for reftest-wait to be removed (after onload fired),4,5010,2cd497a12c85a314351d58eddcc7afa30de6a3acab08a9fa52394cfce9311fd7,pausa,0.07125693647425835,0.9287430635257417,0.03125,0.9680545230546029,hybrid_rrf_pgvector
399,22a8a59b64a1eb5fec172c3c74114bdb6fc31f0c8bd67bf0a01a84fb81d8ebe5,Intermittent jsreftest.html?test=js1_5/Regress/regress-68498-001.js | timed out waiting for reftest-wait to be removed (after onload fired),5,2936,38089756de755eb3befcfe4c180fa499bbfafcc8ce613d744bdff0ae72b8dea7,stop,0.10000633784478907,0.8999936621552109,0.045228403437358664,0.8849927114784926,hybrid_rrf_pgvector
