exp,holdout_f1_macro,holdout_accuracy,holdout_time_sec,gkf_f1_macro_mean,gkf_f1_macro_std,gkf_accuracy_mean,gkf_time_sec
baseline,1.0,1.0,0.014362400048412383,0.9865558204454224,0.016466145089319695,0.9866666666666667,0.09189479995984584
var1,1.0,1.0,0.023728300002403557,0.9899434318038969,0.0201131363922062,0.99,0.13386529998388141
var2,1.0,1.0,0.40200160001404583,1.0,0.0,1.0,1.4906318999128416
